EX_pi_e,EX_mn2_e,EX_fe2_e,EX_glc__D_e,EX_zn2_e,EX_mg2_e,EX_ca2_e,EX_ni2_e,EX_cu2_e,EX_cobalt2_e,EX_mobd_e,EX_so4_e,EX_nh4_e,EX_k_e,EX_na1_e,EX_cl_e,EX_o2_e,EX_arg__L_e,EX_asn__L_e,EX_gln__L_e,growth rate,cost,production rate,is pareto
18.043561563410453,0.001,0.1,5.023554109473114,0.001,4.241354237763582,5.351891449620116,0.001,0.001,0.0001,0.0005,4.22537900993046,7.381600746012382,11.173219100160534,25.71675291262516,12.303341098498917,13.472289718475547,7.924634935063165,8.990596249794963,7.052847544002104,0.85,2903.955,0.0031729832,False
16.259425079997825,0.001,0.1,5.2548791681957425,0.001,7.27038929373613,6.306582336743153,0.001,0.001,0.0001,0.0005,3.410029838649451,0.864881312992033,12.295552053006148,66.51686146947515,13.848392383044143,15.615808581655067,1.916780863333487,2.2388853537835085,4.273017188078564,0.85,1709.2594,0.0025041413,False
34.93499227272942,0.001,0.1,5.823522354185993,0.001,2.20341435299801,1.673743557290539,0.001,0.001,0.0001,0.0005,9.944125697567685,7.96789289767391,14.20882263855776,92.08608258293486,4.865883355178619,6.45797106775859,6.115844609581341,4.03362739804619,0.4028356178838477,0.53782624,2247.1902,0.0,False
40.06820470895682,0.001,0.1,6.7357765792066715,0.001,9.42564386632961,7.351948993821972,0.001,0.001,0.0001,0.0005,8.564974156401512,2.260001538649321,1.5318858927443935,11.822877492567729,11.732536957092172,2.22296370288938,1.5339040687069916,4.352408683686689,4.393510049313456,0.35178006,2394.4033,0.0,False
28.33498177358389,0.001,0.1,2.1364158010825234,0.001,5.326417646709665,6.317534889672459,0.001,0.001,0.0001,0.0005,7.83987041184014,1.7390869184767144,18.0488456891475,47.840875541621344,16.271087619880674,5.463058290549645,8.949380220265859,3.312987404563079,2.6860885683469125,0.34713534,2548.5352,0.0,False
28.63402313043,0.001,0.1,6.277778380093967,0.001,5.715958275502636,0.6476137873855037,0.001,0.001,0.0001,0.0005,6.94709638000326,8.426086151751358,6.052848953161993,43.450767222700804,9.765410286653225,12.699685500990189,4.706077411895445,3.912534627371158,7.029357976371201,0.85,2375.3604,0.002651045,False
46.37761453107867,0.001,0.1,6.66413421607348,0.001,6.417874794052706,4.986101888030441,0.001,0.001,0.0001,0.0005,2.1774425739473657,6.883669168430037,17.700257162704972,48.21290142547655,8.399393019197001,18.275607510453153,6.410645427128584,2.226950485186828,0.5042303179009833,0.85,2451.3503,0.008331327,False
16.494142484978603,0.001,0.1,4.331344147182534,0.001,5.080725233855415,2.7478665926856727,0.001,0.001,0.0001,0.0005,0.8920241130256823,9.03858246736785,12.128518572386522,54.650169482640486,1.5891975380201706,9.36718624375601,8.228388139134328,3.855288567247964,9.022973100492164,0.6955043,2459.9714,0.0,False
34.178404341977206,0.001,0.1,6.974268845451678,0.001,7.441512421541638,6.732462249464076,0.001,0.001,0.0001,0.0005,3.2716914984922854,8.08771992534371,12.987710100212663,38.59320407739517,14.41123163258579,18.574295820764267,6.98707028650407,6.705357190100825,7.641199739332797,0.85,3189.014,0.015854439,False
0.9429334987639426,0.001,0.1,2.7798331361124142,0.001,0.24918847837023472,3.179328558844947,0.001,0.001,0.0001,0.0005,5.2728325049752325,8.777176406028426,10.747570470218445,70.79701072737832,8.023676533615898,13.729198211471038,7.1309535804099164,2.1650400862028842,2.8429964223759994,0.70559657,1352.5525,0.0,False
10.828775318344514,0.001,0.1,5.06816557279486,0.001,0.08614031504279862,5.953368708624948,0.001,0.001,0.0001,0.0005,0.9075387430927351,1.0011799263849086,3.8714712081836744,90.0184757980289,18.85757454578345,1.9996787482907452,2.8415791892126583,4.628666082506415,4.182766240620078,0.28799573,1501.084,0.0,False
13.595797455980879,0.001,0.1,1.0389547912285773,0.001,2.2706889473301084,3.99113583211082,0.001,0.001,0.0001,0.0005,2.387124166335721,9.721207917265207,19.818839651396118,64.21186632089122,15.157428783232037,14.91110143164333,6.829718021064963,0.39727737739866154,7.429685342747776,0.7023415,2032.7579,0.0,False
10.219036400526688,0.001,0.1,7.485902363891154,0.001,3.5766103017316366,0.641996436961324,0.001,0.001,0.0001,0.0005,8.472341999604554,9.162171475129659,17.146072483143577,48.24272205067794,1.4363555612492585,1.473901598317382,6.570177370929545,9.219578377652555,3.8791007107586752,0.36064652,2504.7942,0.0,False
13.684793567155562,0.001,0.1,3.452875401175456,0.001,9.1414415832803,0.14835805167164984,0.001,0.001,0.0001,0.0005,4.597461845764591,5.846965937157298,6.639094181488674,80.2576316463331,2.490114699419519,2.956230238230948,6.2393668083308595,1.5295117652942103,9.252899626027533,0.29430005,2045.9052,0.0,False
27.917323842350555,0.001,0.1,7.102096763155525,0.001,6.25634240675208,0.36380653265520646,0.001,0.001,0.0001,0.0005,6.110307044644157,3.576590287295427,4.383355532183679,69.86262770158092,7.461873990745975,9.66685630787061,2.010393528123436,0.2634727185297525,2.9911162427209725,0.6984149,1466.3713,0.0,False
33.619690553973584,0.001,0.1,9.702834992986253,0.001,6.8963034355376,9.192384938808223,0.001,0.001,0.0001,0.0005,6.60186927669495,0.21035919149179683,18.152192484872863,95.02062151764711,18.60486858142305,6.3982680612010245,2.2812472051358714,6.470744656313649,1.4632463304618593,0.702663,2580.9053,0.0,False
34.93220600955717,0.001,0.1,5.5532975155718605,0.001,2.303977884564641,9.408960054325155,0.001,0.001,0.0001,0.0005,8.18865509394048,9.958781421436703,5.867450706820176,13.792410781505238,6.231917848535997,6.468068314125617,6.10160195520558,8.237440773905263,6.1829761240531935,0.5981775,3044.9514,0.0,False
35.294476633883086,0.001,0.1,5.592681492543295,0.001,1.3514685848958174,6.718481268654621,0.001,0.001,0.0001,0.0005,9.248402250902227,7.629537110515709,12.297686279084491,19.622801204943276,16.684755316373334,18.4409958305528,1.8816840798222978,9.695426121956142,3.931422617149767,0.85,2861.179,0.010321951,False
12.56015484837858,0.001,0.1,8.887258615527127,0.001,6.344150197754702,2.3532698884692227,0.001,0.001,0.0001,0.0005,1.5557279474716579,0.35956252797421095,3.361261518131864,87.71551589376688,10.433714701258477,0.17095561654650426,6.2239029024576595,5.900479055119688,5.384337926007287,0.29442906,2021.0454,0.0,False
10.447657576006447,0.001,0.1,8.957134891134274,0.001,3.044058160101728,5.934073871425546,0.001,0.001,0.0001,0.0005,3.604686156604262,6.677994466974094,16.391921554097788,28.762323213053886,19.998921097714366,13.232646252317736,9.578172165457433,1.884265946847219,0.7603737249297216,0.85,1797.1151,0.0042581586,False
33.755247761593495,0.001,0.1,8.09777481414037,0.001,9.769467627265552,7.5805856459450025,0.001,0.001,0.0001,0.0005,2.1968672710151327,5.357326893049162,18.633544242824804,46.45443527268108,7.856965475290732,14.117663671889309,9.266606882925743,7.260961621466489,0.1989801310829653,0.85,2908.6675,0.006527694,False
14.425819170124022,0.001,0.1,3.7287651754149436,0.001,4.487342706628066,6.468409695525743,0.001,0.001,0.0001,0.0005,2.802652718118601,9.68169209222191,1.6984891009074188,39.789140420994585,17.4671220527414,15.018922682042673,8.924313577598864,5.914800160009008,0.9012364585668009,0.8166726,1915.2244,0.0,False
22.597547618667154,0.001,0.1,3.0945488066468716,0.001,9.637383264033142,6.29920204186233,0.001,0.001,0.0001,0.0005,1.2046030351968628,3.3898858323385705,17.570922293774615,58.4455263408611,17.28169047250496,1.7620882862513154,6.262966553581997,7.537100694130149,0.17243361063096319,0.19693072,2403.004,0.0,False
23.992172611732087,0.001,0.1,9.482590520893956,0.001,6.6151142223804404,9.70032278818588,0.001,0.001,0.0001,0.0005,9.836344363866289,4.602803637566991,3.1427120814922116,69.65173929334837,10.121127465552009,17.54208614063433,6.115842027011294,0.08738855423244707,3.291185120477059,0.85,1884.5096,0.012847394,False
0.7904046937663056,0.001,0.1,5.06444581204259,0.001,0.49086369389308326,0.5342948402617642,0.001,0.001,0.0001,0.0005,9.597731529349192,3.3865002869117067,9.675828012409621,82.10606171644712,12.112626820340592,18.623835167202586,6.851358524989706,8.658820827254278,1.949368265628636,0.8193855,1891.6337,0.010843085,False
5.536444393272988,0.001,0.1,6.146661587009622,0.001,7.406942939742098,2.1478028579269504,0.001,0.001,0.0001,0.0005,2.035705902860032,2.4618533306654644,9.258331367763247,20.421474117805005,13.45095819819661,7.5181992063619525,8.806023617070522,2.4110396036412274,2.312222928392378,0.61451983,1587.5251,0.0,False
49.17764749234056,0.001,0.1,8.680521608053606,0.001,7.715436170942564,5.802659223227003,0.001,0.001,0.0001,0.0005,4.109824862252765,8.085584250394978,10.828916113042585,92.45006819645756,12.740445957839148,16.577021064457725,4.656455202836,7.8453916399852,1.732382316522909,0.85,2997.4548,0.013144352,False
3.548130301466096,0.001,0.1,2.7486379656998947,0.001,4.30169673403526,8.048443097889571,0.001,0.001,0.0001,0.0005,9.72210710035683,2.0447383722168446,0.9643149613911395,18.073199407021068,18.883032207592763,11.781909622809374,8.415815114869718,5.0588107524096255,0.07562062002888781,0.6155533,1594.0249,0.0,False
23.47671961028205,0.001,0.1,6.5139223047180215,0.001,4.943928501192633,6.054132716603746,0.001,0.001,0.0001,0.0005,0.4653249746799093,2.674108560043653,9.950582479686032,43.999747101737064,9.006139634248147,0.19627582898749552,6.153301401929172,9.80328716286859,3.67638042035228,0.23317252,2640.6943,0.0,False
7.119080746624295,0.001,0.1,8.29235499971301,0.001,3.8295686562507534,5.986818353253507,0.001,0.001,0.0001,0.0005,9.825472788688494,5.4502810509015465,19.248335674687098,81.65710852193494,11.89666704265489,13.125196537347797,5.941957543558232,3.7901677818218382,8.704966045418445,0.85,2471.459,0.008497353,False
47.5137036413431,0.001,0.1,5.33946319242507,0.001,5.757205688219138,2.1368531590546693,0.001,0.001,0.0001,0.0005,3.87603919114229,0.6503773851977945,15.643899911616225,61.545763405433426,1.5870160601596628,15.33276254035332,2.0730075842562723,5.92169690810246,6.938932294660781,0.85,2944.2542,0.0058126226,False
21.990005827542053,0.001,0.1,1.7671214411105205,0.001,6.46263285976892,1.116461938817992,0.001,0.001,0.0001,0.0005,3.359647435548496,5.566109195950756,8.560398032913275,29.81791359338327,7.784742700843761,17.001082638255053,2.811623833426106,1.3981280940515783,4.537022526735405,0.69484353,1624.9381,0.0,False
16.42602464158211,0.001,0.1,5.241513642727467,0.001,2.5836524264649308,7.769337652669731,0.001,0.001,0.0001,0.0005,7.26004441714383,1.137200445742591,9.758590935302106,88.57501778661117,4.7224210963928925,5.251332994478735,9.15382886476634,1.2087130243018185,3.1061880662530728,0.4715375,1897.0375,0.0,False
38.72364521486496,0.001,0.1,3.7684293637960216,0.001,0.17759240646918695,6.5978303077762845,0.001,0.001,0.0001,0.0005,0.38270111695986486,9.679572441878486,12.94215765186516,5.441553747460914,14.391985399489432,17.698627638253832,6.051852072992903,0.27695962604393776,3.371419442429292,0.85,2081.3794,0.0020357294,False
10.956346709705295,0.001,0.1,2.9904237242071248,0.001,4.062507243534328,7.77283240970738,0.001,0.001,0.0001,0.0005,2.8450377484743528,2.614291448889554,19.320012881142752,95.66563443048277,2.633161070514549,11.746802133564515,9.291715607388733,3.2519325277132403,8.457532455240454,0.71452427,2521.4,0.0,False
25.45760419861033,0.001,0.1,9.114085462536133,0.001,1.0990149681066907,3.713159145205159,0.001,0.001,0.0001,0.0005,9.069236364662164,4.782341757884421,11.39275183394757,38.79778958835897,18.311973240510213,1.332526064458115,8.168106739793862,4.175383876316461,7.563170747741088,0.3855214,2733.4844,0.0,False
33.69276706399209,0.001,0.1,9.315976125247591,0.001,2.9801469134861813,6.102204556961559,0.001,0.001,0.0001,0.0005,5.9889775945419474,4.266021169923949,6.265605863181582,31.387360370578943,17.14162901909206,4.5449990183975135,0.18606759526059502,0.9790311438599497,7.041809522891378,0.56914544,2008.8452,0.0,False
47.14121107498044,0.001,0.1,1.553010734376973,0.001,1.2555801449531745,0.4464079179971292,0.001,0.001,0.0001,0.0005,1.0834172605464687,2.8532052473583827,9.717967135195941,66.17019501056824,1.1723079787832846,3.427504039260061,3.8497458929013417,3.396186359971142,4.332273673109296,0.22135575,2284.2703,0.0,False
19.700553086490153,0.001,0.1,5.628892823078002,0.001,4.618547417265091,9.85773965147901,0.001,0.001,0.0001,0.0005,1.1727527174542962,3.230676705780935,8.5393612472296,21.47276413288265,18.629648446200274,3.5194745117830606,4.993941387905407,8.712364666687222,8.612024020718263,0.41602713,2846.9866,0.0,False
4.821908147339743,0.001,0.1,7.025301370969307,0.001,7.09265351865569,4.666606941325354,0.001,0.001,0.0001,0.0005,3.5570646989369212,8.504860927408464,5.877370743018206,82.17003917500469,3.62149879082571,19.443913934428338,6.836345541940836,9.198575527540642,0.20028317613247082,0.85,1909.6011,0.014180677,False
8.667805353965452,0.001,0.1,6.787615288043663,0.001,1.0709778144099191,2.314497093290223,0.001,0.001,0.0001,0.0005,5.240160557205894,3.6681432733585053,15.667209454713323,61.815188607411486,0.18938485612060907,7.918412935156076,3.9866385650540836,2.5110826223894502,6.480420562567783,0.70032626,1755.6671,0.0,False
49.90931146038555,0.001,0.1,7.452064433972146,0.001,0.9257484911831959,8.9882459566081,0.001,0.001,0.0001,0.0005,6.871514772831054,3.6735220078536344,1.2249211449317476,35.31433530838254,3.4540851514567428,8.981920225675905,0.757961717232084,0.9607683813291457,9.345438406816616,0.7871537,2473.3833,0.0,False
28.469357136930952,0.001,0.1,9.074397533679011,0.001,3.158384636364975,4.429384497736915,0.001,0.001,0.0001,0.0005,6.067230449688717,1.330751386251906,4.796767831290792,52.85197583474748,0.3127786188472137,13.459291980750422,5.666155314575601,9.275176356969336,6.630963415663549,0.85,2840.5176,0.011930666,False
9.166478314714666,0.001,0.1,1.4885219770801166,0.001,1.9219549438216499,0.20293765348985304,0.001,0.001,0.0001,0.0005,8.918174054938564,6.202356972868184,1.070856545520944,81.52002302948506,16.575870553816415,5.186156629256182,9.853222630973885,0.5166536665561205,1.214892170186923,0.25695524,1280.4641,0.0,False
14.644777898692185,0.001,0.1,6.038026864180842,0.001,8.326848034094265,8.462033297641732,0.001,0.001,0.0001,0.0005,5.790166547856234,5.016728756782992,1.3318999458766712,28.90670619302287,4.198186774162469,13.92071614653677,6.122313386082643,4.990728019067298,4.714253085226811,0.85,2088.2908,0.0034439482,False
7.834231335870029,0.001,0.1,7.714534490112962,0.001,1.6828860941534196,2.8331291710631112,0.001,0.001,0.0001,0.0005,6.111346386207103,0.7696739820896326,1.3854850098021698,69.52925544430038,10.132686936493716,2.903795648997012,9.592507705281418,5.618064456910529,8.181228240611665,0.468556,2271.4539,0.0,False
15.411371998266693,0.001,0.1,4.681397101942535,0.001,2.7381969285997734,2.8838193282015876,0.001,0.001,0.0001,0.0005,9.544115403422834,2.8156203357267726,14.998645913161521,93.35004410009299,17.57149704378581,13.074533791782116,2.3726977455597864,6.116025155521861,9.904529141629578,0.85,2568.7366,0.0018196704,False
30.688147518996256,0.001,0.1,8.822714529604799,0.001,1.9730955863638633,6.572710217024991,0.001,0.001,0.0001,0.0005,6.814112615308346,9.933615944523863,8.488333355818988,86.30205038234456,2.6288961992704007,16.839697802521687,2.171923476607515,3.4603571679653635,7.914937293728739,0.85,2384.945,0.015031699,False
46.94031988648793,0.001,0.1,3.2190673140864488,0.001,3.3337672717523525,0.6237767853428133,0.001,0.001,0.0001,0.0005,1.0834955109182554,3.2058866565330635,9.827628128850085,3.1716887049223264,2.367968602401469,7.252912097689547,3.162044881499887,1.765549360773041,1.8444572035332463,0.44875517,1949.3026,0.0,False
18.695745895457215,0.001,0.1,1.5129968953808977,0.001,0.461597493981839,1.4623941006848207,0.001,0.001,0.0001,0.0005,1.0887331602500006,2.606477638293754,11.688053721050032,96.40922825289074,4.464106921621807,2.4066083160940277,5.873141373358008,4.947070732508965,8.954723959307096,0.16528945,2309.9272,0.0,False
0.0,0.001,0.1,8.480379714033818,0.001,0.0,7.35449736666976,0.001,0.001,0.0001,0.0005,0.0,5.317960635529432,0.0,100.0,9.491688305098558,18.729783037570265,1.5983057272138381,4.21415756632665,3.4708341659013007,0.0,1015.38446,0.0,False
0.0,0.001,0.1,8.50849121868328,0.001,0.0,8.612028852402311,0.001,0.001,0.0001,0.0005,0.0,2.634718789060058,0.0,100.0,9.690940745643346,18.643324142696446,2.06576620823633,4.9208090939993285,3.886759972923519,0.0,1156.7668,0.0,False
49.92566807637348,0.001,0.1,6.722873274438593,0.001,9.073136286188447,2.4286794809437353,0.001,0.001,0.0001,0.0005,10.0,8.948293066094967,13.948555809671783,0.8925941428134031,12.85014642360304,11.726972589818859,10.0,6.462645607971194,2.5332910719437467,0.85,3408.0486,0.0005361923,False
0.0,0.001,0.1,8.830735252816494,0.001,0.0,2.472049637176681,0.001,0.001,0.0001,0.0005,0.0,1.3069953956457525,0.0,100.0,1.324904171474933,19.063929450916135,2.142296792636129,5.545957571598143,4.821472107208146,0.0,1155.7607,0.0,False
0.0,0.001,0.1,8.44823678002031,0.001,0.0,6.504839658367162,0.001,0.001,0.0001,0.0005,1.1527734361480382,7.7234040346953,0.0,100.0,7.4671030712560595,18.440484190434805,3.1001686906511483,5.427268887956425,4.5446977181454,0.0,1315.3004,0.051674075,False
21.84039592067312,0.001,0.1,4.7103537125116794,0.001,10.0,2.9814722989755964,0.001,0.001,0.0001,0.0005,10.0,9.84558122231242,15.071989460803419,53.12466731658338,5.8241443106186,17.438862491694408,9.631065486485756,2.5007426776047765,0.27407445111329043,0.85,2195.285,0.0030170917,False
2.025979026598712,0.001,0.1,6.196223993703599,0.001,0.0,4.663141925137891,0.001,0.001,0.0001,0.0005,0.0,0.3737106183395419,2.0195840909074008,84.28036973424511,7.981923409480171,3.6432509522143675,1.9093154558722214,4.082151814373059,4.236904749731372,0.0,1083.9331,0.0,False
0.0,0.001,0.1,8.174546988698213,0.001,0.0,8.361310397346912,0.001,0.001,0.0001,0.0005,3.6636784472341994,9.656229092416268,0.0,98.96503179495411,11.197812082799366,18.014899998083614,5.327832791166369,6.49687069189884,4.921074421999397,0.0,1679.0403,0.05206711,False
0.0,0.001,0.1,7.681770084637307,0.001,0.0,10.0,0.001,0.001,0.0001,0.0005,1.2423426978377121,10.0,0.0,77.16720078443102,20.0,17.205577526179653,10.0,9.718989266539527,6.562445041525734,0.0,2403.666,0.05196689,False
35.40971009083514,0.001,0.1,8.44919194571849,0.001,6.144002425807118,7.091927735395643,0.001,0.001,0.0001,0.0005,3.8303622613758668,0.0,13.821454195276903,75.62054617871132,2.222718593664331,17.970252517048785,5.66126507558781,6.879781819733366,6.301668498989194,0.85,2999.9807,0.01734275,False
0.0,0.001,0.1,8.467501689179388,0.001,0.0,6.737204024472847,0.001,0.001,0.0001,0.0005,1.4524119991887634,6.846659433468504,0.0,100.0,7.551151888550896,18.380320108959168,3.946307640875731,6.378028431624649,5.1098312322656225,0.0,1507.9191,0.05303818,False
0.0,0.001,0.1,8.270634375921567,0.001,0.0,7.276448883422332,0.001,0.001,0.0001,0.0005,3.5188563202499252,8.782472661802638,0.0,100.0,17.781605337369797,18.26751568186581,3.267756550705814,5.562169257432768,4.2838301437711035,0.0,1410.1724,0.051104113,False
0.0,0.001,0.1,8.104897498955882,0.001,0.0,7.644292634515516,0.001,0.001,0.0001,0.0005,0.0,8.528313069667124,0.0,100.0,12.416692129195656,18.69194663711609,0.14073877046467942,0.04947944456312439,0.9385298923299358,0.0,358.73746,0.0,False
0.0,0.001,0.1,8.768059907606744,0.001,0.0,5.636430230085134,0.001,0.001,0.0001,0.0005,0.0,3.9959018507306703,0.0,100.0,8.922084786515427,18.88614702500621,1.7870616866929592,5.618613232503268,4.453509745932173,0.0,1200.9766,0.0,False
0.0,0.001,0.1,8.248918843003283,0.001,0.0,9.433098122833645,0.001,0.001,0.0001,0.0005,0.029748670705666416,9.542480249922813,0.0,100.0,8.14321076029348,18.563240177771544,4.070459237409047,4.927446868393982,3.4795216078584175,0.0,1281.3673,0.002235167,False
30.556107771875148,0.001,0.1,8.475827065325461,0.001,3.082065092066053,6.887564491202246,0.001,0.001,0.0001,0.0005,1.3746300387612866,10.0,2.5328248982282684,67.04094660863639,13.105108567148738,16.832173688476143,10.0,7.953426867578055,9.342263543656932,0.85,3221.2742,0.017543485,False
45.96636259346817,0.001,0.1,9.08735146765764,0.001,0.5089110404561313,8.089409647679611,0.001,0.001,0.0001,0.0005,3.698015129240609,10.0,0.8457045555905119,100.0,13.408733639643152,18.138723744371784,5.585313031432424,5.179047124940017,10.0,0.85,3094.5242,0.020298334,False
2.3076844897292426,0.001,0.1,7.000188933052068,0.001,0.45186088175318284,0.0,0.001,0.001,0.0001,0.0005,1.387027267811408,6.772244564824446,11.64882939658838,100.0,4.338725760793275,20.0,0.0,0.0,1.1899578231388834,1.5425727e-14,519.62726,0.025663273,False
4.455486673194746,0.001,0.1,5.049854158772016,0.001,8.078946894011741,0.0,0.001,0.001,0.0001,0.0005,8.335519426832024,0.0008644345269005695,0.034822619246789026,24.88032637244971,8.899554451218087,20.0,0.0,0.0,0.0,0.0,484.8987,2.4840072e-06,False
22.202807620788327,0.001,0.1,7.458692302971411,0.001,0.049218039698278884,4.399667712252192,0.001,0.001,0.0001,0.0005,1.9752977003206005,5.388334445044899,14.586617412857905,3.8115781969215736,6.385626900730857,18.461312406446094,6.335264110122427,3.3805806540285777,1.4757325490962039,0.85,1859.334,0.011563864,False
37.34642308942028,0.001,0.1,5.082912159444653,0.001,7.9893000962001635,8.45616273316119,0.001,0.001,0.0001,0.0005,8.342407169249125,1.8854163715167374,0.45956371075344676,17.324759301257224,1.6882916656936964,19.815997029036986,1.72262432217446,0.6839864717342425,0.011510441886918056,0.66616863,1570.6246,0.0,False
28.97907582478232,0.001,0.1,8.30204757431318,0.001,3.0429040105363665,0.0,0.001,0.001,0.0001,0.0005,1.3154436167465708,10.0,0.44202847259448175,71.39207292817,0.0,17.691506049059505,0.0,0.0,0.0,0.0,872.45746,0.028099595,False
0.0,0.001,0.1,8.081159980485733,0.001,0.0,0.0,0.001,0.001,0.0001,0.0005,6.240139419437655,0.0,12.095750883750275,83.31925583915992,0.0,20.0,0.0,0.0,0.0,0.0,433.8033,0.0,False
24.285012546588977,0.001,0.1,8.485374899817693,0.001,0.0,7.25801877735437,0.001,0.001,0.0001,0.0005,1.439307437372388,10.0,9.371368189996224,100.0,15.669069479996136,19.25076265316856,9.47540353846113,9.998948568815747,9.48189071480981,0.0,3343.0854,0.058864858,False
35.70792204691372,0.001,0.1,8.862001472370853,0.001,0.5426056785145127,0.0,0.001,0.001,0.0001,0.0005,1.3416535382232262,9.200430242533113,0.22299411332979316,95.58185561458983,0.3858758829330284,18.630601303871163,0.0,0.0,0.7434327991925631,3.2291887e-30,1040.4772,0.030074583,False
39.9598794622724,0.001,0.1,8.535987108031465,0.001,0.536478078234923,6.751637235350076,0.001,0.001,0.0001,0.0005,6.24919233678126,1.4052302856199779,9.299429691665589,78.93379695209464,4.290440263945226,18.19990138047846,6.752403999110176,8.478868711395528,4.190407866198279,0.85,3003.5254,0.017454965,False
0.0,0.001,0.1,9.348741389046907,0.001,0.006895170111639504,8.038311898302396,0.001,0.001,0.0001,0.0005,6.566774126650207,1.283640445898786,17.934764354170753,84.5108049640767,19.346484472101682,20.0,3.5713672921582598,2.2288055894724983,0.0,0.0,1206.13,0.04796707,False
3.7390124565293266,0.001,0.1,8.870137658830064,0.001,0.0,0.0,0.001,0.001,0.0001,0.0005,1.4016127781946353,10.0,9.339310493295299,100.0,8.243878908921014,20.0,0.0,0.0,2.427797780228031,0.0,634.27386,0.037090864,False
20.55535004005813,0.001,0.1,8.350150855793562,0.001,3.403051354828908,1.708314272723788,0.001,0.001,0.0001,0.0005,1.3706161530160181,5.505072259335774,0.0,79.12964244204042,12.71583971103876,19.4491416033414,0.0,0.0,3.2436849355505815,0.0,987.50604,0.033825003,False
5.610307299176321,0.001,0.1,7.076150575270075,0.001,5.378958436837734,4.444185627780302,0.001,0.001,0.0001,0.0005,1.0032942290041704,2.4086534334396545,2.728813162882735,42.42185673606001,12.77267751341463,15.22872601459255,9.186388906734425,7.772805548305522,1.6420699833778254,0.85,1909.5244,0.007456001,False
4.476683550606515,0.001,0.1,10.0,0.001,0.3961667394632523,2.994275358157984,0.001,0.001,0.0001,0.0005,1.286854573250594,0.0,13.459227483081257,75.14504768385237,15.048198064839893,11.635783495467217,0.7444341288734736,0.0,0.0,0.25520232,640.2914,0.0,False
0.0,0.001,0.1,5.1411525517991725,0.001,4.144641030508344,1.1705153045566332,0.001,0.001,0.0001,0.0005,0.9941237221557103,0.0,11.252743177434496,26.553181484442035,5.178589059168538,14.79512082735367,6.379888439194163,4.447743275976279,0.0,5.289936e-14,1213.0748,0.036307596,False
11.513768408530305,0.001,0.1,10.0,0.001,0.0,6.501192043511114,0.001,0.001,0.0001,0.0005,1.3710758611583485,9.554420451034337,8.04734171373733,98.58756465813931,16.965839321753247,16.743599594893755,2.997487054498868,1.3235069045473704,0.0,0.0,1051.6947,0.043913517,False
0.0,0.001,0.1,6.02988600926376,0.001,3.8696523875696953,0.0,0.001,0.001,0.0001,0.0005,0.0,0.0,14.298668224605631,16.155022012191424,6.296673114206649,12.778097310433939,3.1847816075728264,2.3893408100184184,0.0,0.0,854.56714,0.0,False
19.680827328189032,0.001,0.1,10.0,0.001,5.085930257408808,5.307815061290386,0.001,0.001,0.0001,0.0005,6.1861248636934585,0.0,11.560867173665468,68.18920701627331,11.92786090037382,11.394091395335133,1.51853761439127,0.0,0.9701408784366523,0.72152746,1297.5874,0.0,False
24.819068045896632,0.001,0.1,9.67355052715919,0.001,0.0,6.820316531489723,0.001,0.001,0.0001,0.0005,1.3975786209694863,10.0,4.253903597019742,100.0,17.26050259658576,19.03057097595179,8.461008863124764,5.43980594335789,4.12890609330007,0.0,2338.8342,0.056169376,False
38.987152536508525,0.001,0.1,10.0,0.001,0.0,7.782714190818687,0.001,0.001,0.0001,0.0005,1.3923615966149838,9.091022168373964,2.25333063447298,92.59331817536089,16.061267082331486,17.42117680299721,8.26436646793108,4.299820388629392,7.251291108033274,0.0,2774.3516,0.05463479,False
23.314698998501502,0.001,0.1,10.0,0.001,0.0,5.5637020402312585,0.001,0.001,0.0001,0.0005,1.3796471501210525,9.145327235637353,8.062127442743792,88.64099019213629,16.80658970031093,17.627704261959238,7.828616431536143,6.597772727049556,0.0,0.0,2095.613,0.052264947,False
12.253745427072905,0.001,0.1,10.0,0.001,0.9861414639273759,6.583187482834363,0.001,0.001,0.0001,0.0005,6.583015158704727,0.0,11.967719471099063,39.79508173683284,19.211446805147542,15.079647111564263,6.135706769571484,4.170981751546503,0.0,0.85,1698.9845,0.0098779,False
22.448868406466406,0.001,0.1,1.0,0.001,0.510905839413352,5.221297490537099,0.001,0.001,0.0001,0.0005,0.21922612751475867,6.70302355018938,0.0,100.0,12.990055442961225,0.1322577886220631,10.0,7.841040972594957,5.964347352744463,3.200087e-17,2525.3423,1.3451743e-05,False
0.0,0.001,0.1,9.16523456602528,0.001,8.652516203199083,0.0,0.001,0.001,0.0001,0.0005,0.0,0.0,13.733801828763887,100.0,20.0,9.728740750291283,0.0,0.0,0.0,0.0,583.18726,0.0,False
17.037852402437913,0.001,0.1,10.0,0.001,0.0,6.519452739751514,0.001,0.001,0.0001,0.0005,1.3555134524242374,1.0005093613453406,10.794075913217512,95.92753438501627,16.28334743083864,12.68965735137156,0.0,0.0,0.0,0.0,898.4228,0.0022389896,False
0.0,0.001,0.1,8.461072744614398,0.001,0.0,8.610832605008857,0.001,0.001,0.0001,0.0005,3.5706980192807065,8.394325316785089,1.6784129107636778,100.0,13.417109879233005,18.50739169140292,0.7019870846220773,1.76277115010125,0.0,0.0,603.05927,0.03490056,False
8.236951491252796,0.001,0.1,10.0,0.001,0.0,4.769454318043065,0.001,0.001,0.0001,0.0005,1.3919484402275264,10.0,9.600348066941972,97.24547575937304,19.00294778172006,18.927964459083167,4.370560744063407,10.0,0.0,0.0,1875.1675,0.055641048,False
9.174915472370698,0.001,0.1,9.536192867603173,0.001,0.0,4.972448676857178,0.001,0.001,0.0001,0.0005,3.6193379117918054,3.25963872244496,15.25576372923512,90.999020707335,4.48876410540185,13.285062187653606,4.712810980517753,4.3964625128365,2.328342843080608,0.0,1675.1671,0.04256193,False
0.0,0.001,0.1,4.425648203003609,0.001,0.6881527010098007,0.0,0.001,0.001,0.0001,0.0005,0.0,0.0,0.0,6.609381566064874,4.512342016499669,17.261341292849174,6.027694476177151,0.0,0.0,0.0,429.78018,0.0,False
0.0,0.001,0.1,6.860647401931889,0.001,1.0407241051919134,1.036617031314105,0.001,0.001,0.0001,0.0005,1.1782500439018175,6.23563639071818,0.0,73.67312382536207,11.595414256332859,18.57521642700151,6.01096497356282,0.0,0.0853706916969617,0.0,546.93945,0.042189527,False
15.261353185783378,0.001,0.1,9.144832579620145,0.001,1.2408265662589237,6.814545132769469,0.001,0.001,0.0001,0.0005,1.2660613369554166,9.64327175912219,0.0,95.11432066299852,12.605919152316334,19.27225152454665,4.846505697472685,3.2036859746035775,6.565746825144462,0.0,1794.4281,0.054453153,False
0.0,0.001,0.1,9.587779265114857,0.001,1.0177653449940456,1.3619411687096226,0.001,0.001,0.0001,0.0005,1.2488342792817717,10.0,0.0,96.77019946593443,14.117144335138338,19.779659132973162,4.367955940084787,0.0,1.801413775012226,0.0,633.62286,0.04959152,False
18.790562597528115,0.001,0.1,8.70432058656581,0.001,1.4311114168419437,7.356107160811084,0.001,0.001,0.0001,0.0005,1.2351430508990269,9.364623157774725,0.0,85.41590247041353,11.523456703121402,18.736135723506226,5.006920852688741,0.0,4.690638540270735,0.0,1443.5813,0.048773427,False
0.0,0.001,0.1,7.357364723253204,0.001,1.653537085663741,3.934474323583724,0.001,0.001,0.0001,0.0005,0.881721148872556,0.0,0.0,38.82232519145502,20.0,11.171965110012028,3.7360748201695753,0.0,0.0,0.0,465.91788,0.029914398,False
0.5689577534865509,0.001,0.1,4.875998694577461,0.001,0.851143714479833,0.45230836130810625,0.001,0.001,0.0001,0.0005,1.151401636084505,3.1021507767438123,0.0,51.64615826670319,9.658961631295611,18.44220267752045,6.927960265356781,0.0,0.31864634358306654,0.0,587.54156,0.038567413,False
0.0,0.001,0.1,8.668902047822836,0.001,1.1518841857063447,0.0,0.001,0.001,0.0001,0.0005,1.2085415277897558,10.0,0.0,79.37725172016712,9.577871265095826,19.759074366707466,4.748810972769953,0.0,0.0,0.0,468.6172,0.045023438,False
0.0,0.001,0.1,1.6636000622422005,0.001,0.0,2.702018813158701,0.001,0.001,0.0001,0.0005,0.7508965332474514,0.0,18.477912793479618,30.8438397434048,20.0,14.267231277306276,8.669835776451833,4.2976839858076845,0.0,0.0,1451.4885,0.02726248,False
50.0,0.001,0.1,2.607163997742492,0.001,1.860577926434188,3.5391163489911732,0.001,0.001,0.0001,0.0005,1.2523824806422021,5.2848366997723195,12.685243817287294,42.82483246362952,5.423685635313965,16.264547992825854,8.884115537785705,2.2510265008072126,5.498724800097136,0.8343132,2808.6584,0.0,False
0.0,0.001,0.1,8.399662273608868,0.001,0.581981930319131,0.0,0.001,0.001,0.0001,0.0005,1.2188679824385875,10.0,0.0,100.0,0.1527387542502715,19.04702233443896,5.7723297255931065,0.0,1.5950542406680999,0.0,617.7505,0.047020715,False
0.0,0.001,0.1,3.4871742449745113,0.001,0.16696712916776357,1.0868921305505792,0.001,0.001,0.0001,0.0005,3.392246991691757,7.178914750882706,8.019998328025608,13.063250511633703,4.554911896284705,17.019948974555668,3.1846637059895806,0.0,0.0,0.0,516.6564,0.02133905,False
23.66612204267216,0.001,0.1,8.593549547757114,0.001,1.0313417221638892,8.699324541151341,0.001,0.001,0.0001,0.0005,1.2872559834998576,5.850685924569562,0.0,99.9454027122464,10.442586599555785,19.16157499879381,5.441633614421926,10.0,7.449127540269793,0.0,2736.394,0.057924118,False
0.0,0.001,0.1,7.098545141763087,0.001,1.087632190088796,3.0456068804464875,0.001,0.001,0.0001,0.0005,3.7780432957501247,6.386421249458011,0.0,64.23318482943192,15.528959194581978,17.819888066746756,4.760607210531821,0.0,0.0,0.0,564.8777,0.03934212,False
3.5393451287455573,0.001,0.1,8.405763507470756,0.001,0.0,5.007786072474997,0.001,0.001,0.0001,0.0005,3.3151441108407136,7.057111084061822,14.433202495568976,92.06028602398239,4.009461826579303,15.078372309183157,3.9838086897475233,9.98807646779332,5.672166540987453,0.0,2268.3784,0.049481638,False
4.4974172811028055,0.001,0.1,1.9936972781013704,0.001,1.1487575314921352,4.118267052886973,0.001,0.001,0.0001,0.0005,6.851798314992465,3.1037344126578676,3.191094378874883,82.18814496965348,11.596230625480878,17.046302880751036,4.83208843657782,0.0,0.0,0.5639167,756.66455,0.0,False
5.1735993888642815,0.001,0.1,10.0,0.001,1.5612361519803708,5.37866740306831,0.001,0.001,0.0001,0.0005,1.1860627378369035,10.0,0.0,64.77652586479584,14.472381996686359,18.75769688547977,3.989761054701571,1.6927625853188517,3.3870220109547673,0.0,1102.4386,0.05109205,False
0.0,0.001,0.1,10.0,0.001,0.0,3.1679786913061796,0.001,0.001,0.0001,0.0005,1.2559727950928226,10.0,0.0,100.0,7.615626524210316,20.0,3.3791758100106914,0.0,0.24956119711912317,0.0,445.45367,0.046167072,False
0.47713504456149675,0.001,0.1,10.0,0.001,0.0,5.192398400895745,0.001,0.001,0.0001,0.0005,1.2833733287914493,10.0,0.0,100.0,11.396014213840157,19.540792045853237,3.9832709581083234,3.446347561016621,4.480038600719221,0.0,1202.1525,0.05463901,False
11.515067850835637,0.001,0.1,9.65280815890969,0.001,6.73103429034011,0.0,0.001,0.001,0.0001,0.0005,1.1422595874829788,0.0,0.0,47.84660299809523,2.62237513129571,15.539107152068416,5.572258666855162,0.0,0.0,0.0,843.75104,0.04165289,False
0.0,0.001,0.1,1.0,0.001,0.0,2.7405543618356902,0.001,0.001,0.0001,0.0005,3.7327140983652156,9.900891574629515,0.0,100.0,0.0,15.818810077643747,4.482898602917105,0.6414814522636672,0.24900467213971156,2.2482877e-14,518.7538,0.017221473,False
0.0,0.001,0.1,1.0,0.001,1.6487726676977175,0.0,0.001,0.001,0.0001,0.0005,6.855197772541764,0.0,0.0,94.26048851790434,0.0,19.719505886418716,4.709759084465846,0.0,0.0,1.483332e-13,458.18372,0.016351683,True
17.551063202593664,0.001,0.1,10.0,0.001,0.0,8.304550531703434,0.001,0.001,0.0001,0.0005,1.1634552211899758,3.697773535852801,0.0,34.599413436235274,12.436519803124037,17.04432198434987,6.30974907869316,1.8336135196910905,3.5590882039625993,0.0,1554.426,0.04935425,False
11.830055966140856,0.001,0.1,3.590723671440224,0.001,1.531779159445261,6.821568826597677,0.001,0.001,0.0001,0.0005,6.821185998722851,3.403972669051308,19.029147586557748,29.15744299641549,7.238652894113952,15.834259673197016,8.00207661225499,9.568194714982605,0.822301054587976,0.85,2463.8333,0.0011787077,False
0.0,0.001,0.1,3.9635955256066966,0.001,0.0,10.0,0.001,0.001,0.0001,0.0005,6.783542522145999,1.1957695840611815,3.107287594120127,100.0,20.0,20.0,4.447551925231053,0.0,0.0,0.0,742.9921,0.026911503,False
42.670890795933836,0.001,0.1,7.528164021673428,0.001,1.6111006842541902,0.0,0.001,0.001,0.0001,0.0005,6.624672517606072,0.0,0.0,100.0,0.0,19.997602221698713,2.642724258855238,0.0,0.0,0.0,1376.8601,0.029740104,False
15.622178669939176,0.001,0.1,5.68387820030375,0.001,1.0634453319194292,1.8316544623285802,0.001,0.001,0.0001,0.0005,8.416169609992664,2.1172630618057,2.2063945768713147,74.45611868672954,2.5249912232678886,14.37611497341723,7.7146322898476765,2.0571478876129605,1.3440660104046702,0.85,1456.5359,0.00034566427,False
27.664701560576017,0.001,0.1,9.005415876013657,0.001,0.5208354776678421,0.012007560284785885,0.001,0.001,0.0001,0.0005,6.692919138531844,0.0,0.0,100.0,0.22426770019191988,20.0,4.190065448018111,0.0,0.0,0.0,1112.8214,0.04447098,False
4.590975110475517,0.001,0.1,2.040755142410119,0.001,1.1968376338489748,8.34086175491423,0.001,0.001,0.0001,0.0005,6.86170037706387,9.939211795169799,17.10664560349417,73.01788753063799,8.714641400254683,12.781880630465201,5.048952889451109,0.8634155066964619,3.4473493979450245,0.6238103,1512.9437,0.0,False
8.094463248659764,0.001,0.1,10.0,0.001,4.2850974294722155,6.123854672308835,0.001,0.001,0.0001,0.0005,1.169563347538053,10.0,0.0,52.27375463123154,15.87038979731746,18.469126308063707,3.2446163049758097,5.104166972523575,3.029082208554314,0.0,1483.3188,0.05286916,False
0.0,0.001,0.1,10.0,0.001,5.28686967689575,0.0,0.001,0.001,0.0001,0.0005,3.755323759562793,8.116840927586464,0.7034812677150073,89.92181831212847,0.0,17.57139451723623,4.288510851720083,0.0,0.0,0.0,557.0661,0.044888347,False
20.265478841288502,0.001,0.1,10.0,0.001,0.9744445881918072,3.6858106037580276,0.001,0.001,0.0001,0.0005,6.72315944191798,10.0,6.2678316928696844,70.65766102357026,4.240893113083337,20.0,4.629218429400584,1.5584725292015658,0.6229112945084776,0.85,1424.1494,0.016636929,False
20.455769660567647,0.001,0.1,10.0,0.001,0.0,0.0,0.001,0.001,0.0001,0.0005,1.1544631046934013,10.0,20.0,0.0,8.671220014641209,17.698922804464598,6.176497897761997,0.0,0.4018088279392957,1.7944165e-16,1468.2723,0.04642755,False
0.0,0.001,0.1,10.0,0.001,0.7061875425075212,0.0,0.001,0.001,0.0001,0.0005,1.110461492791535,10.0,14.21410216551944,6.083578599171372,14.841008610984051,17.261349727064854,4.945309630370659,0.0,0.0,0.0,792.53705,0.04484891,False
12.257160509387916,0.001,0.1,10.0,0.001,0.7843194467117859,0.0,0.001,0.001,0.0001,0.0005,6.795825253344652,10.0,0.5086567613703828,41.51093318278676,0.0,20.0,5.114296463790547,0.0,0.0,0.0,869.5978,0.04918536,False
0.0,0.001,0.1,1.0,0.001,0.0,0.0,0.001,0.001,0.0001,0.0005,6.865641109738844,3.2116984743680623,3.3278579462811564,55.72584948883248,0.0,4.456105397597889,3.6792584379382327,0.0,0.0,0.0,444.97314,0.007706142,False
3.0178449704691515,0.001,0.1,10.0,0.001,0.0,0.0,0.001,0.001,0.0001,0.0005,1.1506343714015825,10.0,18.088889257566308,28.20018763176579,20.0,17.400499520886868,5.786574353809494,2.369454704428345,3.326441510443483,0.0,1485.5709,0.05003096,False
0.0,0.001,0.1,10.0,0.001,1.69588463438022,0.0,0.001,0.001,0.0001,0.0005,1.2440643826237763,9.529791932715874,0.0,100.0,20.0,18.569468183226306,4.424147445298105,1.4192548179659812,2.6244113544149545,0.0,842.68256,0.05019625,False
0.0,0.001,0.1,1.0,0.001,1.6302925454901627,0.0,0.001,0.001,0.0001,0.0005,3.149571668061441,0.9243143003982965,10.861186900087391,49.865112691324725,15.844794604674536,0.0,1.0588821223477671,0.0,0.0,0.0,441.51138,0.0,False
20.449760252374432,0.001,0.1,2.9423814932192824,0.001,0.07526044756147614,3.3985966980232107,0.001,0.001,0.0001,0.0005,6.870574833383213,2.0721527456817777,10.930960998959055,57.65449848644404,19.870693468839754,4.571999688903537,2.7485479324919417,0.0,3.143377902748421,0.32156485,1411.8397,0.0,False
20.98650258485783,0.001,0.1,7.923118813498903,0.001,1.1673396896767063,0.10438785915596205,0.001,0.001,0.0001,0.0005,6.658512214125627,0.0,13.891308121088784,43.02160316690346,18.6530378077492,9.510885027359187,4.351985816296623,6.407292244557439,0.0,0.7692962,1912.4574,0.0,False
23.450239823940002,0.001,0.1,10.0,0.001,0.0,8.909091118556246,0.001,0.001,0.0001,0.0005,1.2323513663512837,10.0,20.0,25.98624842277054,20.0,18.28583666458611,6.615910408990135,10.0,10.0,0.0,3462.4873,0.060833417,False
6.112559486809587,0.001,0.1,3.0217966114604873,0.001,0.615095513355685,1.0194352864064935,0.001,0.001,0.0001,0.0005,6.834696609428379,0.0,0.0,82.94193891504524,3.921549829887293,8.828864062068476,4.2941734997619125,1.4707952355101743,2.4012411766597244,0.0,931.3183,0.02163777,False
0.0,0.001,0.1,10.0,0.001,1.4541823601426533,0.0,0.001,0.001,0.0001,0.0005,3.550304587446029,0.0,6.395372877728925,56.95386020258179,8.446607853981497,0.0,0.0,0.0,0.0,2.5218932e-17,332.07516,0.0,False
6.562084790326139,0.001,0.1,1.4710686151867873,0.001,0.101692110257499,6.68804297886656,0.001,0.001,0.0001,0.0005,2.98100074144729,0.46609476856980536,14.280107849610689,79.48918307633765,1.2915111872061815,1.7927268459128134,2.8738552908162296,9.49105576952968,5.869014794748939,0.12783855,2177.3066,0.0,False
0.0,0.001,0.1,10.0,0.001,0.0,8.228565562039485,0.001,0.001,0.0001,0.0005,1.2861554692743886,10.0,2.553239839578756,100.0,14.113411164444056,19.070297693292478,5.148704102277169,0.0,0.0,6.759559e-14,698.61975,0.047964178,False
6.073083542920654,0.001,0.1,10.0,0.001,0.5460972320942391,4.844954585896835,0.001,0.001,0.0001,0.0005,3.6589337171727054,10.0,10.972510497638128,12.104406441206548,2.4624611672208925,17.648513600254113,4.21607298913435,0.0,0.0,0.85,918.31903,0.010457677,False
0.0,0.001,0.1,10.0,0.001,7.240795877504035,5.411007087501966,0.001,0.001,0.0001,0.0005,1.2134907613759918,9.966013227658902,5.126187709827388,97.46163771111888,13.491956825289794,19.312798208792678,3.0159846472648537,0.0,0.0,0.0,705.7556,0.044323776,False
10.720464307618563,0.001,0.1,10.0,0.001,0.14759911226638428,6.894675595808257,0.001,0.001,0.0001,0.0005,1.2381167453219424,10.0,10.126240130576377,29.479028906974676,20.0,20.0,6.16469680738412,5.115944176396695,4.8657422039136975,0.85,2031.4349,0.022437518,False
0.0,0.001,0.1,9.52627996607311,0.001,0.6167103906857565,9.451651280820526,0.001,0.001,0.0001,0.0005,6.4728205812205015,0.0,12.431089812006878,0.0,0.0,20.0,0.27545860636715996,0.0,0.0,8.658261e-17,655.9815,0.0025301536,False
18.459571158390126,0.001,0.1,10.0,0.001,0.675461075416045,4.825681248148267,0.001,0.001,0.0001,0.0005,3.645096257517602,10.0,12.201196029186969,1.2512098352898915,5.743400129554658,18.361952825866467,4.573494784721702,0.5313777642814369,4.4071571540109105,0.85,1670.7339,0.0156933,False
10.316943535221201,0.001,0.1,10.0,0.001,6.87667085263186,5.489987000956857,0.001,0.001,0.0001,0.0005,1.249631843338625,10.0,10.607651197341854,94.46888697512357,20.0,19.27313081043498,4.124228365171581,4.792225498171416,1.4692221907280854,0.85,1707.9886,0.018492159,False
1.3612015962843127,0.001,0.1,1.8463183838666828,0.001,1.4159041527927638,5.089589604602248,0.001,0.001,0.0001,0.0005,6.860725856852371,8.861005355274399,12.213195572278249,20.55165610958484,8.947701990830893,12.566101493217898,2.8341227829017344,1.5774411684355552,1.379323344819261,0.52497935,1041.083,0.0,False
0.0,0.001,0.1,10.0,0.001,3.7804332957324416,10.0,0.001,0.001,0.0001,0.0005,6.478346328354945,0.0,20.0,88.07350138610285,11.551443652686743,20.0,2.137356602337819,0.0,0.0,0.0,1036.6606,0.02393128,False
0.0,0.001,0.1,10.0,0.001,4.010238082702503,7.30059655455633,0.001,0.001,0.0001,0.0005,1.2387320675138436,10.0,13.82002558925368,100.0,20.0,20.0,5.699121177224221,0.0025321747350023362,0.27675619139860125,0.0,1066.1163,0.050048202,False
1.7960576303096067,0.001,0.1,9.212769675564182,0.001,0.0,7.635137512793738,0.001,0.001,0.0001,0.0005,6.591399925570761,1.902324120146672,19.05258044368192,100.0,20.0,19.891551271244573,4.314266472059075,2.8907903455599966,0.20782314970242788,0.0,1391.3975,0.049694125,False
0.0,0.001,0.1,9.759386444869264,0.001,0.8203815925138658,9.944047006560053,0.001,0.001,0.0001,0.0005,4.102348006699922,8.938450970288859,0.0,81.59230639296896,10.477933300372328,0.0,0.2638940392156328,0.0,0.0,0.0,430.44824,0.008871246,False
0.0,0.001,0.1,7.409724911885089,0.001,8.004541207358539,5.9064598745070995,0.001,0.001,0.0001,0.0005,1.2306438886285231,0.0,5.077522859143678,63.52691100873673,0.0,15.225297169664005,4.82886921617082,0.0,0.0,0.0,741.7291,0.03736779,False
19.423511013236514,0.001,0.1,10.0,0.001,0.0,7.747988514790856,0.001,0.001,0.0001,0.0005,1.291024070990785,10.0,11.099612216543964,30.065915662352023,20.0,20.0,6.7779074104824035,10.0,10.0,0.0,3172.8765,0.06380084,False
10.03223923553688,0.001,0.1,1.5592879845424172,0.001,1.8262860240989196,8.463536787517349,0.001,0.001,0.0001,0.0005,6.788093310070411,5.3920597787146916,19.66499070008101,98.71220505194977,9.296854956412798,16.290826400667065,0.0,8.591653093514417,5.726405081767658,0.7186064,2280.7817,0.0,False
8.88195533235532,0.001,0.1,10.0,0.001,2.718079110191154,0.0,0.001,0.001,0.0001,0.0005,1.715297436436669,5.974716682791142,9.198419723058917,35.469005021881806,11.16605416212877,17.04208477088833,5.16531526090973,2.2329039090064717,4.464386592973811,0.0,1499.4943,0.049832363,False
7.465617711608082,0.001,0.1,3.4380500477146447,0.001,1.4360437839817743,0.0,0.001,0.001,0.0001,0.0005,2.347769850676337,0.0,8.596783803112059,8.805974030481787,0.0,16.81663854892385,0.0,0.0,0.0,2.230088e-16,452.8451,0.0,False
5.458666697315899,0.001,0.1,9.22491572543729,0.001,1.995699117714661,0.0,0.001,0.001,0.0001,0.0005,1.9786749404928328,4.8012664801914555,6.456740243608885,56.48411846565511,0.0,16.908946651672203,3.687347339566182,0.0,0.0,0.0,652.9531,0.04188522,False
20.334648408605634,0.001,0.1,5.509341897179254,0.001,6.18405886490459,9.78233972929133,0.001,0.001,0.0001,0.0005,3.909722573702925,8.14921456494002,17.290879975710077,36.903345639565,16.497440922462612,18.636440889821756,5.27392300904436,3.7693169344643627,3.1219367109005143,0.85,2252.4312,0.008768393,False
7.699581262693041,0.001,0.1,10.0,0.001,2.851031575807916,0.0,0.001,0.001,0.0001,0.0005,1.7818243040804582,5.140275920905331,8.915171792842335,35.8038683811259,1.915671956073493,16.882448545890906,4.535126776138912,0.0,0.0,0.0,834.1327,0.043933585,False
5.784559975630123,0.001,0.1,10.0,0.001,0.9496799783060005,0.0,0.001,0.001,0.0001,0.0005,1.8387731052781096,6.4084603174769565,6.30215651996288,74.73245683065723,14.566043593115053,16.954974943990326,5.693241815096272,6.04805198899249,4.764735073403462,0.0,1758.375,0.053271405,False
5.610076213426755,0.001,0.1,7.492969400365298,0.001,0.545862094178574,0.4900230187607307,0.001,0.001,0.0001,0.0005,2.3450466479236334,0.5828226294768373,9.525367967187254,42.973487456642,12.039792309183914,16.27659231752556,3.4138035290473274,1.811619119786506,2.4579273015476053,0.85,1065.1747,0.0075005833,False
11.30756090296646,0.001,0.1,10.0,0.001,2.0438211540573246,4.356385864894764,0.001,0.001,0.0001,0.0005,1.7294161486185475,6.901610767550629,7.8969909106128195,21.86683150943776,3.891889742494801,16.923381495604765,5.129853502779355,4.250340105535423,2.8457690032365326,0.85,1632.2914,0.015284832,False
7.764034520273119,0.001,0.1,7.644415477712805,0.001,2.881567120137199,0.0,0.001,0.001,0.0001,0.0005,1.8434761760317988,7.106695970460128,8.564717662214402,18.982182691797643,0.0,19.717770635108383,0.0,0.0,0.0,0.0,535.9238,0.019785503,False
5.0681651036953355,0.001,0.1,7.779948534064358,0.001,3.8149128358467492,8.323681888361484,0.001,0.001,0.0001,0.0005,2.82193314485591,6.900624979233897,3.251760154308709,41.325554736394245,9.638493123860346,20.0,3.099822769093598,1.3339529856147903,0.0,0.85,892.3784,0.0085894335,False
4.89565533798186,0.001,0.1,7.325559790828759,0.001,1.5315567966085875,0.0,0.001,0.001,0.0001,0.0005,2.184424552933352,3.978853658073555,5.548064612018329,59.21587716440298,0.0,17.467245081637394,1.935125492111489,0.0,0.0,0.0,491.00098,0.031329,False
1.4704759989328275,0.001,0.1,3.9317250020618055,0.001,0.43069088101000047,3.814641795141434,0.001,0.001,0.0001,0.0005,2.8523249273829814,3.5476901936054057,4.779024253022399,60.83036394729806,0.04687607013063821,14.325484131147864,1.3695772833312638,0.376256404408988,0.0,0.5034362,428.08786,0.0,False
9.84960763399085,0.001,0.1,10.0,0.001,4.625752630485772,0.0,0.001,0.001,0.0001,0.0005,1.721362643664059,4.227381751133082,10.260955591019682,14.47596462365341,0.0,17.529264109909104,4.291640308652732,0.0,0.6095735551389498,0.0,970.10394,0.045483217,False
8.281547696780317,0.001,0.1,8.635700384829041,0.001,3.496912497354239,0.0,0.001,0.001,0.0001,0.0005,1.8765694442996759,3.6069124903606142,8.939768722964649,20.334716207239214,0.0,17.67752479146705,2.72768198759124,0.0,0.0,0.0,729.85956,0.03853122,False
8.986023576081736,0.001,0.1,10.0,0.001,2.9508364366187543,0.0,0.001,0.001,0.0001,0.0005,1.6835816919608138,5.017758080095225,8.79874400548246,25.722740064759986,20.0,16.61921861623643,5.614032705294138,5.90988207181619,7.750064969008069,0.0,2153.833,0.054247316,False
0.0,0.001,0.1,9.258507315473434,0.001,1.191766315053647,4.705537180970419,0.001,0.001,0.0001,0.0005,1.325862649544601,5.697671294567438,6.196378015179701,52.932451771650676,8.330564878151579,19.044978382027345,4.47343023228788,0.0,0.9139292939198311,0.0,727.1912,0.04705774,False
0.0,0.001,0.1,8.72271196937432,0.001,2.3898932731468876,6.202417293641359,0.001,0.001,0.0001,0.0005,1.299357390544193,2.9069255650518637,4.88273615851395,37.230352000160835,3.9206566300223593,20.0,3.3161481056661235,0.0,0.22498609552920057,6.2972354e-13,595.43384,0.04131654,True
0.0,0.001,0.1,8.727821046336143,0.001,1.1394145443826524,5.048385503864,0.001,0.001,0.0001,0.0005,1.3006787778193,5.160868489288342,8.3343252264907,47.85874183345412,17.421694879259253,18.742982843297572,5.478373259065985,1.6359718056812018,2.876793390639636,3.7200996e-13,1169.0535,0.049316064,True
13.878328722559086,0.001,0.1,9.773377062622625,0.001,3.3695754605867156,5.161943954357477,0.001,0.001,0.0001,0.0005,1.2942621096767704,1.615915680646748,7.164038337207879,0.0,0.0,18.00807739809334,2.383776010710042,5.855018001935957,2.1914084748803955,0.0,1604.6627,0.051186338,False
1.859221398000768,0.001,0.1,9.38543438620931,0.001,0.4897578912160652,4.970433688372362,0.001,0.001,0.0001,0.0005,1.338832163825071,7.31760828628425,8.137051444210115,68.6704216984522,17.928481035692005,18.804178959801767,6.014980910391829,4.041894150830055,3.4254164683164703,0.85,1510.5842,0.017744923,False
16.275614915601892,0.001,0.1,8.586950991146631,0.001,2.906935812182629,0.0,0.001,0.001,0.0001,0.0005,2.362077912590739,4.411312841710425,12.565729495296875,47.41274585159087,17.624164525959127,14.36598624020348,3.406212557529273,2.242160181175356,4.267348090505082,0.0,1639.1565,0.042205002,False
16.026868736821225,0.001,0.1,9.412730046497998,0.001,1.6101697105491755,7.811364471457351,0.001,0.001,0.0001,0.0005,2.2569232539897284,5.2894198517556035,11.217085543866745,0.626893288570212,12.22242718358145,16.962778626983635,3.6838427294577144e-05,6.172906545797225,5.156532528706138,0.85,1941.6201,0.014622649,False
18.81902080634486,0.001,0.1,8.869438242748515,0.001,0.39631321999844477,1.6223257688513901,0.001,0.001,0.0001,0.0005,4.293030553512374,4.770678909171937,9.73402196605554,17.662129393622035,9.364037266490266,15.472223084697108,2.831018085167844,4.238362058226144,1.8174693821256949,0.85,1590.3914,0.009476554,False
0.0,0.001,0.1,8.748362462263568,0.001,0.04904926639487189,4.342054893291407,0.001,0.001,0.0001,0.0005,1.2879380374603353,1.4657564263489542,7.745000719757785,56.60749926163374,16.46009080629616,18.7660867821294,5.950702369424036,0.0,2.4371550792484653,0.0,948.03925,0.047731694,False
18.584560955622997,0.001,0.1,4.150149135823394,0.001,1.7733598536063808,4.404747657856064,0.001,0.001,0.0001,0.0005,1.6472723822033961,5.623131809870739,5.368444785628753,69.46648120101634,7.106706261765291,19.99322411558164,3.839920105076894,4.150173287735438,2.9743545761655565,0.85,1626.0103,0.006337504,False
2.1834004496282207,0.001,0.1,7.08832423856252,0.001,9.336387705087688,8.487097360992802,0.001,0.001,0.0001,0.0005,1.7795718574318866,0.1532521259629152,3.644246405101446,57.66237175824755,14.849655006946705,16.324574735587504,5.848406197080526,1.3739542926029804,0.3111022576908076,0.85,1103.9066,0.005384023,False
4.586858772180581,0.001,0.1,9.003960303084614,0.001,4.54218794968639,5.633042553865152,0.001,0.001,0.0001,0.0005,1.4351833406160934,9.384500500453278,16.637526591141608,28.797900129343155,3.802278623461098,13.777214557042946,3.170808884552519,2.99680183232916,2.5580802075651006,0.85,1463.7091,0.0063398792,False
0.0,0.001,0.1,9.999995929730463,0.001,0.2332280508930676,3.9408701237862087,0.001,0.001,0.0001,0.0005,1.3902533410967222,7.5661333446706305,5.680030628036795,89.72106334553818,12.49793599480736,19.153204815799718,5.753385755510215,0.0,2.6160389621538904,0.0,925.6443,0.05036251,False
0.0,0.001,0.1,9.498921636123475,0.001,0.29256769690911355,6.120110552047626,0.001,0.001,0.0001,0.0005,1.6728951001831025,4.697960522301577,8.70382641261518,28.51950841091395,17.531223272367473,19.975885275758202,4.901053171135159,1.0799535280237402,3.8170692311870678,9.620828e-13,1180.1017,0.052570194,True
8.68716493675323,0.001,0.1,9.464247590971048,0.001,1.830875430555733,2.5263322407259943,0.001,0.001,0.0001,0.0005,1.5248400102337623,10.0,4.973449899208865,84.56040845031558,6.964974041516775,15.080039048339255,3.36399712920308,0.13346545450415268,0.7430610613479449,0.85,825.9425,0.005612592,False
0.0,0.001,0.1,10.0,0.001,0.0,0.0,0.001,0.001,0.0001,0.0005,1.4089295005534614,6.90119387521324,0.0,86.11602291295945,4.325229594006175,20.0,4.872717165648485,0.0,0.0,0.0,441.00363,0.04886417,True
26.170519217983966,0.001,0.1,10.0,0.001,0.8605374197918909,5.424322521526079,0.001,0.001,0.0001,0.0005,1.390874898985738,9.805904849376756,10.315622592204647,47.37762314786282,10.90500978629191,19.912847849345244,6.073360417619014,4.068767631228623,10.0,0.85,2667.8093,0.024836808,False
20.297460036254016,0.001,0.1,9.951206265330793,0.001,0.309946417323481,3.379817769810216,0.001,0.001,0.0001,0.0005,2.182486098818422,4.1259944146317205,0.001085934410398107,13.785100772551944,6.486848377994814,17.790671208686028,2.4084154849606683,3.4547982996346804,0.6740627425648091,0.005563388,1219.0077,0.0472492,False
0.10947353361744126,0.001,0.1,7.766892914335809,0.001,2.6858461613435787,4.851344617949584,0.001,0.001,0.0001,0.0005,3.6521642030945056,10.0,8.69862388418604,75.39505285709262,4.655229862499229,16.212604178175887,3.228296873665579,2.7186055113623473,0.0,0.113487475,953.9364,0.035926677,False
0.0,0.001,0.1,5.87842058360762,0.001,4.3137833419489695,5.916162246421188,0.001,0.001,0.0001,0.0005,4.184350452731854,10.0,8.76730010138971,42.17477916364874,0.0,14.489194823463386,0.0,1.4483744509140608,0.0,0.0,668.9704,0.022622427,False
14.522017111149266,0.001,0.1,8.691187111466956,0.001,2.923288761073932,6.080306284969444,0.001,0.001,0.0001,0.0005,1.3045433736363707,10.0,10.22986999555542,27.950590211867443,3.875549433755667,18.23747796428812,4.375750673197327,2.4697541297073027,0.0,0.85,1357.1451,0.011470011,False
26.584742964055003,0.001,0.1,8.814738990574146,0.001,3.7230827953345025,5.465895409133807,0.001,0.001,0.0001,0.0005,6.8890158519491616,7.4507831588072895,9.456694544533187,73.85261348116012,8.580090888251227,20.0,7.012499864689538,4.852447929669691,0.0,0.85,2123.1702,0.01673932,False
0.00021322735219564035,0.001,0.1,6.312321690334928,0.001,3.8841586597115363,5.563390447011736,0.001,0.001,0.0001,0.0005,3.7628896807832084,10.0,8.968098850618201,54.901873889905985,0.0,15.24068443059516,0.0,2.1570501300397886,0.0,0.0,719.8046,0.025510035,False
12.747114511882238,0.001,0.1,6.202215622406739,0.001,4.492042758200575,5.729833813279192,0.001,0.001,0.0001,0.0005,7.037238297235784,9.254820461981208,9.244986183395836,44.00780574449952,1.987524032319293,15.218861365267015,0.0,2.7818234974568625,0.0,0.730706,1161.8728,0.0,False
24.2858031648554,0.001,0.1,8.900855611029433,0.001,2.9304767607316986,6.111344017761374,0.001,0.001,0.0001,0.0005,1.3466995266356008,10.0,10.737653963403362,31.91433297689,6.950364028408921,18.406282645724936,5.262555636646952,3.26691083959177,2.929876010451253,0.85,1972.33,0.015291879,False
0.0,0.001,0.1,10.0,0.001,0.0,2.0080809940723023,0.001,0.001,0.0001,0.0005,3.3867785911085804,10.0,5.685421714963102,100.0,7.374899091314909,17.226386642989727,4.141789491449923,2.3372322087180706,1.366499418187316,0.0,936.4663,0.04766772,False
0.0,0.001,0.1,6.128664431194556,0.001,3.408021954943777,5.483800183518235,0.001,0.001,0.0001,0.0005,6.178727278429685,10.0,6.982118169408247,37.99317416887314,0.0,13.926720225796084,0.0,0.0,0.0,0.0,512.0028,0.020759735,False
8.715230311189446,0.001,0.1,7.30517934724821,0.001,3.584118427418874,5.297929716754131,0.001,0.001,0.0001,0.0005,3.7202685147108534,10.0,9.440544496821444,68.56926798508049,6.299084416228135,16.012620885273254,3.161629787037357,3.343781545426002,0.0,0.85,1252.979,0.0050869416,False
7.608971618017427,0.001,0.1,10.0,0.001,0.7192642725180992,4.813642878797172,0.001,0.001,0.0001,0.0005,1.356768734062037,10.0,8.570542529850623,48.015742913264994,8.650610710201276,19.800455694071083,5.437266463309126,2.2851633594503156,2.269680656095136,0.85,1351.1678,0.018511029,False
4.365636570576637,0.001,0.1,6.990819572988005,0.001,4.280210557051033,5.502155910512165,0.001,0.001,0.0001,0.0005,9.756061632850438,10.0,8.924561471636231,40.100866086940854,0.0,15.425323568123485,0.0,2.444419223099996,0.0,0.0,974.0894,0.028471472,False
0.0,0.001,0.1,10.0,0.001,0.0,0.0,0.001,0.001,0.0001,0.0005,2.326189148109375,6.287257062568675,0.7974331828383296,100.0,16.02082450368681,20.0,5.997294823757965,4.371058691549047,0.08670666248494648,3.699319e-14,990.6957,0.053828064,True
14.27044244791405,0.001,0.1,8.521868466480178,0.001,2.7674144067665973,5.9931959846376905,0.001,0.001,0.0001,0.0005,2.4496234291931334,6.003863252524408,9.769796417214376,39.36012609329817,9.404595860895835,17.505700061952606,4.145909995276767,0.7849296389151081,0.0,0.85,1189.033,0.008518108,False
19.0764844909412,0.001,0.1,4.930505385076908,0.001,3.7720359487262396,6.073916220522635,0.001,0.001,0.0001,0.0005,5.630055386550987,8.771281017105903,9.743084718346747,38.25329456588488,9.736278463532152,16.077334098893942,3.188346839607577,1.3347306786710653,0.0,0.799856,1358.3346,0.0,False
8.302566751005296,0.001,0.1,10.0,0.001,1.3669081615387064,5.081193810001068,0.001,0.001,0.0001,0.0005,2.127860716951378,5.345701159945176,8.726511311342351,49.00402141891878,9.940851933873088,18.77412322639865,5.029332000543045,0.08946052012299908,0.0,0.85,978.1489,0.012850149,False
0.0,0.001,0.1,10.0,0.001,0.0,0.0,0.001,0.001,0.0001,0.0005,2.5219549953057827,6.553758003287889,0.0,100.0,10.396438441590615,20.0,4.59466881979686,0.0,0.0,0.0,462.43677,0.048494495,False
14.989826395857285,0.001,0.1,9.645351048638439,0.001,2.424807930815857,5.894064404916572,0.001,0.001,0.0001,0.0005,2.1347836003790444,4.9408227526865565,10.006347906092465,38.974685878830634,9.499343687742606,18.179913906970356,4.9271942460715215,1.1790127361758949,0.0,0.85,1285.9883,0.012237494,False
7.746680707127752,0.001,0.1,8.981157663717852,0.001,1.9789509728606283,5.533039410677515,0.001,0.001,0.0001,0.0005,2.347232993240031,6.048676447556636,8.741076255740067,42.94606445306573,9.68378913329582,17.731995939018006,3.9569596936136553,0.0,0.0,0.85,909.4845,0.00872722,False
28.926516517047755,0.001,0.1,10.0,0.001,3.274652358619197,6.206564325730721,0.001,0.001,0.0001,0.0005,2.1459789347406617,3.7258580269718022,11.20812841902154,43.42479788573671,8.317967582052502,18.770291317370635,5.824952605178698,3.9992888163053304,6.749254841871153,0.85,2512.9656,0.020858489,False
30.26174345301288,0.001,0.1,8.870497831359456,0.001,5.86859901109051,0.2986052245098467,0.001,0.001,0.0001,0.0005,2.646818356849284,8.891567174340752,8.57647020498521,93.97981705321882,19.280134619407633,19.720846696332515,5.517009251225403,0.37807206780250785,0.10890941278783145,0.85,1596.851,0.013354843,False
24.242215999447534,0.001,0.1,10.0,0.001,1.1132374412888213,5.081511040344736,0.001,0.001,0.0001,0.0005,2.0569748087963706,4.786677339236544,10.181608181894472,63.26007965962385,9.935862827905703,20.0,6.262123090796336,4.366869993391937,8.689379229029688,0.85,2543.931,0.024366755,False
7.813351602264411,0.001,0.1,10.0,0.001,0.9840633635991611,4.420275145430565,0.001,0.001,0.0001,0.0005,2.143831297774747,5.61580212837017,8.120434762460974,61.320403901460296,10.729047803633893,19.43312555891499,5.429429947859514,1.2591743360818033,0.0,0.85,1071.7607,0.01522185,False
1.869579178209427,0.001,0.1,9.455891032413213,0.001,1.0685400943890113,4.4215515054047625,0.001,0.001,0.0001,0.0005,2.334354929003735,6.184955163585814,7.21130557956743,57.67429913465295,10.059332602137571,18.486794445824412,4.479178956820505,0.0,0.0,0.85,739.49414,0.0111774,False
20.76538461968309,0.001,0.1,10.0,0.001,1.5724185908638018,5.142999538767411,0.001,0.001,0.0001,0.0005,2.1167304960212445,4.133377279737825,9.821953887263563,59.974192396641236,10.202986927350302,20.0,6.046801748618077,3.7714797768922477,3.2355160227458626,0.85,1958.3262,0.020814266,False
17.041916320745145,0.001,0.1,7.308422298450935,0.001,1.3672238681453912,5.353222581706047,0.001,0.001,0.0001,0.0005,8.7786473282263,10.0,9.558173446515191,34.45269762536176,9.661507672698972,16.95594451840307,1.3962358281083107,0.08521944629776979,0.0,0.82974917,1104.9586,0.0,False
9.176673463644478,0.001,0.1,7.151649967030603,0.001,2.4294087343201127,5.650992605663028,0.001,0.001,0.0001,0.0005,3.0075286086138195,9.024759710123817,8.691559236047437,46.4518277756187,9.703007020090443,16.94188752961685,1.8170411742253152,0.0,0.0,0.8461348,831.2451,0.0,False
7.887139911914575,0.001,0.1,9.350617727268869,0.001,0.6410791816250715,5.089053158416592,0.001,0.001,0.0001,0.0005,1.2642035978251165,0.588845313539871,8.026204367168845,22.586137155504492,9.594491266662672,20.0,1.0679751047147943,0.0,0.0,0.42954174,649.5058,0.0,False
9.098491567234134,0.001,0.1,2.1561581506185656,0.001,3.0808877089606512,5.669023075589948,0.001,0.001,0.0001,0.0005,4.034260087088634,3.084677443194024,9.902055188595725,44.5984731865571,10.80096246536147,19.106485464369722,1.0599044931068204,0.0,0.0,0.2778226,783.4269,0.0,False
8.923815336215196,0.001,0.1,6.181016058752874,0.001,3.552351146430166,6.272595793789333,0.001,0.001,0.0001,0.0005,1.1712233948532185,0.056309589718987925,9.807043125253287,33.162052084374736,10.467231286061825,20.0,3.2207839217609164,0.0,0.0,0.85,893.821,0.0006890313,False
7.129522826069732,0.001,0.1,10.0,0.001,0.7436779589189746,4.07238625242473,0.001,0.001,0.0001,0.0005,1.3497599910413651,1.427691961503167,2.6675859891839977,36.43918500751205,7.7185324191458164,20.0,6.637603623509813,0.0,0.0,0.85,848.369,0.015504961,False
8.38718133888255,0.001,0.1,8.469435740547203,0.001,0.0,4.72122937552786,0.001,0.001,0.0001,0.0005,6.807645098385901,0.0,12.271432460525894,53.01616767062435,18.48111455933047,20.0,0.0,0.0,0.0,2.230088e-16,789.3053,0.0,False
8.938936116915414,0.001,0.1,10.0,0.001,2.1229495753172714,5.103766545800176,0.001,0.001,0.0001,0.0005,1.2790418273217228,0.4386345521192291,7.619016703042317,26.586148549763855,8.660306556792225,20.0,7.4166403396628136,0.0,0.0,0.85,1084.356,0.015812919,False
9.09746121941435,0.001,0.1,10.0,0.001,0.0,3.142555807876203,0.001,0.001,0.0001,0.0005,3.6938726483165447,5.950765022258681,6.010796330354687,90.75677160382347,5.201726048041274,20.0,10.0,6.204626117904408,0.6905979121168462,0.0,1824.9138,0.056984175,False
29.31171449477142,0.001,0.1,7.930120486265224,0.001,6.189261991994762,2.277346131221641,0.001,0.001,0.0001,0.0005,3.781020664897918,8.805466995741805,11.72567822680299,28.140213342634436,7.04806389814097,11.910452447853704,4.272166701197684,8.675204771747104,9.275881453570461,0.85,3090.0474,0.007551771,False
8.859462616001643,0.001,0.1,10.0,0.001,1.6619015886211972,4.324326928991008,0.001,0.001,0.0001,0.0005,1.308567056458652,0.0,4.707784952175597,26.535333126722044,5.963792758407695,20.0,10.0,0.0,0.007868198415882774,0.85,1148.3229,0.016840443,False
8.317915765541928,0.001,0.1,4.501922445393935,0.001,1.8706343426093097,5.835803095656909,0.001,0.001,0.0001,0.0005,1.1011823390350817,0.0,9.605301546543856,30.416439565678694,10.381523332884244,20.0,0.0,0.0,0.0,2.230088e-16,623.6302,0.0,False
0.0,0.001,0.1,10.0,0.001,0.0,2.629049764132019,0.001,0.001,0.0001,0.0005,10.0,10.0,0.0,16.17616049292831,0.0,20.0,0.0,0.0,0.0,0.0,352.95633,0.028099595,False
32.580836232492175,0.001,0.1,10.0,0.001,3.099346820185965,2.768243914942788,0.001,0.001,0.0001,0.0005,1.3207249059303636,0.0,9.33129211089375,9.071086000172796,7.735911410329232,20.0,5.345901152372109,0.0,0.0,0.85,1519.9637,0.014994345,False
8.11422705109236,0.001,0.1,1.0011248291879664,0.001,0.0,5.130149926429124,0.001,0.001,0.0001,0.0005,4.273084780839182,0.0,8.176798765417507,58.16707214632064,14.911389224618931,20.0,0.7872601378226406,0.0,0.0,0.0,635.9318,0.0049581775,False
10.226509137840868,0.001,0.1,9.972444695339853,0.001,1.2209955590879513,4.200126327853071,0.001,0.001,0.0001,0.0005,3.893253058567296,6.391644204612725,7.874873344587797,68.51035917189118,6.042827741037896,20.0,10.0,1.270678148439766,0.0005460454264220972,0.85,1426.1089,0.017865716,False
22.883360921212006,0.001,0.1,6.087936500617593,0.001,8.19635376276214,9.952857527454848,0.001,0.001,0.0001,0.0005,8.796376017598519,2.7833277542792305,11.958918328375756,63.11302052528839,9.300918168349305,15.324526828904428,0.9581265603298194,8.904766564937317,0.39711287651379024,0.85,2294.043,0.0027817914,False
6.616474932367596,0.001,0.1,10.0,0.001,0.0,3.2533085666947126,0.001,0.001,0.0001,0.0005,2.7588803116102607,10.0,2.157055591321767,73.51441877590537,8.314789237069997,20.0,5.728147535832537,0.0,0.0,0.0,801.3277,0.0498368,False
0.0,0.001,0.1,10.0,0.001,0.0,0.0,0.001,0.001,0.0001,0.0005,3.4539514600716537,10.0,0.0,100.0,1.1375353489528655,20.0,3.9954183343916725,0.0,0.0,0.0,428.1268,0.047426693,True
38.9777123277959,0.001,0.1,10.0,0.001,0.16638606768362169,2.3164625839042503,0.001,0.001,0.0001,0.0005,1.4963600751239456,10.0,7.536678495703203,63.2892101880225,18.947252802526272,20.0,6.124239325252057,7.434678858871962,10.0,0.85,3183.8284,0.02645242,False
36.71414011614925,0.001,0.1,9.667866752573017,0.001,3.935422569287806,3.9382342828284767,0.001,0.001,0.0001,0.0005,2.007101161640524,10.0,8.248407192833728,53.02077296595781,9.913384519520065,20.0,4.963541411256974,6.08754415154762,10.0,0.85,3030.4036,0.025099326,False
7.328332224483821,0.001,0.1,6.790054513105012,0.001,0.02732701331849395,4.476067052862783,0.001,0.001,0.0001,0.0005,3.0420303804110373,6.515389084342752,7.442336792439871,37.492229963253344,6.543360711321925,14.842349359961633,3.3466257075697206,0.0,0.0,0.8497008,767.36273,0.0,False
8.473488591754535,0.001,0.1,10.0,0.001,0.029822911180531226,5.5265663790373845,0.001,0.001,0.0001,0.0005,1.6039947018352758,10.0,13.309087580943848,47.14485594585895,19.445705053720822,20.0,7.291639847879177,6.279256158945122,10.0,0.85,2612.4265,0.025964765,False
10.093964060054283,0.001,0.1,10.0,0.001,1.082607421377463,4.870683920293998,0.001,0.001,0.0001,0.0005,2.121770437267553,10.0,8.479992147094201,48.859340185133796,10.892496117374947,20.0,6.950857016197499,1.2588324283017491,0.01801919459969179,0.85,1253.3206,0.016829977,False
11.112899516080018,0.001,0.1,9.481381233892975,0.001,2.6921958469802023,5.76259461414074,0.001,0.001,0.0001,0.0005,1.8239242325525655,10.0,11.28392843011474,42.79178779712508,12.962420521862953,20.0,7.165208703480616,3.3173955291979955,7.038978771830831,0.85,2146.8945,0.021882912,False
41.39309315963856,0.001,0.1,10.0,0.001,0.040270500450229424,4.248947771835097,0.001,0.001,0.0001,0.0005,3.529616294991438,10.0,0.0,100.0,1.9822803924954926,20.0,5.743340767618575,10.0,0.8639409646321468,4.514836e-15,2585.6208,0.058484104,False
8.465462056763268,0.001,0.1,7.888441917247246,0.001,1.4841602264304063,5.018374374639323,0.001,0.001,0.0001,0.0005,2.6810199940562676,7.9095493453897685,7.708396744037715,39.45695445617755,7.438976009912247,17.291519228455353,4.776685235674323,0.0,0.0,0.85,934.0902,0.0068771127,False
10.285710095710161,0.001,0.1,9.980334307127452,0.001,2.052475593676739,5.5410124301078865,0.001,0.001,0.0001,0.0005,1.6784074100969046,10.0,10.546944901086805,41.909665928632215,13.383932088460135,20.0,6.955401527762715,2.465145072522458,2.9207232699805,0.85,1675.8129,0.020034213,False
8.126031209510804,0.001,0.1,10.0,0.001,0.0,4.2782581327479905,0.001,0.001,0.0001,0.0005,1.8068596973215387,10.0,8.147654861583607,62.46474112682884,16.657311291245453,20.0,7.018690421907846,2.3485633036932883,1.0571375123405171,0.0,1369.2911,0.053354084,False
5.2405822165655,0.001,0.1,8.097382526538278,0.001,0.0,3.544916988937969,0.001,0.001,0.0001,0.0005,3.0543450249523625,10.0,2.6513972122417857,55.477249621929246,5.432198453864091,18.042878340627006,3.2060623900966867,0.0,0.0,0.0,612.5656,0.038108088,False
8.758559448275276,0.001,0.1,9.492503746004308,0.001,0.9489745562316789,4.589797061674259,0.001,0.001,0.0001,0.0005,2.421614956904757,10.0,6.470797497450468,47.92721509890988,8.143372624198985,19.78122869398254,5.832486236796144,0.0,0.0,0.85,979.0922,0.014049567,False
37.61716593370154,0.001,0.1,10.0,0.001,0.0,0.6915526473774971,0.001,0.001,0.0001,0.0005,1.2768741455274044,10.0,7.1973508563714965,55.29434846064319,20.0,20.0,5.894664245647202,3.2345816044615767,4.698262630115985,0.0,2281.2788,0.05619288,False
16.49033702238791,0.001,0.1,9.358917038088089,0.001,3.4460990422595583,5.48694776741968,0.001,0.001,0.0001,0.0005,2.071930140201497,4.483128816922052,9.16233740577397,31.527068222256876,7.9358460364191385,18.16251460297895,6.502803837927841,0.0,0.0,0.85,1292.5275,0.011299889,False
13.688148879470525,0.001,0.1,10.0,0.001,0.7365309179503825,3.8262749705106525,0.001,0.001,0.0001,0.0005,3.1569029161341158,8.85131040394645,5.459877649229462,97.90622081873647,10.012625042572573,20.0,6.81214959751407,2.8157521825261296,2.1305476816997557,0.85,1567.8285,0.019743368,False
25.006918639508864,0.001,0.1,10.0,0.001,3.8269698931761473,5.337790923533512,0.001,0.001,0.0001,0.0005,1.1742420866267047,5.242725488042096,11.230980576944827,21.258233688019136,11.8340044964757,19.056987973089846,6.017693243833908,3.453664792777011,10.0,0.85,2636.0142,0.023003923,False
0.0,0.001,0.1,10.0,0.001,0.0,2.4956187012921545,0.001,0.001,0.0001,0.0005,2.6799961377649524,9.76170909845521,0.0,100.0,12.843172042485428,20.0,6.461513057750963,0.0,0.9010375927689963,0.0,716.24365,0.05085529,False
0.0,0.001,0.1,6.463954396647635,0.001,1.0199552271916459,5.3888669992049945,0.001,0.001,0.0001,0.0005,4.104154459979718,1.5462610767640104,7.32837982826311,33.450310304538974,7.528535824407925,15.062923714031474,4.279047301499281,0.0,0.0,0.0,688.3046,0.03502353,False
0.0,0.001,0.1,10.0,0.001,0.0,0.0,0.001,0.001,0.0001,0.0005,1.3163505501486625,9.003435977763417,0.0,54.05509684072369,20.0,20.0,4.908064518192129,0.0,2.2639972813618545,0.0,678.398,0.05121612,True
0.0,0.001,0.1,6.564373006091624,0.001,1.6635598610416746,5.45502483404282,0.001,0.001,0.0001,0.0005,4.022115507820323,2.9915527624266662,7.614560645437201,35.29033543677156,7.872574306974347,15.681842602210365,4.651201196191386,0.0,0.0,2.3845406e-13,736.07825,0.03639533,False
20.74577559095867,0.001,0.1,7.380853969905069,0.001,3.9959216802860498,5.468698022418646,0.001,0.001,0.0001,0.0005,9.87713341283058,10.0,9.320667502895976,39.41585205321046,8.510488696232244,17.144036078546144,6.373645078385069,0.5995506182548276,0.0,0.85,1609.2993,0.006848059,False
16.381269591326785,0.001,0.1,10.0,0.001,3.5179703838841805,4.756953711365241,0.001,0.001,0.0001,0.0005,1.481882895643459,5.445703956229674,4.705874775554114,34.92231893824036,7.8758522543996605,19.37598817227672,5.469082967397675,0.39260635854856335,2.7962183545038544,0.85,1380.0701,0.016594982,False
17.710017344508515,0.001,0.1,8.370035551683362,0.001,4.051420770803613,5.8725399292960265,0.001,0.001,0.0001,0.0005,2.8555383532262875,2.5048163092212254,9.810166411743296,31.789189174862443,8.073482376077957,17.599603685538252,7.098893210103535,0.0,0.0,0.85,1390.0068,0.009082142,False
6.4367539957300615,0.001,0.1,6.647566366851569,0.001,2.802726160181285,5.768483005187387,0.001,0.001,0.0001,0.0005,5.420429469671535,3.3648607642217576,8.544606952720805,33.90254540900477,8.313777816425906,16.106684848124043,6.300320506000752,0.0,0.0,0.85,1064.5463,0.0031389496,False
18.782038353982735,0.001,0.1,10.0,0.001,3.5301007724114033,5.062801977953627,0.001,0.001,0.0001,0.0005,1.197237998662012,4.89260721429611,7.791967438201938,27.307502307577092,9.252331305977524,19.019271733194223,5.764406504242904,1.1146012023312828,4.593451157564154,0.85,1732.4427,0.017926395,False
9.537402972959901,0.001,0.1,9.679998230437207,0.001,1.4846980569902535,3.9134308901872257,0.001,0.001,0.0001,0.0005,3.2955584546574084,8.608246441364116,4.596165532079218,83.1693312595708,7.738893814422246,19.922853047376016,6.3789367283659795,0.0,0.0,0.85,1001.52435,0.014791444,False
0.0,0.001,0.1,9.337229815272204,0.001,1.1673476249467156,3.521912889247431,0.001,0.001,0.0001,0.0005,3.2299720439813164,8.725602765128084,2.616719132845943,78.10066286301563,7.307488999141673,19.43833218172184,5.728625293420525,0.0,0.0,0.0,679.2119,0.04786372,False
0.0,0.001,0.1,9.455246681702954,0.001,0.0,0.7053327345243492,0.001,0.001,0.0001,0.0005,3.3645029741608483,9.787133840708025,0.0,92.37062328504663,6.215267521935947,20.0,3.5118916098083486,0.0,0.0,0.0,420.0258,0.043946315,False
10.922297022735124,0.001,0.1,10.0,0.001,2.7556343991548085,4.221472851745515,0.001,0.001,0.0001,0.0005,1.773284265527861,8.897603406813223,8.901158979473717,43.41243965808318,20.0,19.66780032578155,6.393473784817356,0.8767828008339944,0.0,0.85,1247.6185,0.015702114,False
8.039912078193469,0.001,0.1,7.173093808231844,0.001,2.2023641764938064,3.77789148481449,0.001,0.001,0.0001,0.0005,4.09171964066957,5.030675227842454,7.758801870013277,47.78048008220823,0.0,16.80880005192514,4.823466382442302,0.0,0.0,0.0,907.52844,0.03926083,False
6.941129892642316,0.001,0.1,9.31003447137144,0.001,0.8061536741647973,3.6014221887951265,0.001,0.001,0.0001,0.0005,1.6354137274297091,8.792466564988574,7.950308622989867,35.861347545083596,20.0,18.4093869082968,2.748132433056339,0.0,0.0,0.85,773.2958,0.008812564,False
8.72896778345526,0.001,0.1,1.0,0.001,6.741154237506459,9.882157990999533,0.001,0.001,0.0001,0.0005,0.6312616365307487,5.445504991452425,5.817153617082457,33.166093128287535,0.0,19.733290643829974,1.0892128289947898,0.0,0.0,0.0,739.48126,0.0058582183,False
5.288935850321992,0.001,0.1,1.0,0.001,6.82822289978353,10.0,0.001,0.001,0.0001,0.0005,0.8964829175081586,3.9785639628591456,0.8143284487451791,33.10934910516325,0.0,20.0,0.09664173820208628,0.0,0.0,0.0,497.51602,0.0028266234,False
8.618200205519072,0.001,0.1,1.0,0.001,2.3028029055896817,5.16023818275306,0.001,0.001,0.0001,0.0005,0.7244601589657096,10.0,10.628473553603829,25.94746022299561,0.0,15.836858848423347,4.213815956114415,0.0,0.0,0.0,876.47034,0.014932188,False
7.770653480964078,0.001,0.1,9.862834027449756,0.001,1.3846152777784324,4.070877366306552,0.001,0.001,0.0001,0.0005,1.6279376437167565,9.04760629720835,8.420327898921961,35.73065884171523,20.0,20.0,4.437229042422767,0.0,0.0,0.85,930.41693,0.013972166,False
0.14896340203515587,0.001,0.1,7.094170543559443,0.001,5.623857330489406,10.0,0.001,0.001,0.0001,0.0005,1.1428832134270435,2.226161314560174,0.0,40.050416133761665,15.84662404925445,19.903624667700978,1.546611718397476,0.5355815265702438,1.085528399511466,0.0,656.4671,0.032854848,False
3.304265755913338,0.001,0.1,9.324038815491926,0.001,1.4181469369953077,2.632812392414396,0.001,0.001,0.0001,0.0005,1.210216487592111,3.862382831010662,5.788581057544173,54.360586974246935,0.0,18.11207562168187,3.1210221654528576,0.0,0.0,0.0,573.16473,0.04224247,False
11.943257195846702,0.001,0.1,1.0,0.001,3.8753222842889534,3.707070157965053,0.001,0.001,0.0001,0.0005,6.5623733287739086,5.260022251728631,8.006951779482138,65.61799218668993,0.0,19.54574934180502,5.770999834019525,0.0,0.0,0.0,1092.843,0.01938918,False
3.453525777401265,0.001,0.1,1.097122700838123,0.001,7.690149271479618,10.0,0.001,0.001,0.0001,0.0005,0.4140502162387266,10.0,6.343966719708698,21.616488092605067,0.0,20.0,1.5733237175807888,0.0,0.12125675110185283,0.0,699.8113,0.007973204,False
6.6332294715581925,0.001,0.1,10.0,0.001,0.0,0.0,0.001,0.001,0.0001,0.0005,1.8525803468000401,9.897590027484974,4.366176633409446,61.639747723451336,20.0,20.0,0.0,2.1375442559140247,0.0,0.0,655.2875,0.038628582,False
2.5668236062750363,0.001,0.1,3.4117374951680137,0.001,8.560781391901445,6.596569856598134,0.001,0.001,0.0001,0.0005,0.9551167607121996,1.6686881769834396,1.3987767356718206,80.89524478287899,2.021538656239504,16.374441458122153,7.423982987778077,0.0,0.0,0.77559483,883.004,0.0,False
14.899092519727194,0.001,0.1,6.378235815721916,0.001,0.0,1.8697690762171226,0.001,0.001,0.0001,0.0005,1.3673158561811969,7.238538665533349,16.8850857522462,31.21347533160121,14.193016317357667,19.59470631153552,2.413733203374694,0.2403553997267924,1.7547674701686606,0.0,1190.4778,0.03462813,False
13.362551333904014,0.001,0.1,8.383182214043508,0.001,6.199576129431513,9.33916318626345,0.001,0.001,0.0001,0.0005,1.271301641999919,3.6866597411273783,8.640612763773019,38.91692648213675,18.632184114265932,19.843369112494734,2.680266727238796,1.0308795081938456,6.280369432757539,0.85,1703.401,0.016803067,False
8.642339310659796,0.001,0.1,9.960210602793492,0.001,1.3649617590326182,8.921656058850614,0.001,0.001,0.0001,0.0005,1.3584626064503558,9.56896592920312,7.802202382007692,59.36647683168312,13.032591392760565,20.0,6.839728429705757,3.60324026040606,0.0,0.85,1483.6982,0.018563708,False
7.278093112682346,0.001,0.1,10.0,0.001,1.4317981585678563,7.796086487703999,0.001,0.001,0.0001,0.0005,1.3509239517094138,6.692622863534523,3.0448641769311164,76.91216605850755,10.273937479675295,19.78811221033045,5.238993925186554,0.0,0.0,0.85,881.80054,0.014583538,False
23.184353847400253,0.001,0.1,8.875809997541733,0.001,0.5027805578740042,4.934338715666622,0.001,0.001,0.0001,0.0005,4.543623890194405,9.42001408576121,0.00023834318688217344,72.99672918652782,10.124819366761237,16.524755455250432,1.8494036498627873,0.35571017927246085,3.81843690460114,0.0012210642,1315.5079,0.043762352,False
6.58548092966889,0.001,0.1,9.263754605485277,0.001,2.4714467851402295,6.304491906916967,0.001,0.001,0.0001,0.0005,1.2560128178045664,5.454435084039739,3.171957940047413,54.02585638879193,10.245673567584268,19.089429865594035,2.7146725317331115,0.0,0.0,0.85,694.5984,0.0095835095,False
7.87257589244263,0.001,0.1,9.152911962288039,0.001,2.791401889056326,6.441657625039348,0.001,0.001,0.0001,0.0005,1.2105816134297251,6.7169144908664125,5.444911876519222,41.413527277423455,11.148279575771237,18.76939403156839,3.3820624702843096,0.0,0.0,0.85,827.12634,0.009805646,False
46.389984337482076,0.001,0.1,9.405012787756492,0.001,0.0,9.356784679091474,0.001,0.001,0.0001,0.0005,1.4856079211248172,4.490931969141677,7.950272545187126,89.680381920352,11.519641873560749,20.0,5.602589770220268,6.95533628997844,0.1470153916994844,0.0,2575.5513,0.054750267,False
9.244098582085046,0.001,0.1,8.790282382087144,0.001,0.0,4.453045118012482,0.001,0.001,0.0001,0.0005,3.9470677619035968,6.266680865222362,4.666032498255566,58.11437459995532,8.04461145814391,17.717554007250914,5.87528080372962,0.7841012711715312,0.0,0.0,1017.502,0.044982366,False
0.0,0.001,0.1,10.0,0.001,0.0,2.8353564245279115,0.001,0.001,0.0001,0.0005,3.7410760420542473,0.44322184491868677,0.0,100.0,0.0,19.107124927553304,3.821664700091084,0.4238119266381075,0.0,0.0,475.10077,0.046988588,False
8.033100455344243,0.001,0.1,9.963271337347976,0.001,2.7279712458987837,7.835454163182015,0.001,0.001,0.0001,0.0005,1.2754023727506214,6.610629001875221,4.739581545904573,54.178025873812366,10.607334512219568,19.66592409665004,4.603290647289521,0.0,0.0,0.85,920.35846,0.013871555,False
10.083338869779904,0.001,0.1,8.486883550612639,0.001,1.3053180248316316,5.171382424916073,0.001,0.001,0.0001,0.0005,4.000865054963553,7.47566935887285,6.723583151017019,46.92549266637048,9.745189215868198,17.4642540582629,6.377592384920902,1.8384186247152667,0.0,0.85,1254.9858,0.010327266,False
1.9446251168836268,0.001,0.1,10.0,0.001,0.04679395809236168,0.0,0.001,0.001,0.0001,0.0005,1.627015666760524,6.579042702874705,1.3493178956580016,79.4069769670402,13.981540396514324,20.0,5.258219509280966,1.669330012638639,0.0,0.0,726.7086,0.051063664,False
14.094967043227106,0.001,0.1,9.885075063947351,0.001,2.679150896966112,3.9095015381840574,0.001,0.001,0.0001,0.0005,1.4208889078196636,5.481472315581927,8.918067863341223,37.53706368102358,12.130373246770613,18.614079185108363,5.986496584033578,1.373687936532633,3.8816629804469986,0.85,1603.854,0.016850479,False
1.9268343909593058,0.001,0.1,8.917215958304322,0.001,1.0603540431689316,0.717395578700868,0.001,0.001,0.0001,0.0005,3.5926903704504864,1.8379858859869604,18.43660633619485,70.63176068173448,18.444931569585904,18.090231461684283,6.914089099114273,2.4845740541782924,2.7796756704274483,0.85,1539.7858,0.014535491,False
9.777922534520938,0.001,0.1,8.242215452028386,0.001,0.0022828531254337515,4.823244786282491,0.001,0.001,0.0001,0.0005,3.941522462642376,8.290422002495275,6.214057012532938,41.56864507812648,9.689908351473008,16.905392420331488,6.4204195368364845,1.9006593091696713,0.0,0.2631531,1214.2373,0.033198304,False
46.78389122032603,0.001,0.1,9.593357340520855,0.001,0.0,9.112751718745416,0.001,0.001,0.0001,0.0005,1.4971603695678684,6.479904637223187,9.224454169462376,81.33416982994048,12.959744589220485,19.96080632154348,6.769257753382045,10.0,10.0,0.0,3765.3047,0.0628552,False
4.275274106102717,0.001,0.1,10.0,0.001,1.7939576183886097,6.728472307535514,0.001,0.001,0.0001,0.0005,2.2920573991513695,10.0,2.435620962910679,84.24327869917417,16.89919519558377,20.0,5.773734076496366,0.0,0.0,0.85,869.3533,0.015163469,False
9.870000961742011,0.001,0.1,9.676173252970296,0.001,3.651699715309965,8.192881172142819,0.001,0.001,0.0001,0.0005,2.3918379204922773,10.0,8.674196078230986,50.29935508178416,18.468671256621086,20.0,7.353299955898109,3.126059535581536,3.994459691178802,0.85,1904.2495,0.02042063,False
7.304682545373269,0.001,0.1,10.0,0.001,2.7673539815074024,7.643837365273612,0.001,0.001,0.0001,0.0005,2.150745944167174,10.0,5.692462327729758,72.23232203658566,19.428808478990106,20.0,6.627194755497522,2.3139235396338664,0.6879081206640735,0.85,1370.8586,0.018102393,False
9.393104962227836,0.001,0.1,9.996200079589759,0.001,4.575282427546299,7.975244023265385,0.001,0.001,0.0001,0.0005,1.6169398473958903,10.0,7.236030554453645,45.00534808286362,16.726857333535218,20.0,6.277525348842765,0.3727742356241174,0.0,0.85,1216.8843,0.01581904,False
8.717188181296672,0.001,0.1,10.0,0.001,2.530438764509277,5.591535323578382,0.001,0.001,0.0001,0.0005,3.6451221425081903,0.0,9.038392668346761,40.65419714578749,0.0,20.0,6.893844913088968,1.8227053153622315,3.8458231086074983,0.0,1588.7096,0.054848008,False
1.2501584200896503,0.001,0.1,10.0,0.001,0.0,3.931007673877773,0.001,0.001,0.0001,0.0005,3.7010471187470535,6.2775971849325165,0.3777593085352614,87.2118268846043,2.5496371945784375,20.0,6.339371665395221,0.0,0.0,0.0,675.0081,0.050088286,False
24.1646980405581,0.001,0.1,10.0,0.001,1.8817448257519822,7.976175585294972,0.001,0.001,0.0001,0.0005,2.3020333841749587,10.0,8.685851288815668,39.44328536082772,13.671621054637878,20.0,4.869302200939966,3.4840430889012386,2.819556642254689,0.85,1974.9668,0.019998133,False
3.170429318160712,0.001,0.1,8.138949951872561,0.001,3.732565028205226,0.45977921824158885,0.001,0.001,0.0001,0.0005,3.3020117361300945,9.495690369136101,4.35922998788934,68.59997187880292,4.343412791503852,5.000353958708294,2.7036577968772955,0.17954590312686114,6.213085359970253,0.5601309,1099.5035,0.0,False
21.197817760668407,0.001,0.1,10.0,0.001,6.059086677840082,5.627951844195986,0.001,0.001,0.0001,0.0005,1.3982095153773177,0.0,6.862221363588893,0.0,0.0,20.0,1.2782156898503167,3.1343774854523327,2.413943297136373,0.0,1524.637,0.045943,False
6.579332907773251,0.001,0.1,9.576332770635036,0.001,0.0,0.0,0.001,0.001,0.0001,0.0005,1.1422911911075233,9.724828458322463,6.780781038101401,50.479266706260816,15.115497718112936,20.0,7.319126878722521,0.03032061253514429,0.0,0.0,923.4894,0.049878877,False
28.45933701482274,0.001,0.1,8.292676027828872,0.001,1.2269995973716703,0.0,0.001,0.001,0.0001,0.0005,1.6960413743570648,10.0,10.667808626364012,8.489027318088274,13.155746466058531,20.0,4.585140530154552,6.238424293532648,8.174579035040502,3.0799363e-15,2602.1501,0.05734939,False
14.644588402530934,0.001,0.1,10.0,0.001,5.478734340639615,6.289194020417507,0.001,0.001,0.0001,0.0005,2.629540268044318,0.0,7.956282168614871,19.432766834624392,0.0,20.0,4.154741127624294,0.47221080331698034,0.0,0.0,1152.9055,0.048643846,False
5.8047217105203845,0.001,0.1,10.0,0.001,4.301508278271425,7.6092695134461765,0.001,0.001,0.0001,0.0005,1.747564437995085,10.0,2.5954664731317845,75.42003962060367,20.0,20.0,4.853292646423152,0.0,0.0,0.85,915.0752,0.014646907,False
0.0,0.001,0.1,10.0,0.001,0.0,3.7972444063527204,0.001,0.001,0.0001,0.0005,4.08966803277502,6.49142648012206,0.0,92.67698183877057,0.0,20.0,3.964576672147921,0.0,0.0,0.0,490.6971,0.047329407,False
0.8534570269485127,0.001,0.1,6.795706196176985,0.001,1.5655843001876424,4.014357192679788,0.001,0.001,0.0001,0.0005,7.765063438583637,6.0699079555157915,2.663475902430279,98.11490753612216,7.3327062497478215,2.8640672931425044,8.141320378964,8.910036252393907,1.9355810220221534,0.42990378,1905.4617,0.0,False
9.212785463780616,0.001,0.1,10.0,0.001,0.9173702466812046,4.308883577352006,0.001,0.001,0.0001,0.0005,3.6180064661985756,0.0,5.28952103736688,68.8196372656321,0.0,18.731931672205558,6.368959803717181,3.5929708324207654,1.0201673488796743,3.6722126e-32,1373.5941,0.051919147,False
12.579541320595489,0.001,0.1,10.0,0.001,1.050285678709322,4.194825684932201,0.001,0.001,0.0001,0.0005,3.602452980362642,0.0,3.9322988297193353,60.434824930892695,0.0,17.60353781914507,3.583432239311347,0.6560422444711527,0.0,0.0,899.0358,0.0443232,False
9.791552944981458,0.001,0.1,10.0,0.001,1.5276069401059853,3.9918275814955146,0.001,0.001,0.0001,0.0005,1.0699554445345445,10.0,5.889387477306252,70.76311819803506,14.214384785935593,16.13886605693541,0.0,0.0,0.0,0.85,631.3703,0.0017182719,False
9.731950370137747,0.001,0.1,9.99567403279099,0.001,3.369718950829475,6.78833083751341,0.001,0.001,0.0001,0.0005,0.0,5.945924799947774,5.96585195923205,42.63683125607567,14.764683719587001,16.644314462596704,2.883696823232765,0.0,0.0,0.0,859.9453,0.0,False
4.808270241366432,0.001,0.1,6.1758491443607495,0.001,2.918911683214909,7.898174069651123,0.001,0.001,0.0001,0.0005,1.251161194910063,8.70790324445803,13.179659092037959,80.06166329115685,19.031568617828075,1.318713106352674,3.0829037512750794,1.447124912832033,0.4856981424379015,0.24212338,1109.3826,0.0,False
8.927855828902503,0.001,0.1,10.0,0.001,0.9227909623445287,4.400182121591356,0.001,0.001,0.0001,0.0005,3.7301825901034236,0.0,2.4992032638571477,72.7803240643614,0.0,19.53956623880134,0.8525189952895746,0.0,0.0,0.0,559.3795,0.009163031,False
16.911864659949355,0.001,0.1,10.0,0.001,8.79448602347762,7.126983168968492,0.001,0.001,0.0001,0.0005,1.8762162320781453,0.0,0.0,36.513708332001386,0.0,19.76202456990449,0.0,4.177172623751691,0.6798237245799226,7.860545e-29,1249.5582,0.027277734,False
0.0,0.001,0.1,10.0,0.001,6.4403714256860445,1.759178108757686,0.001,0.001,0.0001,0.0005,1.6681507301560807,2.8323783783541057,3.997685568630454,56.96322782318565,1.4488409250121235,20.0,4.560740110299599,9.825425702028607,0.0,0.0,1555.148,0.0570577,False
4.71910621199193,0.001,0.1,9.296261427335345,0.001,0.7352486587868402,4.925680453925254,0.001,0.001,0.0001,0.0005,4.066877329212697,5.121124214522085,14.119496300186178,45.09268940324238,4.527599130896853,20.0,9.597847610685093,3.0589248694526443,7.26472760774895,0.85,2144.316,0.021587234,False
16.39466267118571,0.001,0.1,10.0,0.001,1.574755085001388,3.4044947768799365,0.001,0.001,0.0001,0.0005,1.1559091074123335,10.0,5.994634672321416,76.2339475642871,17.093699631688363,17.53740602631239,3.4476044776998678,1.7156554294161954,0.0,0.85,1159.2795,0.011453463,False
10.585488909662429,0.001,0.1,8.032768706490298,0.001,1.0149260723245432,3.6652277527920014,0.001,0.001,0.0001,0.0005,3.804168827027997,6.676412512687016,15.017318412909407,66.54862446177712,1.2130973100126585,13.526811841565799,9.15240726450332,1.6130807410976367,0.11144423096381674,0.85,1528.1538,0.002702961,False
0.0,0.001,0.1,10.0,0.001,3.882428420207995,0.0,0.001,0.001,0.0001,0.0005,1.638534969453294,2.9051493855991755,0.0,35.78737946550418,0.0,20.0,4.655304615354705,0.0,0.0,5.975944e-14,478.4305,0.048575114,True
47.33577551950906,0.001,0.1,10.0,0.001,1.3604986151092835,8.511649914742685,0.001,0.001,0.0001,0.0005,1.5308281710573497,7.050980645583503,2.39074161080076,86.87927023492136,12.617352404301677,18.373120561630248,4.524011485388833,5.468911399445141,10.0,0.85,3097.188,0.022672944,False
13.689437617223051,0.001,0.1,10.0,0.001,0.7012042182062068,3.6809005673801236,0.001,0.001,0.0001,0.0005,3.549356131207012,0.0,6.613888139030189,13.080923505502549,0.0,13.69490384978674,0.8975256995366504,0.002294500544078787,0.0,0.0,738.85913,0.009693537,False
6.1092246696163945,0.001,0.1,8.20531060629121,0.001,1.0084386916390362,3.726169134933048,0.001,0.001,0.0001,0.0005,3.2130458638601156,6.255731313590981,5.341440280293259,25.73768144697477,10.939315454680854,19.021371050653915,10.0,0.0,0.0,0.85,1133.72,0.011718946,False
12.159329713446123,0.001,0.1,10.0,0.001,1.359777546937255,6.868692405223697,0.001,0.001,0.0001,0.0005,2.490428863636755,7.756758157813755,15.028595741202134,83.79596273279269,14.633700877603886,20.0,5.5112841527011565,10.0,4.182577496984929,0.85,2548.785,0.024277268,False
37.48656638083931,0.001,0.1,10.0,0.001,1.3901125058920138,7.911905332044088,0.001,0.001,0.0001,0.0005,1.7008569371492523,7.8389719014793755,11.023917329999016,56.65042443088885,9.685170884472543,20.0,6.313984685470231,10.0,6.784268679095545,0.85,3306.0916,0.025792377,False
11.87171837295127,0.001,0.1,10.0,0.001,1.4631507828904866,2.1349686001288677,0.001,0.001,0.0001,0.0005,2.164533313288997,6.67739393403553,10.63655899736964,67.92572134866705,11.374818100208401,20.0,6.5060748774595325,8.365658587033938,0.15778310673437404,0.85,1932.7803,0.020986274,False
9.472122176680488,0.001,0.1,9.266280663560776,0.001,1.5762541746226861,4.541568336450251,0.001,0.001,0.0001,0.0005,1.6220892879412458,10.0,6.34046566662922,52.64337518843586,11.712452012340876,17.74320252807878,0.04578047719830715,0.0,0.0,0.85,644.19617,0.0017075568,False
5.4208539413997805,0.001,0.1,10.0,0.001,4.96022072487988,4.569169791624963,0.001,0.001,0.0001,0.0005,2.326493598255759,3.4633608839014296,8.823007484766325,52.41240663605351,4.801534157005418,20.0,4.9455270351175376,5.457889028815719,8.660324565872433,0.85,2142.3315,0.024711963,True
25.653904413932306,0.001,0.1,10.0,0.001,5.497768776995306,0.0,0.001,0.001,0.0001,0.0005,1.1958442831432692,7.834648457046116,11.795622625217938,20.214741545670243,12.262907037609097,20.0,4.8971225571659,6.347178008534941,6.794591232908079,0.0,2553.0068,0.05980712,False
13.340573162126375,0.001,0.1,10.0,0.001,1.75716033086988,5.028907519229974,0.001,0.001,0.0001,0.0005,3.5630474750242733,6.983450685649252,10.420756672153434,46.50545425408447,12.094761755970422,20.0,7.571847718562764,2.243404354007393,0.0,0.85,1533.7255,0.017864661,False
10.290943804892434,0.001,0.1,10.0,0.001,5.355257378951656,6.286628280328477,0.001,0.001,0.0001,0.0005,2.509550910287002,7.285721845981673,12.180393876412989,72.71327025947956,9.49892727585954,20.0,6.13111684952618,1.4592588249779725,4.876829560378488,0.85,1793.7483,0.020269897,False
10.840919649136662,0.001,0.1,10.0,0.001,1.3866993528185696,0.37488644184464626,0.001,0.001,0.0001,0.0005,1.3116976945571386,8.104001185353642,11.475985767578585,63.61986590723936,13.142049159139066,20.0,5.907790503411806,2.7169724868378653,0.0,0.85,1312.51,0.017592056,False
11.327650031890538,0.001,0.1,10.0,0.001,1.201809869713751,3.279698679316611,0.001,0.001,0.0001,0.0005,3.1421919732405366,8.52341177840467,0.0,57.334611108592306,8.876894639374028,19.60504146745649,5.071399245170661,5.843166218029742,0.09760403266638358,0.0,1404.9661,0.053948496,False
11.849848316140324,0.001,0.1,10.0,0.001,1.1081568897397025,8.244182546862014,0.001,0.001,0.0001,0.0005,2.3718356567931727,7.9699341750853865,16.41465844958891,100.0,18.388300053522602,20.0,5.265571908368189,10.0,5.331791553029448,0.85,2677.5679,0.024931516,False
0.0,0.001,0.1,10.0,0.001,4.896509268467334,3.4602748506141263,0.001,0.001,0.0001,0.0005,2.0443964402955292,2.5266447517774897,6.085654564625406,45.0444329251108,1.8005973008295295,20.0,4.420539562301287,0.0,2.772159223955413,0.0,906.9772,0.051364474,False
9.869437551184113,0.001,0.1,10.0,0.001,1.4095759753059303,0.0,0.001,0.001,0.0001,0.0005,0.6465496630243082,9.746246037743925,13.266081614166756,81.3023172537521,15.858687600674067,20.0,5.234015500822547,0.0,0.0,0.0,1028.3607,0.049344532,False
8.505570371423058,0.001,0.1,10.0,0.001,1.2156103099950966,2.4613470229088668,0.001,0.001,0.0001,0.0005,3.1547463138690155,8.184177530998141,0.0,64.34196363646019,8.405968131545881,19.779782652535836,4.877723942966306,0.04447059631067507,0.0,7.131992e-30,762.8675,0.048658017,False
0.0,0.001,0.1,10.0,0.001,5.409149809240344,3.94104400630456,0.001,0.001,0.0001,0.0005,1.9649482434643817,4.626185720699977,8.286767659933075,6.943628027509232,6.1289730161751095,20.0,5.262414070222015,0.0,10.0,0.0,1622.017,0.056684274,False
16.298673335075094,0.001,0.1,9.122952526789245,0.001,1.917961323139725,4.644939222717685,0.001,0.001,0.0001,0.0005,1.7971624047921257,8.226169800812412,5.910759728077714,52.04344017750076,13.47107746330215,20.0,5.929634116773731,8.872911370086744,7.466038340737287,0.85,2588.6653,0.023789803,False
9.218875345118366,0.001,0.1,8.192413049874043,0.001,1.7493352033795255,4.683624914692569,0.001,0.001,0.0001,0.0005,0.0,10.0,6.020672724015933,62.31246296794814,12.175947896593264,18.298774980705616,0.0,0.0,0.0,0.0,596.76605,0.0,False
10.57791016846307,0.001,0.1,9.133619981892615,0.001,2.00184900104053,5.1154833364587375,0.001,0.001,0.0001,0.0005,2.029489771752923,8.682414758896892,5.55107491946086,62.27545049787986,12.32567003944492,20.0,6.091841012161849,0.0,0.7029786284141125,0.85,1102.0243,0.014561194,False
0.0,0.001,0.1,9.06321080251796,0.001,1.7346235353276884,3.5418954759331687,0.001,0.001,0.0001,0.0005,2.0569793536706644,10.0,3.289366361103786,90.4211993194943,11.61702148204057,20.0,2.738495193657415,0.0,0.0,0.0,514.83093,0.040087353,False
0.8658152069568936,0.001,0.1,9.542232237909118,0.001,4.297207536093883,2.2663549340539504,0.001,0.001,0.0001,0.0005,2.375661558939946,5.198667555722424,3.6577396497554737,67.19311280895678,0.7652216894831727,19.42305295197738,5.177992150244133,0.0,0.41450533617172325,0.85,710.27075,0.013574384,False
16.640272563355676,0.001,0.1,8.981853870388338,0.001,1.600372988430977,5.326538085669119,0.001,0.001,0.0001,0.0005,0.33081156207007995,5.8017770250678256,14.778649870939201,14.008287321023488,17.12213513290617,18.840190935738978,6.214812301186502,10.0,10.0,0.85,3086.2222,0.010903606,False
37.01024710640726,0.001,0.1,10.0,0.001,1.3066764361276304,4.7167517069617295,0.001,0.001,0.0001,0.0005,1.750946741591384,6.95009164310235,5.615346162593653,62.26172130364163,12.235914473928094,20.0,5.453546000053585,10.0,3.334427869172154,0.85,2798.9963,0.023765976,False
12.68010454513528,0.001,0.1,8.979148015408256,0.001,2.130210208378744,4.964206292250043,0.001,0.001,0.0001,0.0005,1.6243096789193596,8.624115493961888,5.428284251592289,59.00479134938098,13.75529847555219,20.0,6.242169013630021,1.3095245308998114,6.084490534936656,0.85,1706.3728,0.019174831,False
23.44055284970469,0.001,0.1,9.652401048873681,0.001,2.1138115282382346,5.358947772794831,0.001,0.001,0.0001,0.0005,0.9100748469470478,6.86579157478918,16.622700159912924,24.5728479850521,18.745214492692256,19.646475580612623,3.7996948929330165,7.272362172688415,7.676019272553173,0.85,2731.5825,0.023520641,False
8.046794401897174,0.001,0.1,9.021442251851523,0.001,1.4468107246208748,4.998620629115867,0.001,0.001,0.0001,0.0005,0.0,6.944712062573457,15.104409466615774,31.388777558015228,17.791616111734342,20.0,7.680824616167152,0.0,1.6903644953057633,0.0,1375.9006,0.0,False
2.3976583747622966,0.001,0.1,9.67945188734588,0.001,1.714119345434988,3.7966761303079473,0.001,0.001,0.0001,0.0005,1.8432771519900633,9.031135897379025,3.0119841316358165,67.61384953641621,14.91175016413411,20.0,5.386059356528166,1.111874741692662,6.503309935203946,0.85,1363.6542,0.020336052,True
14.505406268237863,0.001,0.1,7.904894685349781,0.001,5.637693814865376,4.021920998789788,0.001,0.001,0.0001,0.0005,0.0,10.0,6.900936319497651,74.69054082924254,17.092022033472954,20.0,4.957490513982241,2.086704156359744,10.0,0.0,2113.4612,0.0,False
0.0,0.001,0.1,10.0,0.001,4.6690830437521695,0.2530761168520065,0.001,0.001,0.0001,0.0005,2.1163406710039627,3.6811100830664634,4.041495769403932,43.95896153491684,0.0,19.496762811457454,4.71608098525088,0.3479270811611478,0.9614040526657692,0.0,707.3752,0.049768325,False
19.564896243435168,0.001,0.1,8.834777300283966,0.001,1.617057339613204,4.237437927626946,0.001,0.001,0.0001,0.0005,1.6914700994357754,4.489036221119806,5.601354119947917,0.0,17.730863248002787,20.0,6.166256551700614,10.0,10.0,0.85,2963.1711,0.025025083,False
0.0,0.001,0.1,8.74769920177867,0.001,0.8571566057675105,3.5620313212651773,0.001,0.001,0.0001,0.0005,0.459059373272411,9.97678100200385,11.71412316057893,48.18619872275783,16.123607948747434,20.0,5.293083161308245,0.0,0.0,1.8279176e-13,810.68604,0.04516624,False
25.608049932657917,0.001,0.1,10.0,0.001,1.9653236630313424,0.8750999683947478,0.001,0.001,0.0001,0.0005,2.905833420656121,9.661235805254433,6.427914052175504,25.601759557427684,11.529309604535111,20.0,5.18020799457965,3.686276003281333,0.9751111926083749,0.85,1728.5717,0.018876428,False
0.0,0.001,0.1,10.0,0.001,5.275294768703599,4.086532982058176,0.001,0.001,0.0001,0.0005,2.2711398340389297,0.10318541968276324,0.6482535184615461,0.0,0.0,20.0,3.3806872846179643,0.0,0.0,0.0,516.28076,0.038518947,False
25.94965459792708,0.001,0.1,10.0,0.001,1.5183046234012902,7.900502618580035,0.001,0.001,0.0001,0.0005,2.7074892954807495,10.0,5.238218113974462,74.99856587253134,11.404990233406998,20.0,6.30596890538452,4.460604762238486,3.647054669236055,0.85,2182.604,0.021417726,False
23.84137041384173,0.001,0.1,10.0,0.001,2.0300614905404704,0.0,0.001,0.001,0.0001,0.0005,2.3765454048590233,9.60632335230316,6.022786167499356,16.503500644211197,11.993887364798164,20.0,4.87825200208282,3.7092785311514214,0.7527685231282808,0.0,1621.1047,0.053304352,False
0.0,0.001,0.1,10.0,0.001,3.6697137251052436,4.874369591327634,0.001,0.001,0.0001,0.0005,3.1929316871199047,2.0508929517876338,3.4349862320849156,24.30489570403823,8.500165976303455,20.0,5.433499773618051,0.0,0.0,0.0,733.9954,0.049609754,False
25.981573291185356,0.001,0.1,10.0,0.001,1.9235480673158845,7.4450987339280905,0.001,0.001,0.0001,0.0005,3.1817865756248276,10.0,5.777450729559207,62.463709695163885,11.456286559165124,20.0,6.551539955474865,6.652630220450565,4.901591891297604,0.85,2522.8555,0.02323599,False
0.0,0.001,0.1,10.0,0.001,0.0,5.2324214230746975,0.001,0.001,0.0001,0.0005,3.5082284335340903,8.650803596044632,0.7095846608876787,100.0,10.884391304380664,20.0,5.9029687116617735,6.6667510906943885,0.0,0.0,1299.9404,0.05561647,True
27.742948736446444,0.001,0.1,10.0,0.001,0.9339231500135542,9.687253370203605,0.001,0.001,0.0001,0.0005,2.4151747882894665,10.0,14.448250892269163,53.77736779653335,13.24939669053854,20.0,8.186202848535626,10.0,10.0,0.85,3577.4453,0.027544592,False
0.0,0.001,0.1,10.0,0.001,4.2031854227979295,4.51207337447832,0.001,0.001,0.0001,0.0005,3.183754348894486,1.2659098952304078,2.955561947457096,11.436818659426898,5.945875019975854,20.0,5.207433262430756,3.5795125860964934,0.0,1.2976383e-13,1035.9469,0.05262328,False
25.661503382078436,0.001,0.1,10.0,0.001,2.1306572352805038,0.9378198220872576,0.001,0.001,0.0001,0.0005,3.1362034299100836,10.0,6.020319777375595,21.57879856949389,11.916048442177331,20.0,5.230108776357596,0.0,0.0,0.85,1314.3973,0.014948571,False
9.190004103747148,0.001,0.1,9.717223408353044,0.001,2.6800045589037804,5.761728929259359,0.001,0.001,0.0001,0.0005,3.7520454900381113,10.0,5.504267925506026,52.27391961773179,13.746978845776832,20.0,4.924637447900798,0.0,0.0,0.85,1012.009,0.014183301,False
0.0,0.001,0.1,10.0,0.001,6.260974321815372,5.957911844297969,0.001,0.001,0.0001,0.0005,3.3462319959484206,2.9461456643861403,16.146519421223925,12.473794976962816,3.798012666483191,20.0,4.3376152332883136,7.708002477097159,6.922892130928849,0.0,2265.0557,0.060735945,True
24.507109569533846,0.001,0.1,10.0,0.001,1.9190828347432274,7.384292026138011,0.001,0.001,0.0001,0.0005,2.975375398366085,10.0,5.316760973200929,68.07078421451519,11.189729076968252,20.0,5.648356484059198,0.0,0.0,0.85,1405.5273,0.015113906,False
0.0,0.001,0.1,8.446720444977856,0.001,7.306441877250274,1.3622023957458698,0.001,0.001,0.0001,0.0005,0.704297447287806,2.883724888704725,10.526716508114939,85.11988922145724,6.327943641520539,18.977904808194644,3.32398006708438,0.0,0.0,0.0,695.4948,0.039733853,False
0.0,0.001,0.1,10.0,0.001,4.371171175274969,4.617790803850218,0.001,0.001,0.0001,0.0005,3.30142146003448,0.0,2.31581111673005,0.39144532937179016,4.472701789553074,20.0,5.12414967302282,0.023736968063420464,0.0,3.426834e-13,685.04175,0.04923596,True
8.215838155392385,0.001,0.1,10.0,0.001,2.603618194708682,3.421373189837644,0.001,0.001,0.0001,0.0005,3.374084541940521,3.2908786296412473,5.540263476968773,36.61677367959017,8.19756321952591,20.0,5.36767116718435,10.0,8.41345739316028,0.85,2531.852,0.026680103,False
11.060047953582608,0.001,0.1,10.0,0.001,2.3757273530005807,5.82726255278248,0.001,0.001,0.0001,0.0005,3.934593855152891,7.5166569595457755,8.067360064028641,52.50817480361183,12.106981900353336,20.0,5.906617573087822,0.0,0.0,0.85,1156.1681,0.0152159985,False
9.51302175102966,0.001,0.1,10.0,0.001,2.3879184239399196,5.722686127865249,0.001,0.001,0.0001,0.0005,4.223587481754652,7.496514665888311,7.264914513490533,57.73043815781753,12.561387105830558,20.0,5.311937279075823,0.0,0.0,0.85,1072.031,0.014980918,False
0.0,0.001,0.1,10.0,0.001,0.0,2.3693980606387437,0.001,0.001,0.0001,0.0005,3.0389704859577815,9.15500420945629,0.0,97.47915001084107,10.031821907724098,20.0,5.599639771699362,0.651074888900879,0.0,0.0,645.61414,0.050521243,False
0.0,0.001,0.1,10.0,0.001,2.336537931072276,1.1751122388237174,0.001,0.001,0.0001,0.0005,3.6844099811194653,0.9278818195461505,1.9314002856394172,51.59526747122458,2.9665963047241046,20.0,5.35398370518733,0.0,0.0,0.0,593.91437,0.049504034,False
10.354931241808881,0.001,0.1,10.0,0.001,2.570208757192807,4.5116796325938155,0.001,0.001,0.0001,0.0005,3.7899563880596103,3.4096381071655717,6.902843325969119,40.96585224327623,9.5334427636072,20.0,5.610640789538759,10.0,10.0,0.85,2783.991,0.027544592,True
9.347629472063115,0.001,0.1,10.0,0.001,6.835472745269832,7.094154790954132,0.001,0.001,0.0001,0.0005,3.7806553842044432,0.46585741061806507,11.044620827050391,21.56371592437654,11.589646925913492,20.0,5.9717886091273265,7.116764348318977,0.0,0.85,1921.6582,0.020218557,False
10.107353700175954,0.001,0.1,10.0,0.001,2.5971973130301995,5.032443811868039,0.001,0.001,0.0001,0.0005,3.837336029303666,4.444849502184874,7.05558421102252,46.32959485242379,10.535918023533439,20.0,5.798859518046112,10.0,2.881990772479513,0.85,2239.4844,0.023537971,False
11.847629188602092,0.001,0.1,10.0,0.001,7.167541032872052,7.620187267962587,0.001,0.001,0.0001,0.0005,4.598075971888825,1.088708801407989,10.56653656326885,45.77394367407685,12.381743176214703,20.0,7.41578672564923,0.0,0.0,0.85,1432.7719,0.015812581,False
9.093374972520044,0.001,0.1,8.612719512004585,0.001,3.086335377156835,0.22271273207414927,0.001,0.001,0.0001,0.0005,0.0,7.894401004770001,9.551732709377589,31.13992886410386,0.5036182108636954,14.883934837566947,3.1614289708182186,0.0,0.09319942135676564,0.0,773.06134,0.0,False
11.458262383392693,0.001,0.1,10.0,0.001,2.75541003578847,5.708139747749811,0.001,0.001,0.0001,0.0005,4.227815772422128,5.2715930385838226,8.659949209767461,50.28596478550496,11.485550937144941,20.0,6.640910393691881,4.417844582581675,0.0,0.85,1634.2081,0.019018175,False
15.861052509374469,0.001,0.1,10.0,0.001,2.267836262253904,6.174985356322516,0.001,0.001,0.0001,0.0005,4.93515505388172,9.405389413048935,11.131647596084758,48.67124472529697,12.3337232420292,19.19874373344138,7.479314151321679,3.547629021553437,2.8378693533692907,0.85,2017.2169,0.019307364,False
0.0,0.001,0.1,9.634890665574385,0.001,0.8439855093916064,0.405369563474847,0.001,0.001,0.0001,0.0005,2.6500708791634957,9.251385240387688,0.0,89.37425289908002,7.922119054888518,19.89922103858727,2.929142048729611,0.0,0.0,0.0,386.05783,0.04275291,False
25.085470210377288,0.001,0.1,10.0,0.001,6.86330541061137,3.940111542722438,0.001,0.001,0.0001,0.0005,4.153950755137518,0.4853094675911639,12.41599483287362,32.8147907340678,9.230518963705864,20.0,7.527007723405985,10.0,0.0,0.85,2625.6487,0.02177,False
26.954458499429222,0.001,0.1,10.0,0.001,3.0930195065907062,2.997492358274227,0.001,0.001,0.0001,0.0005,3.116910855567428,8.94150349237425,12.981862856131542,5.068011118438789,9.842617933293774,20.0,3.0938379338040747,10.0,10.0,0.85,3136.5146,0.027449539,False
17.752273550059297,0.001,0.1,10.0,0.001,1.5154532777246474,6.482322188800977,0.001,0.001,0.0001,0.0005,2.9923039262801066,9.472055290050328,8.03920221413469,40.909568859958696,10.864158930154959,20.0,5.848847198549956,10.0,10.0,0.85,3022.0583,0.027544592,False
7.775948889579285,0.001,0.1,10.0,0.001,0.054245179420991496,5.262295528164911,0.001,0.001,0.0001,0.0005,2.926900106306849,9.284772700336326,3.9885110171562586,82.60416196103021,11.294993763983726,19.054277170131083,6.487590661716551,10.0,6.1814741043940895,0.85,2386.127,0.023828005,False
1.3166645828902899,0.001,0.1,10.0,0.001,0.37577582757350425,3.308528522159895,0.001,0.001,0.0001,0.0005,2.9328049003172914,8.382583425554373,2.5164687247340547,83.77206161491816,9.198910787668154,19.574685329741023,6.097485357720264,0.847628679725507,0.0,0.85,794.3367,0.015398205,False
8.098882804184333,0.001,0.1,10.0,0.001,0.9520994757413183,5.164111638080538,0.001,0.001,0.0001,0.0005,3.22734300258237,7.80085910047022,5.209259196388495,64.55945385673168,10.03864163400155,19.596702524670853,6.467460798657885,7.654514784709663,3.874135983325504,0.85,2026.443,0.022420015,False
0.0,0.001,0.1,10.0,0.001,6.1952056366776445,3.3831443256678218,0.001,0.001,0.0001,0.0005,2.456685376889986,2.0326684628970257,9.345635272407367,16.811293837341974,3.3375017436178633,20.0,4.594390914285987,3.022934338523891,0.010656808100252295,0.0,1079.2428,0.051565316,False
28.841883644080912,0.001,0.1,10.0,0.001,0.6569633616498117,6.6561745787470405,0.001,0.001,0.0001,0.0005,1.9520900624073891,10.0,8.460991466077347,25.636515153234598,10.510245461616325,20.0,5.28252509009171,10.0,10.0,0.85,3223.7087,0.027544592,False
30.729625231063608,0.001,0.1,10.0,0.001,1.090496089177131,6.5177282292033825,0.001,0.001,0.0001,0.0005,1.9550496291445199,10.0,9.859535852935345,12.292459576970577,10.216426019462494,20.0,4.541557783002928,10.0,10.0,0.85,3256.6821,0.027544592,False
23.788065492601486,0.001,0.1,10.0,0.001,4.225654550579205,0.944336214138479,0.001,0.001,0.0001,0.0005,2.4341080605068313,3.118566523949522,11.158807436166205,0.0,8.257804241336796,20.0,5.066110939237149,10.0,10.0,0.85,3090.234,0.027544592,False
7.560251847448936,0.001,0.1,10.0,0.001,2.0120671870518474,5.565054855474282,0.001,0.001,0.0001,0.0005,3.138294290853957,9.992831619859219,5.998924885529382,53.99796146520261,12.302240040192014,18.661046258033284,2.87705517403153,0.0,0.0,0.85,828.676,0.010570211,False
1.7060846484856882,0.001,0.1,9.662097385094366,0.001,1.6052188890905106,4.159107750566367,0.001,0.001,0.0001,0.0005,2.715715682929293,8.894403945990968,2.50630885248047,68.28301426240671,11.426981385188892,19.284314691895936,3.6133507950664914,0.0,0.0,0.85,613.26276,0.011710378,False
2.5785076125347675,0.001,0.1,10.0,0.001,6.737165305864874,5.564167805947581,0.001,0.001,0.0001,0.0005,2.533559970642496,4.368399857288943,8.675943451440954,51.26740421400308,7.963374592376853,20.0,4.628176630478125,0.0,0.0,0.85,919.63586,0.014422196,False
5.706985980890727,0.001,0.1,10.0,0.001,2.0867885177210264,4.88749365188454,0.001,0.001,0.0001,0.0005,3.610884063122616,3.7428696598671127,5.809047874668538,50.47540778762586,8.261604591922517,20.0,6.621028106323594,0.0,0.0,0.85,973.1916,0.015498408,False
32.55893158472869,0.001,0.1,10.0,0.001,0.0,7.430957416710977,0.001,0.001,0.0001,0.0005,1.6346380784121204,9.029421302928261,7.1377226454139455,27.619060634601666,9.876020242045549,20.0,5.844699640709644,10.0,10.0,0.0,3307.4978,0.06380084,False
14.188756225987524,0.001,0.1,10.0,0.001,2.413857160396893,6.288884073391616,0.001,0.001,0.0001,0.0005,4.279216500182525,8.18193623657126,9.861880691443645,47.039631506594056,11.427719792467439,19.92847697883574,6.958264890123874,2.7667303131410454,1.9619733674298638,0.85,1761.9106,0.019502198,False
32.01933734426874,0.001,0.1,10.0,0.001,6.779948058715769,5.55493481560632,0.001,0.001,0.0001,0.0005,5.940607520190495,10.0,10.555049953803044,75.10452357814249,9.172149092495612,20.0,10.0,10.0,4.1027968686665925,0.85,3326.2188,0.024331274,False
5.5730406687850556,0.001,0.1,10.0,0.001,2.126706597068266,5.707717797996641,0.001,0.001,0.0001,0.0005,4.641348306954868,10.0,8.567754530798087,47.32513841500054,13.146064568268056,17.37735669584896,3.109958823770228,0.0,0.0,0.85,885.9289,0.00917073,False
0.0,0.001,0.1,9.552057900931532,0.001,0.0,0.0,0.001,0.001,0.0001,0.0005,1.7132897244018102,10.0,0.0,98.3054753886749,13.132237301835744,20.0,2.624935319008197,0.0,0.0,0.0,344.05154,0.04149543,False
11.861256915089138,0.001,0.1,10.0,0.001,2.27876688224027,5.75384177377215,0.001,0.001,0.0001,0.0005,4.689714047638135,9.917353748579727,9.238403056664104,47.279323109494,12.813393655360827,17.686141897540224,4.407647201904188,0.0,0.0,0.85,1129.8784,0.010598856,False
18.081464111659947,0.001,0.1,9.65838349898959,0.001,0.45932147327723444,0.7176375727793085,0.001,0.001,0.0001,0.0005,7.376084433958781,8.704112645038144,0.5734238344724517,88.79750205456195,7.539011131631103,12.31772783847066,3.7529015736748246,3.487769948164498,5.968315946832092,0.85,1760.7272,0.007107789,False
4.437348333483045,0.001,0.1,10.0,0.001,0.13570937050499024,4.7271257128723345,0.001,0.001,0.0001,0.0005,3.028680045808727,7.657138203353087,4.109606765951852,93.1282632781133,10.303906137775499,20.0,6.031486544057644,4.4331855326719545,2.7186579058597244,0.85,1471.7811,0.020819882,False
7.095511890466404,0.001,0.1,10.0,0.001,0.7938759369466043,4.615665512931302,0.001,0.001,0.0001,0.0005,3.4094004068990174,6.391531380108294,5.54107021768653,78.43038790502929,8.962777075637597,20.0,6.024218105984333,2.5749685249067,1.4180093574997419,0.85,1295.3192,0.01866407,False
14.503887734348192,0.001,0.1,8.630941235892788,0.001,1.1362963010512097,5.114200944597528,0.001,0.001,0.0001,0.0005,1.5466490026552973,9.10533443763342,9.830979957378789,85.83456662210364,8.171881854685184,19.02404845387733,5.719458859537452,0.11471182687150423,7.202747320798906,0.85,1751.7296,0.01671217,False
15.30639968311523,0.001,0.1,10.0,0.001,5.833536189495616,3.239536252210413,0.001,0.001,0.0001,0.0005,2.692098970404038,1.6462366401264281,7.199488897588139,35.44314012683362,2.8853460002122793,20.0,4.992328956039562,3.407184219286921,0.0,0.85,1444.4982,0.01779202,False
0.21701991266057924,0.001,0.1,6.369417599291042,0.001,8.037782626949568,7.488330684695406,0.001,0.001,0.0001,0.0005,6.221659102361224,5.061738587606853,4.597929675165694,88.2253760806065,13.958500606503534,15.629788503007575,6.699934516806618,0.0,0.0,0.22497714,1028.7507,0.028098594,False
7.955718185475272,0.001,0.1,5.7432883351873665,0.001,7.654368819333715,1.020158705779787,0.001,0.001,0.0001,0.0005,0.885419853577123,9.819753909344715,7.635511008872923,82.50358559931891,1.9981560671726828,19.315425361100175,2.0948616817595345,2.513726677373474,0.5663674022516043,0.85,1020.9999,0.0011435575,False
9.623763708681823,0.001,0.1,10.0,0.001,1.2013096000699066,5.545327617007142,0.001,0.001,0.0001,0.0005,3.5495759569480723,5.7728647659507795,6.539665605671723,70.41883192682829,9.96662826413502,20.0,6.068785007025866,2.281271167138354,1.4389109789519772,0.85,1380.4645,0.018458778,False
22.40699779027158,0.001,0.1,10.0,0.001,0.957403312618828,7.9486067862725305,0.001,0.001,0.0001,0.0005,2.76173447620618,6.963318235278408,8.335793289591948,66.26324666267074,12.955606206453911,20.0,6.519958430946179,10.0,10.0,0.85,3186.8838,0.027544592,False
0.0,0.001,0.1,1.0,0.001,8.225609436996233,7.3290477852989735,0.001,0.001,0.0001,0.0005,6.559418662129525,4.0070735982447765,2.654108074038364,92.44957645976204,14.79308984076287,15.104580953152562,4.002891205817938,0.0,0.0,0.0,782.41327,0.014328477,False
0.0,0.001,0.1,8.29303483771207,0.001,7.474175891478362,6.141337215576433,0.001,0.001,0.0001,0.0005,7.167344661376841,10.0,5.268272936438676,100.0,11.352312255461003,11.3358974896995,3.3644505650947307,0.0,0.0,4.5647924e-14,841.78516,0.031342447,False
0.0,0.001,0.1,10.0,0.001,1.9215468663525619,5.682720703660946,0.001,0.001,0.0001,0.0005,4.6704364252521895,10.0,7.986654522081034,44.796288841919925,13.714972839348725,16.525152704338858,0.729972146107086,0.0,0.0,0.0,595.6809,0.03649008,False
13.025175884511286,0.001,0.1,10.0,0.001,4.363235297291846,6.3113795331240405,0.001,0.001,0.0001,0.0005,4.6426258086853265,9.015304212156366,10.076168394927791,46.85685314458629,11.351780569050439,20.0,6.91737179446746,0.0,0.0,0.85,1369.2837,0.0156155545,False
10.91755241836859,0.001,0.1,10.0,0.001,4.804237867557756,6.408399514087709,0.001,0.001,0.0001,0.0005,6.474497579983244,10.0,8.583170482963226,73.40493149081561,12.05536310189261,20.0,7.907945497981048,0.0,0.0,0.85,1400.3248,0.016007133,False
36.033837497078544,0.001,0.1,10.0,0.001,4.98839270206256,5.534557317713164,0.001,0.001,0.0001,0.0005,5.122700855921748,7.533215473982926,10.081149362733816,41.090764582584946,9.178902143160707,20.0,5.663493562535557,0.0,4.162249987814391,0.85,2160.6182,0.01822231,False
0.0,0.001,0.1,10.0,0.001,0.0,2.074168688818686,0.001,0.001,0.0001,0.0005,3.8509706809409834,6.1985353321500885,0.0,67.09148755031454,3.419137651483828,20.0,5.335543224179159,0.0,0.0,0.0,548.1211,0.049479514,False
7.937561194268687,0.001,0.1,10.0,0.001,1.4798872630989024,7.365669602135574,0.001,0.001,0.0001,0.0005,1.2986226537360075,10.0,0.0,76.8026317184553,15.746419150127762,19.59057126969411,5.680318137316945,8.079894644295099,2.50475768214723,0.0,1834.2432,0.057840005,False
10.929867981133743,0.001,0.1,10.0,0.001,3.6431175705672554,5.714682522645456,0.001,0.001,0.0001,0.0005,4.439098117582215,7.055001733713601,4.1476251288947115,51.59114985410227,9.484670190994613,20.0,8.070285103997701,0.0,0.0,0.85,1225.9447,0.016071307,False
1.489472406317024,0.001,0.1,7.227040035749037,0.001,8.97171190418723,0.6851688731737555,0.001,0.001,0.0001,0.0005,3.2628151880876413,1.1992704554430782,6.569089202035566,63.3220696360003,15.471545320878207,11.169406434222427,3.547159718732794,4.1525985436127115,1.0114055680425642,0.81037545,1209.5812,0.0,False
24.856465287855052,0.001,0.1,10.0,0.001,0.0,9.416584616856728,0.001,0.001,0.0001,0.0005,1.1786129730850006,10.0,2.338653032059021,100.0,17.516864524277967,20.0,6.118130871158698,7.3829467276741205,1.2032787150978577,4.1193255e-14,2148.6663,0.05725801,False
10.659694264190907,0.001,0.1,10.0,0.001,2.3723534999338076,4.64020756972432,0.001,0.001,0.0001,0.0005,4.181740070620307,6.596493181802185,2.0835259934056443,57.59954688277592,7.05730130677253,20.0,8.567925234638924,10.0,6.316280995747396,0.85,2586.2705,0.025537375,False
23.316086014131177,0.001,0.1,10.0,0.001,1.8389426256454646,9.273756640310097,0.001,0.001,0.0001,0.0005,1.2814217662653418,10.0,8.71320314295773,53.14643189315793,13.908021179059542,20.0,6.323158341030083,10.0,6.050578458099411,0.85,2913.7148,0.025392598,False
5.155728902640101,0.001,0.1,10.0,0.001,0.3014337709608369,2.825205427610567,0.001,0.001,0.0001,0.0005,4.054777185011591,7.1669871355168535,0.0,66.44657594091335,5.549662291198617,19.61271243158813,7.09539897670214,0.0,0.0,0.0,809.7557,0.04974071,False
34.66883746771375,0.001,0.1,10.0,0.001,3.525781192385182,4.958636832807162,0.001,0.001,0.0001,0.0005,4.461694087862383,8.59225776044817,3.243556943476686,52.79757741414844,5.930002825150673,20.0,6.636862163993328,10.0,7.497607140010471,0.85,3186.5527,0.026181066,False
28.059328034947495,0.001,0.1,10.0,0.001,3.6473840050189468,4.883094705731586,0.001,0.001,0.0001,0.0005,4.71032256942881,9.372927430099336,4.293228866786863,57.5356812297968,7.810301354672421,20.0,3.2840065218604213,0.0,0.0,0.85,1331.2087,0.012855158,False
36.4148632467865,0.001,0.1,10.0,0.001,4.867851941719174,0.0816867754011562,0.001,0.001,0.0001,0.0005,1.4646256280621996,8.62712690927449,14.132958725465434,22.44703822888866,13.529881058216684,20.0,3.438974832111356,8.243828162478934,9.370767658159863,0.85,3149.0173,0.026280802,False
13.322818988424926,0.001,0.1,10.0,0.001,3.8054308789659803,6.717699467595106,0.001,0.001,0.0001,0.0005,4.221305659816718,5.778530588918746,9.901922207861514,50.98380922525332,8.6338806790112,20.0,8.192095468986928,10.0,5.456724166096918,0.85,2786.9817,0.025069013,False
6.628673531499861,0.001,0.1,10.0,0.001,0.0,6.297437914258897,0.001,0.001,0.0001,0.0005,1.3715846577463013,10.0,3.8993367992278554,70.48155395469531,16.09925468494006,19.96023132277723,6.862131062751969,8.633997615744006,3.2061564969055665,4.967231e-15,2019.7299,0.059394352,True
2.3626185558757626,0.001,0.1,9.321653484721748,0.001,4.243681246161509,2.4677973894777723,0.001,0.001,0.0001,0.0005,1.1572984178757175,8.863360539523129,3.83830346124397,76.01828501124379,8.869619330652789,19.826718522025338,0.0,0.0,0.0,0.80012596,414.95956,0.0,False
4.832592112018695,0.001,0.1,10.0,0.001,6.55276452280278,3.267669905660565,0.001,0.001,0.0001,0.0005,1.1926234930420232,6.192214455208712,5.358006925634049,47.77133348195794,10.972660771680172,20.0,5.424971340879439,1.5035875804134506,0.0,0.85,1037.1046,0.016409663,False
6.734777582342049,0.001,0.1,10.0,0.001,0.7044670491142404,6.5259158668901325,0.001,0.001,0.0001,0.0005,1.2973660381094752,10.0,4.825048160093818,48.58380906349346,15.156472288759552,20.0,7.431893653216591,0.0,0.0,0.85,1029.331,0.015818948,False
18.387914308091712,0.001,0.1,10.0,0.001,0.0,4.032762552967297,0.001,0.001,0.0001,0.0005,4.052888062457952,7.501491213900375,4.070883815494859,83.42075166706027,3.3214223808095134,19.382323348337668,6.928955941524161,10.0,9.713978187365226,0.0,2914.269,0.06257643,False
2.7560749411891754,0.001,0.1,9.481176289327093,0.001,0.6605420511957699,3.7610930876628226,0.001,0.001,0.0001,0.0005,4.226341605181664,10.0,3.7591376933747744,65.50595575550014,9.464472348432789,18.446431797959267,1.8496291161763225,0.0,0.0,0.85,556.4099,0.008033505,False
0.0,0.001,0.1,10.0,0.001,5.130337882533011,0.0,0.001,0.001,0.0001,0.0005,1.5741888698102198,0.2959981897096819,5.230613487383166,12.376450692520216,0.5526696931736393,20.0,3.9664746338695283,0.0,0.0,0.0,559.9232,0.045806196,False
6.456032076784399,0.001,0.1,10.0,0.001,0.6154483708006019,4.378557559867116,0.001,0.001,0.0001,0.0005,4.153309797279448,7.280368472621377,3.8525794295126765,64.97420479049218,7.737268879483747,19.29367319658234,5.766588772000954,0.0,0.0,0.85,882.21484,0.0139321,False
8.031435990005484,0.001,0.1,10.0,0.001,6.187476284335781,0.634328064170291,0.001,0.001,0.0001,0.0005,1.3891210159970535,5.458556970233789,5.459091037028601,33.4856882265538,10.131972233249407,20.0,5.172326546783462,10.0,6.333084557668568,0.85,2340.9788,0.025515929,True
8.670062365007256,0.001,0.1,10.0,0.001,1.7943405987607106,5.103096063575672,0.001,0.001,0.0001,0.0005,4.323117110879561,8.55338465149898,5.007250100831473,54.63060368160782,9.853817907950699,19.578325663899218,4.737230619504845,0.0,0.0,0.85,945.15234,0.013955064,False
1.5421582358979509,0.001,0.1,10.0,0.001,3.4499443263047267,5.114537159377123,0.001,0.001,0.0001,0.0005,3.88264511920699,10.0,16.41069517929011,39.97475140190578,4.0562278656491415,17.901199214405693,0.0,0.0,0.0,0.85,737.0948,0.0017182719,False
3.8916802926881466,0.001,0.1,10.0,0.001,3.888207300942717,7.646289434958174,0.001,0.001,0.0001,0.0005,3.7361614872647024,9.776631465945393,14.735946850187343,6.539141901344863,5.965202596080101,20.0,0.0,0.0,0.0,0.85,813.591,0.0010764082,False
1.128260995296522,0.001,0.1,10.0,0.001,0.0,2.8769200605347844,0.001,0.001,0.0001,0.0005,3.866892922920178,5.653670794096508,1.1363260234219266,80.27031037593275,3.047949516312401,19.48551758511161,6.688952819548231,5.98757814979627,0.0,0.0,1249.5712,0.054501608,False
8.369765460264128,0.001,0.1,10.0,0.001,1.7629823404689686,4.847028741127486,0.001,0.001,0.0001,0.0005,4.37838367198917,10.0,4.989585221099438,55.4980400263911,9.906405776528203,19.604555380115055,3.9216925023126707,0.0,0.0,0.85,889.18744,0.01314267,False
12.077238073043914,0.001,0.1,10.0,0.001,0.19773054746015192,4.917273046976826,0.001,0.001,0.0001,0.0005,4.134299200897672,7.401029381054583,4.829074767266201,65.61633968697139,6.888178541053777,19.418647003778663,6.72465135719434,8.60084542060269,3.9223941256681942,0.85,2206.7397,0.022633053,False
0.0,0.001,0.1,10.0,0.001,0.0,1.0702719807451433,0.001,0.001,0.0001,0.0005,1.5093495519874027,10.0,3.259120103120196,79.35106820737012,13.906485120775995,20.0,5.868459251809442,4.866734450441835,1.2735399102467952,0.0,1186.3673,0.055132188,False
10.433343551627743,0.001,0.1,10.0,0.001,2.603784669844191,4.8008784323745175,0.001,0.001,0.0001,0.0005,4.212741628157566,5.5128826341444555,4.701699952916251,56.94127557992263,8.232722813091653,20.0,6.753709330285199,0.0,0.0,0.85,1095.1777,0.015550858,False
4.0577110951210775,0.001,0.1,3.2464795198474796,0.001,5.01755472352258,2.4301120894499215,0.001,0.001,0.0001,0.0005,1.506397410438555,8.70323490251294,3.871821058611786,76.71965153898363,8.720124774878839,19.42737689425351,0.0,0.0,0.0,0.29317805,427.91733,0.0,False
12.484580460611285,0.001,0.1,10.0,0.001,3.0313732807794262,6.830225238793481,0.001,0.001,0.0001,0.0005,3.6179514459610296,2.570304679712258,16.16583680319912,41.07957942252747,3.610655854547521,20.0,5.9219560924673464,10.0,8.119037144145976,0.85,2921.2354,0.026519677,False
25.526553949468568,0.001,0.1,10.0,0.001,0.15815028351024132,8.085613106973407,0.001,0.001,0.0001,0.0005,1.4160936311553407,10.0,13.929125965587088,35.28937703397021,14.870020003374773,20.0,6.639893475472473,10.0,7.319661641749622,0.85,3147.1873,0.026084106,False
21.720083830641503,0.001,0.1,10.0,0.001,1.3113578379505866,4.121289852869679,0.001,0.001,0.0001,0.0005,4.030902459927921,4.94378460561335,5.087744972541579,66.66383069334569,3.85980149062632,20.0,7.263616680812595,10.0,6.871341618205747,0.85,2824.3557,0.025839822,False
13.079054948711653,0.001,0.1,10.0,0.001,1.8522458222292923,4.267429196879854,0.001,0.001,0.0001,0.0005,4.009063970592292,4.43666659645086,4.697198334564546,61.926817819606214,5.563060042288979,20.0,7.323030836583435,4.932073796375269,0.0,0.85,1610.6503,0.019342855,False
0.0,0.001,0.1,10.0,0.001,0.3287553984377244,0.0,0.001,0.001,0.0001,0.0005,1.6579262070203626,8.604778189435127,2.539708324210928,81.78909496809446,8.934758958819565,20.0,3.8323668513183513,0.0,0.0,0.0,461.57794,0.04691238,False
24.780716741000354,0.001,0.1,10.0,0.001,0.0,6.182184001519595,0.001,0.001,0.0001,0.0005,4.077796856391897,2.8380653906483673,14.378121038818055,38.909409271033915,1.6319583283609131,20.0,7.287076882100303,10.0,8.010406332597904,0.0,3180.914,0.062710166,False
34.831915044199455,0.001,0.1,10.0,0.001,1.1551706940234205,4.096324542813414,0.001,0.001,0.0001,0.0005,5.120624502203693,9.838738322627734,13.597047698385705,45.87092036808931,2.662872092772596,20.0,10.0,5.105705324727685,0.0,0.85,2501.1797,0.019742506,False
0.0,0.001,0.1,10.0,0.001,1.17103741483104,3.040396472389154,0.001,0.001,0.0001,0.0005,3.5047128959129332,2.008935419622039,2.0218222174671214,75.54454532956677,1.640940300957102,20.0,6.704000862719321,3.1550837483655974,0.0,0.0,979.78143,0.053046152,False
0.0,0.001,0.1,10.0,0.001,1.7364789218391614,5.385644229317838,0.001,0.001,0.0001,0.0005,1.4325089456818683,10.0,4.21876611778509,57.88895753716551,14.946058722630449,20.0,5.849770717084723,10.0,3.230480417539723,0.0,1952.5643,0.060004555,True
47.804836932226664,0.001,0.1,10.0,0.001,0.0,10.0,0.001,0.001,0.0001,0.0005,1.5344729291779957,4.615480110902211,1.6072825425513573,46.910159203744385,11.80629651775128,20.0,8.484815077360965,10.0,9.245233384357121,0.0,3684.5137,0.06339144,False
1.5617943524567504,0.001,0.1,9.529021358517074,0.001,3.4465781349814835,0.5404034130277875,0.001,0.001,0.0001,0.0005,1.0298572896421245,9.048955723872849,0.0640117741776258,95.12224940551516,5.854833130391545,10.288313396162534,5.381280126452786,7.154977071899687,1.8923410380646177,0.32794094,1404.5927,0.024857983,False
34.50631976284416,0.001,0.1,10.0,0.001,0.0,9.5196688239904,0.001,0.001,0.0001,0.0005,1.325298396094199,7.633428732857781,15.396927579942648,37.293242837268814,15.030222561739237,20.0,7.714693066738908,10.0,10.0,0.0,3681.8154,0.06380084,False
2.0596226061267786,0.001,0.1,10.0,0.001,0.2766003139931505,0.0,0.001,0.001,0.0001,0.0005,1.5218224411172745,10.0,3.1111260668382377,80.25223634141355,14.116349466166003,20.0,5.749599949284885,2.7791632780113633,0.47147594582748503,0.0,952.548,0.05271787,False
9.747991707253814,0.001,0.1,10.0,0.001,1.7556445760775534,6.594717584512613,0.001,0.001,0.0001,0.0005,3.3380324446395297,8.794850357075193,5.779767686143514,61.83178850255422,12.953988777185996,20.0,6.469675708297681,3.121027784324183,0.0,0.85,1400.4336,0.018140955,False
0.6504638822825254,0.001,0.1,10.0,0.001,1.5638752794859736,6.623710029320051,0.001,0.001,0.0001,0.0005,3.2074432525386216,10.0,4.344948233149316,91.53088634645987,17.054238102193782,20.0,5.598786380685091,7.563088385111705,0.12117288271131677,0.67431366,1538.3574,0.027977277,True
4.169230091309274,0.001,0.1,10.0,0.001,1.669791248514062,6.714321527963275,0.001,0.001,0.0001,0.0005,3.313959276499419,9.799306220485727,4.81585817004634,76.88674077076472,15.548782269551717,20.0,5.819446920636899,2.747094264752251,0.0,0.85,1186.7908,0.017581584,False
6.612086613591536,0.001,0.1,8.476450265437446,0.001,4.430625700580134,2.8168291987398986,0.001,0.001,0.0001,0.0005,2.861393239089746,0.21296687469138778,3.4500982683110717,67.24487580597463,2.225950994907235,16.420097953842706,7.956223994875399,5.340094359074811,0.9698554102371643,0.85,1551.2919,0.011049815,False
1.0394432009137882,0.001,0.1,10.0,0.001,1.2894729469028288,0.6599418280950959,0.001,0.001,0.0001,0.0005,2.2993113743042852,8.500724542060734,3.182365646430581,100.0,9.784135435902055,20.0,6.103807230167892,0.0,0.0,0.85,682.9276,0.015293948,True
2.957993209780963,0.001,0.1,5.7631208749797045,0.001,3.8608887891339623,2.811057564841138,0.001,0.001,0.0001,0.0005,1.8661594974882834,10.0,2.9314163174637327,100.0,7.134063736189612,20.0,0.0,0.0,0.0,0.54369384,393.72955,0.0,False
0.0,0.001,0.1,10.0,0.001,1.3957943738501832,6.937846484974743,0.001,0.001,0.0001,0.0005,3.3039713815564955,10.0,3.9221339205956554,100.0,20.0,20.0,5.227020635330147,5.2696625310557454,0.0,0.0,1281.8126,0.054030035,False
0.0,0.001,0.1,10.0,0.001,2.9684636621445524,4.653051766877107,0.001,0.001,0.0001,0.0005,4.119812624610192,1.5742411332452353,19.879820677887817,18.929188440082093,0.0,20.0,5.854449815047439,6.5299811276853035,1.0492933857252884,0.0,1766.4257,0.056321424,False
12.997308736710988,0.001,0.1,10.0,0.001,2.015400538577779,5.643244062941144,0.001,0.001,0.0001,0.0005,3.8907179844580075,8.167727829705322,6.795169979458182,48.25263523289772,12.068667977599219,20.0,6.9147635383095185,0.0,0.0,0.85,1227.9259,0.015614524,False
12.394877528671024,0.001,0.1,10.0,0.001,1.3217955503312406,0.0,0.001,0.001,0.0001,0.0005,3.480781559553261,7.511982877058616,6.280014371054175,56.533626835525816,9.942863455570597,20.0,5.85414278648842,0.0,0.0,0.0,1006.2453,0.04988864,False
0.0,0.001,0.1,10.0,0.001,4.333087206245375,7.211845799793997,0.001,0.001,0.0001,0.0005,3.3690046884814713,10.0,2.071300568444434,100.0,20.0,20.0,3.5361577953688372,10.0,0.0,0.0,1642.1744,0.056258164,False
7.1290057284373365,0.001,0.1,10.0,0.001,1.7698025778797541,6.388120895893606,0.001,0.001,0.0001,0.0005,3.3985936421340353,9.114328325537977,5.15834951766223,68.15506636722891,13.31883865548714,20.0,5.767379434099543,0.0,0.0,0.85,992.88745,0.015160956,False
32.572819447772574,0.001,0.1,10.0,0.001,1.543925866702658,8.305258071115757,0.001,0.001,0.0001,0.0005,1.3769270686308068,4.150604586120247,10.101179655898582,29.594484608352428,10.376982102104865,20.0,8.332215057505879,10.0,8.738680693811794,0.85,3444.4004,0.026857313,False
33.262040544446734,0.001,0.1,10.0,0.001,1.5101596141373141,8.749893956473334,0.001,0.001,0.0001,0.0005,1.0126498454225905,2.8271770858619876,10.222830319966931,18.528027802717276,9.741992365392246,20.0,8.197719081520248,0.0,0.0,0.85,1817.2606,0.016121682,False
0.13469453451859065,0.001,0.1,10.0,0.001,1.6151501726669073,5.011556291848391,0.001,0.001,0.0001,0.0005,3.332151575077369,8.216075037589983,4.179671581288079,82.31867918160626,11.924235645302737,20.0,5.473814534193582,3.840120185794786,0.0,0.13963322,1111.2548,0.04743037,True
9.994072935674517,0.001,0.1,10.0,0.001,2.3574387330299644,5.200716515447141,0.001,0.001,0.0001,0.0005,3.902308680599393,9.607647259697124,5.29495886918231,70.91947806614107,10.87543459329212,18.966591579014427,2.9911225533653285,0.0,0.0,0.85,886.85345,0.011118552,False
15.987651389011889,0.001,0.1,10.0,0.001,1.9666603218271934,0.0,0.001,0.001,0.0001,0.0005,2.609082730090131,7.505976416908986,4.9758739757953565,76.91438467008732,9.08975524549152,20.0,4.926322711870094,6.150871003323162,4.977487600601538,0.0,1971.0232,0.058401495,False
11.088484932869212,0.001,0.1,10.0,0.001,2.39830542658162,5.99980817563041,0.001,0.001,0.0001,0.0005,3.713289608316309,7.747973254398596,5.360708431009171,62.29427840096557,11.144257586479716,20.0,6.451548028932247,0.05748495677247825,0.0,0.85,1136.3914,0.015504129,False
27.195692258955752,0.001,0.1,10.0,0.001,0.0,8.248892395934114,0.001,0.001,0.0001,0.0005,1.4161068083740176,8.425957063453064,10.301411251527242,44.49910228905481,12.881772213936367,20.0,6.8478138129388055,10.0,10.0,0.0,3326.613,0.06380084,False
4.306874059555404,0.001,0.1,10.0,0.001,2.0229915897830693,4.473364273710215,0.001,0.001,0.0001,0.0005,3.3713971639827673,7.8339806073420775,4.299496824864674,77.91979850047936,10.13072453952341,20.0,5.258972495301987,0.0,0.0,0.85,833.1151,0.014959981,False
14.514352109908652,0.001,0.1,10.0,0.001,1.471016060225755,0.0,0.001,0.001,0.0001,0.0005,2.408191650981573,8.202471227701917,4.799337736069713,81.48575690065094,9.181943107644889,20.0,4.947710625578683,0.9356100920620172,0.025433067284695406,8.083764e-17,1041.2878,0.050158136,False
0.0,0.001,0.1,10.0,0.001,0.9827439926754166,5.71718536915253,0.001,0.001,0.0001,0.0005,2.9237079338235605,9.675264326223685,4.473340918803322,80.9025033119876,16.16493977766147,20.0,5.345214803846384,8.765789677788982,1.8911518907644975,0.0,1727.3549,0.058477644,False
7.243619908966171,0.001,0.1,10.0,0.001,2.1851356654890632,5.810540601840328,0.001,0.001,0.0001,0.0005,3.6100724322469286,7.600965013859601,4.941232914363524,69.28335149631899,10.889754668239428,20.0,5.9305733924446535,4.733735836365079,0.06650756025480674,0.85,1435.2488,0.019131057,False
0.0,0.001,0.1,10.0,0.001,3.7902556438153034,4.134693274403208,0.001,0.001,0.0001,0.0005,3.6332558114159004,3.2835783426931564,2.89710065011346,95.66269823171605,2.907586741769541,20.0,5.551468186675957,3.8501363326610005,0.0,1.5158358e-13,1072.993,0.05314429,True
11.546891926109105,0.001,0.1,6.491386272941697,0.001,3.198766419303438,6.606011182873056,0.001,0.001,0.0001,0.0005,4.392833246467788,10.0,16.259238662425798,33.58310103633846,8.071123545327001,16.507096868210407,0.0,0.0,0.0,0.61618805,985.1603,0.0,False
3.0895506184152466,0.001,0.1,10.0,0.001,1.9956836476663564,5.78943557037351,0.001,0.001,0.0001,0.0005,3.475925955847422,8.345893702925816,4.707879369801388,75.53762949056872,12.16840052845469,20.0,5.60031374150118,7.735580021625587,1.5128551704856006,0.85,1708.2047,0.02154392,False
16.575204587401863,0.001,0.1,10.0,0.001,0.6162607667729914,0.0,0.001,0.001,0.0001,0.0005,1.528458348632504,9.917394389942425,5.629509933786184,59.86890750481319,11.357018520012277,20.0,4.848733445470497,5.775821978408397,5.385761076963581,0.0,1960.8368,0.058340482,False
23.765492170788026,0.001,0.1,10.0,0.001,5.371257344646149,5.516142623236534,0.001,0.001,0.0001,0.0005,1.24823928422893,1.6079904382161225,16.84979844308744,42.53562720104301,1.6065967803576933,20.0,1.2921888403055548,0.0,0.0,0.6069356,1301.1508,0.0,False
3.2684555201081302,0.001,0.1,10.0,0.001,3.090396258235586,4.441751494320203,0.001,0.001,0.0001,0.0005,3.6865638025277696,5.267322203774116,3.6699813875670726,98.79654191012241,6.940034119921272,20.0,5.838389573165262,0.7987448964149434,0.0,0.85,912.1159,0.015998239,False
4.554636965975078,0.001,0.1,10.0,0.001,4.950439713756619,4.924635740947948,0.001,0.001,0.0001,0.0005,2.9627912317469733,0.1604493250001167,6.4833555518346975,0.0,0.0,20.0,4.928980585634678,9.887087863076525,6.298363259988794,0.0,2286.4497,0.06166588,True
4.4026432877620865,0.001,0.1,10.0,0.001,1.3528729269415127,5.24252630664293,0.001,0.001,0.0001,0.0005,3.145218617913952,10.0,5.628926836296686,72.82690097417355,13.779755919826185,20.0,5.329488669097264,2.7590282477702477,0.0,0.85,1139.8108,0.017396856,False
4.2574531215692,0.001,0.1,10.0,0.001,4.932868541015406,4.209787367787167,0.001,0.001,0.0001,0.0005,2.623931725781456,0.0,3.5753427422415562,14.055996678050944,0.0,20.0,4.763258491082985,0.0,0.0,0.0,763.5357,0.048718642,False
2.797382182019648,0.001,0.1,10.0,0.001,0.10976289192022756,6.273887561784775,0.001,0.001,0.0001,0.0005,2.7952216199351154,10.0,4.724790589415424,100.0,20.0,20.0,5.24792684613389,10.0,2.572247084880086,0.85,1965.3917,0.023288224,True
5.644478347026041,0.001,0.1,10.0,0.001,5.582525702649762,5.241523417096409,0.001,0.001,0.0001,0.0005,3.085513049524447,2.3136297550114286,6.829872840422782,18.39144962379248,5.206262283972789,20.0,5.184602325346232,1.1756450622914842,0.0,0.85,1063.1085,0.016046485,False
19.988060330142805,0.001,0.1,10.0,0.001,1.6611444084946456,0.0,0.001,0.001,0.0001,0.0005,6.466554102174591,3.562579025065335,5.195633054448243,16.97557168481439,0.0,20.0,4.4138982153254585,0.0,0.0,0.0,1092.2509,0.048254155,False
1.7989151516885489,0.001,0.1,10.0,0.001,9.284095202958884,8.035053295884106,0.001,0.001,0.0001,0.0005,2.0346517395022463,10.0,0.0,34.03861553850041,20.0,20.0,0.0,6.315412312075392,0.020651510431960285,0.0,1167.8833,0.046383195,False
19.288313540575736,0.001,0.1,10.0,0.001,0.7380132702918722,0.0,0.001,0.001,0.0001,0.0005,4.058023904716372,5.396078202841346,5.199800703929923,36.94226326351778,0.0,20.0,5.704026842366506,5.130121918617877,0.0,0.0,1575.092,0.054264784,False
5.378786859490252,0.001,0.1,10.0,0.001,2.02953202503838,4.753498950551515,0.001,0.001,0.0001,0.0005,3.4533509668281708,10.0,6.856909631922216,66.8960542700464,12.057097970140553,20.0,3.863298330146738,0.0,0.0,0.85,846.7051,0.013590739,False
6.27277064487181,0.001,0.1,10.0,0.001,6.077110703350465,7.706371692081403,0.001,0.001,0.0001,0.0005,4.143105415744367,10.0,7.372466673447271,92.95293404337069,20.0,20.0,3.26727203053306,3.1781292956556335,0.0,0.85,1305.5676,0.015883356,False
5.310247042276259,0.001,0.1,10.0,0.001,5.6611997689453055,6.962081847377403,0.001,0.001,0.0001,0.0005,3.6326981227816986,8.970810035676234,5.293918048458629,51.95688144031505,16.98296947993893,20.0,2.8724320239031265,0.0,0.0,0.85,875.8916,0.012332544,False
6.572554902975468,0.001,0.1,10.0,0.001,8.031748767568114,7.518268340247243,0.001,0.001,0.0001,0.0005,2.7030490280824315,10.0,4.94276757673138,53.29861227173163,20.0,5.572886770108921,4.898180055728043,0.0,0.0,0.54843867,1072.5422,0.0,False
33.994647366799235,0.001,0.1,10.0,0.001,5.2305291688549636,0.0,0.001,0.001,0.0001,0.0005,2.7909818432744906,9.25905680680785,9.863665734933015,5.177381738497591,15.955597967639154,20.0,8.10523598561561,10.0,9.905906452376742,0.0,3535.5095,0.063749805,False
4.026469829536743,0.001,0.1,10.0,0.001,9.223829957051803,5.14377222983036,0.001,0.001,0.0001,0.0005,1.5963873936856168,0.17076759108122427,1.6352542581189236,66.34544153588595,10.21629793026878,20.0,0.0,0.0,0.0,0.015810627,537.3842,0.0,False
5.8269548553445345,0.001,0.1,10.0,0.001,6.309020855064271,2.9323746741892704,0.001,0.001,0.0001,0.0005,2.7033489283082455,0.0,6.154777004455263,26.5615747136263,0.0,20.0,4.879267713603194,0.0,0.0,0.0,865.8066,0.04887288,False
0.0,0.001,0.1,10.0,0.001,0.0,0.032326980097330996,0.001,0.001,0.0001,0.0005,2.7744985130166624,5.593873052100015,0.0,34.358365540713834,0.0,20.0,5.0495212971345165,0.0,0.0,0.0,460.5361,0.04909924,True
3.657175850838417,0.001,0.1,10.0,0.001,1.8946954369877103,4.674791084890731,0.001,0.001,0.0001,0.0005,1.5759038183229719,10.0,5.738941663999142,66.61306183715688,12.04344062726902,20.0,5.406351947652429,10.0,5.286354410046718,0.85,2191.7996,0.02492124,True
4.186060253261229,0.001,0.1,10.0,0.001,3.025026658193144,2.8113138695656374,0.001,0.001,0.0001,0.0005,2.0251688708754974,7.777369205456912,5.047873280661946,83.55656355756,9.725267232652584,17.351236270815782,0.0,0.0,0.0,0.6995789,486.24353,0.0,False
2.379737351926505,0.001,0.1,9.96224908637919,0.001,0.5944079574605952,1.7007344071387465,0.001,0.001,0.0001,0.0005,6.418589013359232,1.9743436894824893,7.795665996959041,79.80270470118019,10.884768932272307,3.3162392295376253,1.1924159680878417,1.8186200045771517,6.472367747007505,0.5128332,1261.8121,0.0,False
2.7256084971383108,0.001,0.1,10.0,0.001,2.1539018766359113,2.454552576166365,0.001,0.001,0.0001,0.0005,1.5412288472579205,9.132130091486912,4.655643982641584,70.51808683120292,10.140090677730988,20.0,4.260689204687905,0.0,0.0,0.85,678.2876,0.014055369,False
39.937403332836915,0.001,0.1,10.0,0.001,0.0,4.167915254476104,0.001,0.001,0.0001,0.0005,2.5033501647122183,9.885542772649833,11.552818700857115,54.612209236669564,14.287801627695135,20.0,10.0,10.0,9.151177788896298,0.0,3732.3718,0.063340425,False
0.0,0.001,0.1,10.0,0.001,0.0,0.0,0.001,0.001,0.0001,0.0005,2.536892465594524,5.387402622481678,0.0,0.0,0.0,20.0,3.852602890404019,0.0,0.0,0.0,381.46942,0.04697621,True
15.760004644075165,0.001,0.1,10.0,0.001,0.0,1.6020519253399557,0.001,0.001,0.0001,0.0005,1.730243027102409,10.0,2.2653398191761145,38.71045188542573,20.0,20.0,1.3292450723733955,0.0,0.0,0.0,734.78986,0.0390125,False
2.545217609004426,0.001,0.1,10.0,0.001,2.198361325198663,2.3280250685629005,0.001,0.001,0.0001,0.0005,10.0,10.0,10.516681784325769,97.23891810179488,13.056626331398215,20.0,0.0,0.0,0.0,0.85,707.7778,0.0017182719,False
2.182260043484705,0.001,0.1,10.0,0.001,1.4257783047359316,2.1321770350314524,0.001,0.001,0.0001,0.0005,9.909797229353327,10.0,6.419651220357814,100.0,12.903624676414992,14.85624461443239,0.0,0.0,0.0,0.85,593.4812,0.0012506478,False
26.34594584207465,0.001,0.1,10.0,0.001,2.054175370646685,9.83614166980878,0.001,0.001,0.0001,0.0005,0.6467747218003665,10.0,10.663603599573923,100.0,14.24964390409798,20.0,7.224635955632462,10.0,5.94648082968072,0.85,3075.259,0.025335876,False
16.698968172286968,0.001,0.1,10.0,0.001,0.14002545128986843,1.8186541496886401,0.001,0.001,0.0001,0.0005,4.754498507515924,6.036635461220098,2.3659595597875036,91.22389962625681,3.161841059844015,20.0,6.494450594296329,0.0,0.0,0.85,1073.3287,0.015448372,False
5.107392235765505,0.001,0.1,10.0,0.001,3.4132373567310923,3.6642405109276144,0.001,0.001,0.0001,0.0005,4.793093698780586,8.816052551747365,8.17148679748736,67.60008761673451,10.380240570971308,20.0,7.160435663164151,1.9622309514226177,3.909558890409444,0.85,1588.3811,0.020420503,False
3.0095093006915383,0.001,0.1,9.975233408536841,0.001,1.627278983139724,2.3768519528073964,0.001,0.001,0.0001,0.0005,9.488070290433566,4.820067968474894,9.482656169521308,53.26123348779008,10.460429147155866,20.0,0.0,0.0,6.227016975735751,0.85,1149.7997,0.015899992,False
3.652841997939259,0.001,0.1,3.5133345750647487,0.001,4.430665782126526,5.119534883163856,0.001,0.001,0.0001,0.0005,7.797598865637597,7.424454063226083,5.480175857537702,0.0,0.0,20.0,3.8875892228205804,4.158468739197392,3.1596278578401455,0.0,1458.3844,0.036635727,False
5.432895075116246,0.001,0.1,10.0,0.001,3.582232661504414,4.1292227561544905,0.001,0.001,0.0001,0.0005,2.8774708526616912,9.316262395280814,7.274252700536027,59.34342895864809,9.969914300327456,18.70938159165585,4.746564996481298,0.0,0.0,0.85,909.18475,0.012512596,False
3.8056442495363254,0.001,0.1,10.0,0.001,2.475381582577726,3.174603564947362,0.001,0.001,0.0001,0.0005,2.6974427508124714,8.053116798489997,5.79084126234279,60.49932781842362,10.04005354713825,20.0,4.563898909607562,0.0,0.0,0.85,782.74023,0.014358034,False
5.467157579646698,0.001,0.1,10.0,0.001,3.4191545673974644,6.380955117795159,0.001,0.001,0.0001,0.0005,2.6496089303512056,7.785330170511973,6.172546351368695,50.18796940738027,9.714056685032531,20.0,5.405639831997034,0.0,0.0,0.85,954.1915,0.015017959,False
1.2391868219593398,0.001,0.1,10.0,0.001,0.877970163503395,0.2129612915162987,0.001,0.001,0.0001,0.0005,1.6768123553810992,9.313900101942853,1.4387488074850903,74.69130025452884,10.51241648283585,20.0,4.82052301780145,0.0,0.0,0.85,550.203,0.0146141965,True
7.005291163948855,0.001,0.1,3.4087528607743756,0.001,10.0,0.0,0.001,0.001,0.0001,0.0005,0.0,3.0391842303490146,6.959033813355808,33.796842782329996,1.5373652209672914,0.0,0.0,0.0,0.008734855338305533,0.0,543.01825,0.0,False
3.436598091964835,0.001,0.1,10.0,0.001,2.3200171980577555,3.4822588388321525,0.001,0.001,0.0001,0.0005,3.0917768260440583,3.385089840461653,5.944721546004203,38.91522662973059,6.467112238873459,20.0,6.033082946158167,3.652134166514714,1.9738439439048823,0.85,1347.3054,0.019969404,True
2.9912109343216815,0.001,0.1,10.0,0.001,10.0,0.6225314630990832,0.001,0.001,0.0001,0.0005,0.0,8.695288681805128,0.0,86.60497434316133,2.7087528570759862,0.0,4.2083075447151055,0.0,0.0,0.0,647.48895,0.0,False
3.2509782049593734,0.001,0.1,10.0,0.001,2.461246483089417,3.107762012883066,0.001,0.001,0.0001,0.0005,3.1660412252755328,2.1378188710732857,6.241591532759509,31.922531771735613,5.98340390568496,20.0,6.07102831252342,1.163416383931857,1.3697030732359425,0.85,1062.7979,0.017491195,False
1.9244130855738384,0.001,0.1,10.0,0.001,3.3552952136990983,2.8985186635714753,0.001,0.001,0.0001,0.0005,3.2727164726915166,1.2569472741285845,4.319176108867432,41.638668535031606,0.3588031215654022,20.0,5.949218637965146,1.985422722421744,0.8081916864432288,0.85,1010.6583,0.017661912,False
0.0,0.001,0.1,10.0,0.001,2.65571739617205,3.979390974179273,0.001,0.001,0.0001,0.0005,5.008387356679779,0.30060574949516017,2.4925354704953016,0.0,0.0,20.0,5.392956135465758,0.0,0.0,0.0,678.7564,0.04955585,False
8.21705468534143,0.001,0.1,8.613587939718924,0.001,7.631904435128779,1.1642099634207512,0.001,0.001,0.0001,0.0005,2.506617648245277,7.917230214144092,11.305799774460613,29.194045415345073,6.962436158636672,16.799547533748818,0.19182971500956442,0.19182971500956442,0.19182971500956442,0.85,804.6946,0.0001431797,False
2.5867368275248506,0.001,0.1,10.0,0.001,0.0,5.343564568930182,0.001,0.001,0.0001,0.0005,3.31849831621979,10.0,4.155365704177968,71.33183663595453,20.0,17.75776623535357,5.147876299519526,3.0092369108885997,0.8420306638065125,0.0,1144.5155,0.049126927,False
1.5529805784088204,0.001,0.1,10.0,0.001,0.0,5.676239757733805,0.001,0.001,0.0001,0.0005,2.362200058518605,10.0,2.4445075104449705,82.94774419984523,20.0,17.274052069438774,5.122069629018872,8.830152601518305,0.031826244640504195,0.0,1547.2628,0.05244298,False
20.680126690568773,0.001,0.1,10.0,0.001,0.0,1.403563504389262,0.001,0.001,0.0001,0.0005,2.6424647850957483,10.0,7.838625398658251,8.449549690289908,14.825434681013853,20.0,7.636142843124477,10.0,6.308065763408418,0.0,2786.0496,0.061793786,False
17.808447430624,0.001,0.1,10.0,0.001,0.6140547022423013,3.081956172946139,0.001,0.001,0.0001,0.0005,4.126554052961148,10.0,7.473459977009586,38.34188489140292,10.182724437153505,20.0,7.926379222081568,10.0,2.9709019589094225,0.85,2517.504,0.023714518,False
18.688867012786037,0.001,0.1,10.0,0.001,1.5325791114182032,6.110887208116495,0.001,0.001,0.0001,0.0005,3.222657689827224,6.391179510531692,8.51232630549249,36.611937554462685,8.031928647586852,20.0,6.115977552256364,10.0,6.858011187682922,0.85,2796.1794,0.025832558,False
1.811457736045095,0.001,0.1,10.0,0.001,4.731696490399918,5.056274489488548,0.001,0.001,0.0001,0.0005,4.0019083253583485,0.14141657983607717,10.038399347027918,27.68186838111197,0.0,20.0,5.164116921584019,10.0,8.3204764728422,5.64295e-16,2501.314,0.06288984,True
12.562237289705514,0.001,0.1,10.0,0.001,0.0,0.0,0.001,0.001,0.0001,0.0005,0.0,10.0,0.0,50.12164430393311,16.998600180055462,20.0,4.706891921154917,0.0,0.0,0.0,748.1014,0.0,False
5.747264863625076,0.001,0.1,10.0,0.001,1.9832953628411558,5.865242336759957,0.001,0.001,0.0001,0.0005,4.781375334163701,10.0,9.19178321945539,72.05627781669412,11.301008727565797,20.0,6.158434155122286,10.0,10.0,0.85,2819.01,0.027544592,True
45.84462125517041,0.001,0.1,10.0,0.001,3.122090797647126,5.623624364968768,0.001,0.001,0.0001,0.0005,3.6950178717057303,10.0,8.011920838700771,80.13311609050689,11.706651481611324,20.0,9.43699312802298,0.0,0.0,0.85,2199.5564,0.016611574,False
20.276689189433455,0.001,0.1,10.0,0.001,1.9098914786594292,0.30733661039193416,0.001,0.001,0.0001,0.0005,3.223751806284767,8.51734631959427,9.750134446981528,17.252351718622187,12.318215500410405,20.0,6.144752309850853,10.0,10.0,0.85,3036.115,0.027544592,False
4.3205378573989695,0.001,0.1,3.4245118061234656,0.001,0.9840548501642701,6.410362531294326,0.001,0.001,0.0001,0.0005,4.5041578681137935,8.852557733755674,0.4721535694112722,17.909739169635746,8.883597374840702,17.39037205057294,3.0166983282147557,4.54938937722373,1.8668446851818,0.8398313,1175.2834,0.0,False
4.163965598159137,0.001,0.1,10.0,0.001,1.5897259303741382,5.580878951576996,0.001,0.001,0.0001,0.0005,4.094433893104675,9.577324848043814,6.077490647176429,74.6618429139903,11.22172697233324,20.0,5.684359614851133,6.791580966030317,1.7480491018236721,0.85,1700.0314,0.021273559,False
19.00530698212004,0.001,0.1,10.0,0.001,1.8081394760330216,6.127029384984023,0.001,0.001,0.0001,0.0005,3.614690864960122,5.971005860567375,9.536225097741138,23.26812392122965,8.138539403479484,20.0,6.275908053324391,6.777028834466044,2.5592514041427226,0.85,2201.8445,0.02186932,False
3.8836258273993387,0.001,0.1,10.0,0.001,1.7463196680847912,6.160010728475819,0.001,0.001,0.0001,0.0005,5.124368533518905,7.405541591076494,6.939265025273569,85.71074262201451,8.32196182790055,20.0,5.906298152869571,10.0,10.0,0.85,2701.8074,0.027544592,True
2.939259421265055,0.001,0.1,10.0,0.001,2.028895028545257,1.358129975756838,0.001,0.001,0.0001,0.0005,3.448174346442554,10.0,3.4783597800759667,95.2993092960994,9.910529438100989,20.0,1.798805386732267,0.0,0.0,0.85,524.9538,0.010075841,False
40.47147582695822,0.001,0.1,10.0,0.001,2.4084456998944477,3.7556599612912613,0.001,0.001,0.0001,0.0005,2.2358483741383077,10.0,11.58994575103531,57.198990725715525,12.28906193134208,20.0,9.733651199866783,10.0,9.767213077241369,0.85,3806.583,0.02741775,False
3.649583126979373,0.001,0.1,10.0,0.001,1.6329162125443055,0.18091337898186774,0.001,0.001,0.0001,0.0005,4.467643361308347,9.296339048056495,8.437686459138167,76.26971018565493,11.383382757803526,20.0,5.64112366906463,0.38629867652976163,1.6967538223816734,0.85,1044.3654,0.01694936,False
46.59298990398486,0.001,0.1,10.0,0.001,1.4467583692133203,7.835523790862337,0.001,0.001,0.0001,0.0005,2.449702561610646,7.690121490764017,4.068846262574175,76.2337394212897,13.084328503118508,20.0,10.0,10.0,10.0,0.85,3881.7456,0.027544592,True
5.035401449789238,0.001,0.1,10.0,0.001,2.3451865577198445,4.097069067746116,0.001,0.001,0.0001,0.0005,4.933009052407301,10.0,8.500438465221068,83.65977676496583,11.18098071303785,19.870263183298363,2.1247042059606542,0.0,0.0,0.85,786.34033,0.0111026745,False
0.0,0.001,0.1,10.0,0.001,0.0,0.7381509033771178,0.001,0.001,0.0001,0.0005,1.9585146235707849,10.0,1.2454652141768003,88.46002245685433,14.133195246241883,20.0,5.588720489505272,2.994603873085675,0.0,0.0,854.28986,0.05245287,True
4.308161778843457,0.001,0.1,10.0,0.001,2.110293807517041,3.8026014048943773,0.001,0.001,0.0001,0.0005,4.1282455486279765,9.825390871730551,6.241038690237451,69.8726537995602,10.671713433880676,20.0,3.6488290317590777,0.0,0.0,0.85,788.079,0.013318407,False
3.54930984620653,0.001,0.1,1.0,0.001,6.797964653466958,6.610212071912077,0.001,0.001,0.0001,0.0005,5.104070209097044,7.211878053977131,9.603912982073238,80.0390376465608,17.349937578126948,19.70847668708202,1.5924961674354254,0.7775523626359443,0.1774460497425132,0.23521566,900.91174,0.0,False
0.16104235806020556,0.001,0.1,5.025949032331785,0.001,4.117071481195019,8.390335943779684,0.001,0.001,0.0001,0.0005,5.583908071129056,2.0192935446109437,16.45823309543798,56.28468288630329,0.5501992170138827,10.380521313580704,2.7934701404075,5.265579932292884,8.652095326250418,0.16694711,2086.3396,0.025929319,False
3.4576147917937035,0.001,0.1,10.0,0.001,2.045415633737216,2.6255740428486836,0.001,0.001,0.0001,0.0005,3.8955000894696576,10.0,4.0726616953221875,78.54474028722733,10.40776469376166,20.0,1.9298465798206639,0.0,0.0,0.85,590.77203,0.0104887225,False
4.293722227326846,0.001,0.1,10.0,0.001,1.5533320488932567,4.564138700793146,0.001,0.001,0.0001,0.0005,3.5545322876653467,9.458319462620176,6.377176091267188,64.55970861936547,11.087469972287066,20.0,5.686035247107785,8.981667124004352,0.7952880753289158,0.85,1806.439,0.021634562,False
5.723173826217221,0.001,0.1,10.0,0.001,5.657546601489191,6.003542250829,0.001,0.001,0.0001,0.0005,3.3446853901356697,7.2895937537652244,9.552396352715206,84.5908292261434,10.365896323388299,20.0,5.649479280773897,8.019906404943269,0.0,0.85,1840.7938,0.020608578,False
3.79546681116338,0.001,0.1,10.0,0.001,4.716356617998915,4.347820006710161,0.001,0.001,0.0001,0.0005,3.1828921402886405,1.1840372814971332,6.989114037812712,48.238881573271065,3.0766825412781005,20.0,5.322811780954377,6.8470937613713865,1.2082245690934028,0.85,1614.549,0.020873087,False
37.997429467314376,0.001,0.1,10.0,0.001,0.0,6.573657217361837,0.001,0.001,0.0001,0.0005,1.3901694459128067,7.782977139955628,10.46040231456573,56.16619272481862,12.15708624673522,20.0,8.303268024177711,10.0,10.0,0.0,3636.577,0.06380084,False
5.356957236545661,0.001,0.1,10.0,0.001,2.298670424213654,4.598361818707058,0.001,0.001,0.0001,0.0005,4.58029584074058,10.0,8.573650016759142,66.19157570391675,11.104040069611699,20.0,4.6166933783404716,0.0,0.0,0.85,948.97186,0.014410733,False
6.9661805612866585,0.001,0.1,10.0,0.001,6.403042910889029,5.1488916632324075,0.001,0.001,0.0001,0.0005,2.876286862121521,10.0,10.417013763057774,100.0,10.631316423566625,20.0,5.696661211528009,0.0,0.0,0.85,1145.4517,0.015133002,False
3.3065735605019895,0.001,0.1,10.0,0.001,1.2874974196445392,0.0,0.001,0.001,0.0001,0.0005,2.8981061734346087,10.0,8.634041891522418,59.504424423513626,12.893589981841647,20.0,5.489500039916217,10.0,10.0,4.660468e-16,2558.8433,0.06380084,True
4.5855922458016005,0.001,0.1,10.0,0.001,5.224664795975185,5.502719176815043,0.001,0.001,0.0001,0.0005,3.3533829600879406,1.565817196144538,9.932668034611496,68.26763194336777,5.281889636202627,20.0,5.244590594243755,10.0,10.0,0.85,2730.149,0.027544592,False
2.450720221014986,0.001,0.1,10.0,0.001,1.020102310116397,0.8165244978501142,0.001,0.001,0.0001,0.0005,3.0287604705430766,9.621452561786917,4.0289008295462105,73.13399254566242,10.080599008643997,20.0,4.846399922482206,0.0,0.0,0.85,673.36694,0.014640027,False
2.6913934838584246,0.001,0.1,10.0,0.001,1.9890826824562162,1.2192361564962533,0.001,0.001,0.0001,0.0005,3.5777303238106493,10.0,1.5244686741599538,86.79887795840803,10.147057824569789,20.0,0.8031819933313071,0.0,0.0,0.85,417.50946,0.0069388575,False
19.44954281871409,0.001,0.1,10.0,0.001,2.049861382526957,5.886596295074509,0.001,0.001,0.0001,0.0005,4.35590154244011,4.516472620472291,13.02928214684609,36.32415650780149,7.901532527299793,20.0,7.0599496048129975,10.0,10.0,0.85,3238.0386,0.027544592,False
33.907684073613034,0.001,0.1,10.0,0.001,2.234464091257384,6.210885474829867,0.001,0.001,0.0001,0.0005,4.026425910767913,4.372384580039154,12.779030104731016,46.461461065897886,5.259317389932732,20.0,5.924403797925949,10.0,8.427715906513077,0.85,3370.4465,0.026687872,False
2.3167181943394235,0.001,0.1,10.0,0.001,1.9063153516217723,0.766867658653523,0.001,0.001,0.0001,0.0005,1.6020117029608094,10.0,0.6477162081135817,83.81913084099271,8.922099064884627,20.0,3.159523014735716,0.0,0.0,0.85,483.33038,0.012697089,False
2.9074035644159317,0.001,0.1,10.0,0.001,1.9319743655587414,4.05203720529249,0.001,0.001,0.0001,0.0005,4.239951994809934,3.9325025284869457,2.1682528928354423,58.18834965868801,6.15634252333357,20.0,6.106778742690527,0.0,0.0,0.85,788.6163,0.015295123,False
2.9871390020830995,0.001,0.1,10.0,0.001,1.9997217441560675,4.50636846041412,0.001,0.001,0.0001,0.0005,4.218429554363122,1.5353121260650184,2.9147255338935625,45.8075037239252,4.45299110881333,20.0,6.942920145969133,0.0,0.0,0.85,852.26483,0.015625654,False
18.59090813471803,0.001,0.1,10.0,0.001,1.4725557691855395,0.3122009838435693,0.001,0.001,0.0001,0.0005,2.063363881849764,9.557541503634404,8.64199908673083,27.611361333845668,12.250745054627991,20.0,5.961958059073181,2.570247728534412,0.0,0.85,1442.1952,0.01749375,False
17.14883473417162,0.001,0.1,10.0,0.001,0.8286612425439894,0.0,0.001,0.001,0.0001,0.0005,2.1991275608088308,10.0,5.654955854817122,41.170268386376165,12.092435897467142,20.0,5.668045832362061,3.6960885385266007,0.9407008963958824,0.0,1494.234,0.053816445,False
18.100836440268274,0.001,0.1,8.989033780717884,0.001,2.1879610186261935,4.888709182335858,0.001,0.001,0.0001,0.0005,4.905528664611026,8.271362739335853,11.783633381706796,29.090119093196844,10.54771462677474,19.265995104484038,4.732444973442932,0.0,0.0,0.85,1314.847,0.011611586,False
5.143386360953117,0.001,0.1,10.0,0.001,2.37998827120349,4.358448435264533,0.001,0.001,0.0001,0.0005,4.759393649200635,10.0,8.319622253149484,74.90948636863745,10.90453893253371,19.863834658555263,3.568350562788702,0.0,0.0,0.85,874.61,0.013036398,False
20.89325559639191,0.001,0.1,10.0,0.001,2.0368845574091674,0.0526562341450937,0.001,0.001,0.0001,0.0005,1.8518323174985536,10.0,11.568251397721047,11.483072252138669,14.143121145525024,20.0,6.577233587365255,9.13264958192042,10.0,0.85,3016.791,0.027177006,False
2.688159945415525,0.001,0.1,10.0,0.001,1.8507833313058897,3.7138692970757186,0.001,0.001,0.0001,0.0005,4.074028455348607,4.084137223632766,2.7370535510106926,55.31454328779305,3.88446569860133,20.0,6.4851004258436085,3.495997279638912,0.0,0.85,1126.4458,0.018449983,True
38.26144951065291,0.001,0.1,10.0,0.001,2.0772715618555266,2.978123627370928,0.001,0.001,0.0001,0.0005,2.874989306027984,9.546842914526813,12.553815804452002,6.547297101079402,11.678293088452723,20.0,8.712360555229278,10.0,10.0,0.85,3719.4187,0.027544592,False
3.8127418747077138,0.001,0.1,10.0,0.001,2.131245733498991,5.0889774979038265,0.001,0.001,0.0001,0.0005,4.194547210091208,3.0014703256267956,7.227855131164241,56.90550410545527,6.022062883810985,20.0,6.727242074592646,8.089519221033385,2.878010280574955,0.85,1954.3014,0.022737049,False
33.471514473951444,0.001,0.1,10.0,0.001,0.1342078982884134,6.4571645266616615,0.001,0.001,0.0001,0.0005,4.0017988015106996,2.9487865520282757,2.5224625589595355,93.56219559192422,0.0,20.0,1.471384145223911,3.67025511025639,0.0,0.0,1552.1351,0.04584337,False
0.7573469500662111,0.001,0.1,10.0,0.001,0.27005010819942266,0.0,0.001,0.001,0.0001,0.0005,2.317935230544185,7.561889581088771,0.0,54.729370296411815,1.970022778235443,20.0,4.378591512184785,0.0,0.0,0.0,446.32367,0.048207212,False
2.716433334614046,0.001,0.1,10.0,0.001,0.4525754530076728,2.506685289508466,0.001,0.001,0.0001,0.0005,2.8852256599258914,10.0,5.135624434713351,65.49184443799548,9.530134986024079,20.0,6.108161014879839,1.741199055458904,0.0,0.85,958.43475,0.016874848,False
0.0,0.001,0.1,10.0,0.001,4.752123922510344,2.4979965024547632,0.001,0.001,0.0001,0.0005,2.447191443267093,0.0,0.0,12.834296148156806,0.0,20.0,3.648578718506659,0.0,0.0,1.406256e-13,483.42877,0.04130165,False
2.7658835638898753,0.001,0.1,10.0,0.001,1.232195965724892,1.384659072720291,0.001,0.001,0.0001,0.0005,2.6083239324277225,10.0,3.484653916252851,73.77585549704845,9.608518089308435,20.0,4.708336503611991,0.0,0.0,0.85,667.225,0.0145022115,False
4.135702563328414,0.001,0.1,10.0,0.001,3.8915180878933695,2.320277951174667,0.001,0.001,0.0001,0.0005,2.9556559480627165,0.0,3.3763648519534946,69.72808265263542,3.160120446691346,20.0,5.769633320006444,0.9632149379188204,1.0196756859863134,0.85,951.35657,0.016926263,False
3.9907852360033207,0.001,0.1,10.0,0.001,0.988474287202365,3.982365477892335,0.001,0.001,0.0001,0.0005,3.3697224529065224,9.620334034669291,5.2157872192901324,51.97213650969537,8.942031010921998,20.0,6.256408085483518,2.1436420540219454,1.2725020664510736,0.85,1181.5371,0.018286884,False
2.703828324374865,0.001,0.1,10.0,0.001,0.12977679737653786,2.802984829375255,0.001,0.001,0.0001,0.0005,2.8498254143985036,10.0,5.778743078942651,61.96438899785075,9.459893749763003,20.0,6.315722254240715,6.794683407893325,0.8518077443331328,0.85,1520.9019,0.020712439,False
20.201199237527494,0.001,0.1,10.0,0.001,1.9248375355215517,0.19105860480473927,0.001,0.001,0.0001,0.0005,1.6863073272005047,7.389463510602181,11.854559614845003,0.0,9.923016789061558,20.0,2.899159130559137,6.789996844231623,5.996545290403024,0.85,2217.3354,0.023518113,False
38.412518969906834,0.001,0.1,10.0,0.001,0.27871253862623563,6.441659381673838,0.001,0.001,0.0001,0.0005,1.3577884850382247,6.090289575391364,12.16639524207389,42.002674511348026,4.760712171492974,20.0,8.111154225393735,10.0,0.0,0.85,2841.388,0.021831315,False
3.2127162058779946,0.001,0.1,9.673603507364804,0.001,6.629830812872486,6.945915781209312,0.001,0.001,0.0001,0.0005,0.8188940783489823,9.758647408704919,15.229113532329297,29.02289615157139,15.957167601183837,9.119828780884072,1.7837614798856776,0.7251534315532622,0.7441855212137771,0.72815603,1055.922,0.0,False
27.023773918397293,0.001,0.1,10.0,0.001,1.6505179308094855,3.840648807359259,0.001,0.001,0.0001,0.0005,1.7651418055045078,5.855935215844285,7.068131190023081,38.08216735918347,7.469994856983605,20.0,3.2839888964537622,10.0,6.3888663885064485,0.85,2680.2268,0.025324492,False
12.273101577316819,0.001,0.1,10.0,0.001,0.0,0.0,0.001,0.001,0.0001,0.0005,2.2952202012076066,7.131715670239006,0.0,89.60262491337002,0.0,20.0,5.628314076225857,10.0,7.528618522792412,0.0,2313.4675,0.06245885,True
36.21573700260377,0.001,0.1,10.0,0.001,5.560850774401312,0.0,0.001,0.001,0.0001,0.0005,0.4021148203424751,10.0,16.30952526756444,31.16741218952459,9.765978112526021,20.0,9.901217119974564,10.0,10.0,0.0,3783.703,0.039471783,False
0.9568152543395341,0.001,0.1,5.535263401199814,0.001,1.2159617982859847,8.844628459589355,0.001,0.001,0.0001,0.0005,0.5402460455920967,0.6247580743270845,6.502828156267845,62.43673206295468,1.6958036905028708,2.132190252431067,0.6501409514052134,6.11771990156776,0.15584818302738399,0.2945377,1022.99976,0.0,False
16.441732380770656,0.001,0.1,10.0,0.001,5.440451662384279,0.8004855810424878,0.001,0.001,0.0001,0.0005,2.7213242261925603,0.0,10.271309979585252,7.721368841853647,5.011405432071472,20.0,3.4585232593878334,0.0,0.0,0.85,1073.7155,0.01273578,False
2.1452794488931803,0.001,0.1,10.0,0.001,1.2176741513460603,0.0,0.001,0.001,0.0001,0.0005,1.7714922249147822,10.0,1.7927369720115984,80.32412540668243,9.643281546281429,20.0,3.4099255856717514,0.0,0.0,0.0,496.87454,0.04557987,False
17.525905734624715,0.001,0.1,10.0,0.001,0.0,1.2502834156090248,0.001,0.001,0.0001,0.0005,4.988201845035275,6.736096999032986,0.0,100.0,2.866866784647512,20.0,5.873327887566245,3.63141767318586,0.0,0.0,1336.41,0.053096548,False
2.2626478133398455,0.001,0.1,10.0,0.001,4.055575039647446,2.4263120922629664,0.001,0.001,0.0001,0.0005,3.208027103049816,0.0,2.14513091680018,24.84276015721714,0.0,20.0,5.355612837291808,0.18968008771105954,0.14651552128239065,0.0,714.79785,0.049967006,False
3.9779493338348413,0.001,0.1,10.0,0.001,1.79275260931566,2.9100654085627937,0.001,0.001,0.0001,0.0005,4.717451563028349,9.7383159256281,4.4978204068600895,70.13165094827812,9.615685868685436,20.0,0.592937030886227,0.0,0.0,0.85,542.71857,0.006275656,False
5.591724077427697,0.001,0.1,3.477877213809829,0.001,7.189367856421072,1.1346127084761675,0.001,0.001,0.0001,0.0005,7.818183814412416,0.11808605303446285,10.229714428374535,65.83717407813147,1.8217206267648536,10.829316944061135,0.49542842274333865,0.12938838141738926,2.9247897246731274,0.56435174,961.1319,0.0,False
44.73656446366358,0.001,0.1,10.0,0.001,0.0,5.352965719085667,0.001,0.001,0.0001,0.0005,0.8733307167048404,8.123855072821987,0.0,100.0,16.402469981127265,20.0,8.353134730846554,6.955849450777477,9.776688331989087,0.0,3260.823,0.062378418,False
3.882229963839867,0.001,0.1,10.0,0.001,2.195277988203067,2.664602504469924,0.001,0.001,0.0001,0.0005,3.0456879469159572,7.572880335966886,2.9939979467589324,73.4945841319316,8.505514705749576,20.0,0.0,0.0,0.0,0.6806462,432.8946,0.0,False
42.48582784359716,0.001,0.1,10.0,0.001,0.19602828781589515,3.3723667534382935,0.001,0.001,0.0001,0.0005,0.0,9.804070376140107,4.185830776911079,86.49601098373765,20.0,20.0,8.20289362734606,0.0,10.0,0.0,2625.3643,0.0,False
0.0,0.001,0.1,10.0,0.001,5.404335159567875,3.500237082777055,0.001,0.001,0.0001,0.0005,3.494863306405429,0.0,0.0,0.0,0.0,20.0,4.190815770091945,0.0,0.0,0.0,567.1777,0.047534257,False
21.922500105014596,0.001,0.1,10.0,0.001,2.083771741271635,3.624002822564517,0.001,0.001,0.0001,0.0005,3.3517557633584087,8.533822701383396,10.790827580434545,9.12201802874297,10.774829712904454,20.0,5.3208843640369174,10.0,8.226934377742353,0.85,2964.815,0.02657847,False
4.643213982513967,0.001,0.1,10.0,0.001,1.6437189820709743,4.010090169373155,0.001,0.001,0.0001,0.0005,3.9764483817924683,9.258973890135952,5.474070529494039,56.974304337751406,9.113727425912245,20.0,5.393849405182934,0.0,0.0,0.85,871.7789,0.015013298,False
4.58651021281633,0.001,0.1,10.0,0.001,0.9760438294030865,4.541576494838916,0.001,0.001,0.0001,0.0005,3.3809936226568684,10.0,5.802956111825078,51.61186392158723,8.858114655508393,20.0,6.370693831147235,7.921084894586534,3.4998020245228485,0.85,1942.0072,0.0229843,False
22.051750131217783,0.001,0.1,10.0,0.001,2.022902834540408,3.418294415012679,0.001,0.001,0.0001,0.0005,3.2520410524686296,8.587249439805484,10.665965948338584,0.0,10.433695430173982,20.0,4.727423355245894,4.717938527213239,7.266456255651192,0.85,2352.9707,0.02350498,False
3.4062328280726097,0.001,0.1,10.0,0.001,3.8966788450179504,2.561569698251458,0.001,0.001,0.0001,0.0005,2.865501560140194,0.0,2.9525410676829984,53.91244201385486,1.6957358433311576,20.0,5.684404774053937,0.9821892441157182,0.9075374042470647,0.85,911.2912,0.016817635,False
0.0,0.001,0.1,10.0,0.001,10.0,10.0,0.001,0.001,0.0001,0.0005,10.0,10.0,4.11779843735796,0.0,19.94883349287781,20.0,0.0,0.0,0.0,2.7699063e-14,823.6235,0.028099595,False
26.668894077013398,0.001,0.1,10.0,0.001,0.0,10.0,0.001,0.001,0.0001,0.0005,0.6733507199686627,9.431029861438208,13.707109652591836,100.0,14.349796177132614,20.0,7.693519417584255,10.0,10.0,0.0,3462.5264,0.06380084,False
4.6827879457554635,0.001,0.1,10.0,0.001,1.752853983569072,4.521947926201252,0.001,0.001,0.0001,0.0005,5.770029543832102,10.0,6.63443764065367,62.465201389039,9.126365459715808,20.0,6.221817506115158,0.0,0.0,0.85,995.8553,0.015340598,False
12.843500877285907,0.001,0.1,10.0,0.001,0.9097680416099064,0.0,0.001,0.001,0.0001,0.0005,2.9691596479752382,9.31440577940229,7.46592285196199,60.722653918016626,6.386964946848257,20.0,5.571121468856366,1.7347450756779859,3.434207194105076,0.0,1439.1974,0.05394267,False
3.1706880075408854,0.001,0.1,10.0,0.001,1.0381958791382087,0.9633804229314551,0.001,0.001,0.0001,0.0005,1.6528873030083568,10.0,5.798767808155972,72.9241545932135,9.979983075506594,19.475977773267733,6.025045627132792,4.692344205114074,0.0,0.85,1213.401,0.018205697,False
4.001267328274321,0.001,0.1,10.0,0.001,3.5753832972819706,3.702645925936445,0.001,0.001,0.0001,0.0005,6.651083531894505,10.0,3.4233015595080394,76.5572371068333,5.054669174317961,20.0,6.98342406110709,0.0,0.9548974550447965,0.85,1060.6665,0.016407402,False
11.302533622253812,0.001,0.1,10.0,0.001,0.0,0.0,0.001,0.001,0.0001,0.0005,3.0812855337169625,6.239854285298185,0.0,72.741210089529,0.0,20.0,3.472254325487054,0.0,0.0,0.0,636.4888,0.045776475,False
1.3255933570405174,0.001,0.1,10.0,0.001,0.9322774401970484,0.0,0.001,0.001,0.0001,0.0005,1.7629540660581988,10.0,0.605439693439714,93.07275135210006,9.591440280908461,20.0,2.965785427187773,0.0,0.0,0.0,420.02414,0.044178918,False
15.40126496669697,0.001,0.1,10.0,0.001,0.024939565392967832,0.0,0.001,0.001,0.0001,0.0005,3.514999254227659,7.983760088409754,0.0,100.0,2.9283660358758428,20.0,5.555759876504918,2.965265846228731,1.4080382867191998,0.0,1272.7329,0.053539507,False
28.45559863362155,0.001,0.1,10.0,0.001,2.7888201075446477,0.0,0.001,0.001,0.0001,0.0005,1.2238312469002746,9.35311528680798,7.605930968233357,26.240996189479993,8.988275220813247,20.0,6.877115009311504,9.467361402371267,10.0,0.0,3144.2656,0.0635734,False
0.0,0.001,0.1,10.0,0.001,4.619110970285437,6.172571958429572,0.001,0.001,0.0001,0.0005,2.766497259966964,0.0,19.073580432034685,12.55263532157642,2.0266612928922614,20.0,5.186168325838648,5.839653268227512,0.0,0.0,1593.9117,0.054458037,False
45.070501763043836,0.001,0.1,10.0,0.001,0.6180518106358002,9.519693493598554,0.001,0.001,0.0001,0.0005,1.2747575147808896,5.068125800222117,0.0,100.0,10.89902298787164,20.0,7.9698553317993515,9.977942120582439,4.578138907787985,0.0,3176.0825,0.060841817,False
4.156886876230025,0.001,0.1,10.0,0.001,2.1756074536919137,3.6691677185209377,0.001,0.001,0.0001,0.0005,3.546593682640747,10.0,3.731806442463805,74.90564424156202,8.339355269529614,20.0,0.0,0.0,0.0,0.85,490.46213,0.0017182719,False
14.289068511594285,0.001,0.1,8.126814504050795,0.001,1.9763551258477046,6.114110096814049,0.001,0.001,0.0001,0.0005,3.0749024112415086,2.650980931005135,6.161253231022178,40.771270224702114,9.792611883078596,16.016492203895684,1.7663766822703062,7.675352300598041,2.667824907221596,0.85,1808.5857,0.011180784,False
0.0,0.001,0.1,10.0,0.001,0.0,5.880433963404594,0.001,0.001,0.0001,0.0005,2.9465201908248244,2.8328385556422546,0.0,69.13156330093983,0.0,17.202969537629833,6.596474167386017,0.0,0.0,0.0,654.0099,0.04543728,False
1.6514092771178404,0.001,0.1,7.697797056313546,0.001,0.43417298428658224,4.945930052265835,0.001,0.001,0.0001,0.0005,8.535879485578231,2.961707561117359,0.0,41.60729282912486,0.22077707053496176,5.744636977102865,5.910236429566307,6.817413072304132,2.6896041420021053,0.0,1582.0591,0.026291687,False
0.0,0.001,0.1,9.906190420344277,0.001,0.0,4.423852864464102,0.001,0.001,0.0001,0.0005,1.6341297579268355,10.0,0.0,100.0,20.0,17.132567911329062,5.826518132127071,1.9678625423718998,0.0,0.0,824.9466,0.046662316,False
9.822572728545788,0.001,0.1,10.0,0.001,1.0468275267346974,1.525980777015242,0.001,0.001,0.0001,0.0005,2.8967152791390163,10.0,8.97058892920208,65.05077552787219,8.854869760995769,20.0,5.685112112035241,9.355063476524691,8.842239338248088,0.85,2588.259,0.026640415,False
4.551305582097379,0.001,0.1,10.0,0.001,2.052529682061926,3.8784043197444307,0.001,0.001,0.0001,0.0005,3.373279620087885,9.844406724320697,4.933307759062204,68.45991651398946,8.73920708193587,20.0,3.3555697702419467,0.0,0.0,0.85,728.65686,0.012946028,False
28.963565648783263,0.001,0.1,10.0,0.001,6.772098320259369,0.0,0.001,0.001,0.0001,0.0005,1.0866953027441382,8.51918740042549,9.068530406909813,6.245690561183346,6.751691936993218,20.0,6.672581705182939,10.0,10.0,0.0,3287.2625,0.06380084,False
4.611452628473318,0.001,0.1,10.0,0.001,1.5397044243288127,3.928440512671061,0.001,0.001,0.0001,0.0005,2.565069042463195,10.0,5.071222980435065,56.35390497556788,8.471252848735748,20.0,5.81537692106198,0.0,0.0,0.85,858.7678,0.01517993,False
0.0,0.001,0.1,10.0,0.001,0.0,0.0,0.001,0.001,0.0001,0.0005,2.4323092786888214,8.183007010755675,0.0,65.55725170690584,0.0,20.0,2.996981785053059,0.0,0.0,0.0,337.42865,0.044263802,True
10.179093603772271,0.001,0.1,10.0,0.001,1.3107193011988985,1.960607781853943,0.001,0.001,0.0001,0.0005,3.2450365395379626,9.141133765439195,8.043199939407593,59.96751742408709,7.975965405417947,20.0,5.8980042021722,2.9329700795218256,4.29603525552663,0.85,1641.963,0.020981245,False
0.0,0.001,0.1,10.0,0.001,0.27700271413590793,5.116342458678189,0.001,0.001,0.0001,0.0005,2.5679586361386675,10.0,4.452985539199464,83.49405639649599,12.897493335652504,18.382496546890486,5.450279568771031,8.163295493118124,7.2287221464195515,0.0,2065.676,0.058647446,False
26.481919044409413,0.001,0.1,10.0,0.001,1.7619778340943681,2.1592990410969826,0.001,0.001,0.0001,0.0005,0.030724532311709428,10.0,11.424222134711144,20.320279599834965,13.715701995369951,20.0,7.580483257183147,9.752832597564474,6.707271650643128,0.0924925,2996.302,0.0,False
25.382510129210445,0.001,0.1,10.0,0.001,1.8124935891601213,0.8818669973832607,0.001,0.001,0.0001,0.0005,0.0,10.0,11.2713305844774,7.658026453634431,12.549172283822326,20.0,6.299746477366904,2.786565405940143,2.4052337726710076,0.0,1869.6854,0.0,False
11.433002776329054,0.001,0.1,10.0,0.001,1.4608975154795054,4.337198673478094,0.001,0.001,0.0001,0.0005,2.570218693242044,10.0,7.330943169695049,70.45266100891303,20.0,20.0,4.953254204070178,5.547646365693849,4.370533736987138,0.85,1920.56,0.022204302,False
37.62534016393313,0.001,0.1,10.0,0.001,1.4246647011497533,3.937215369542429,0.001,0.001,0.0001,0.0005,3.607117465388521,10.0,8.619074122814576,60.27182180631281,10.504038158433328,20.0,6.488365059810793,4.328737735735727,2.639708699911636,0.85,2385.544,0.020777578,False
0.10947971689431682,0.001,0.1,8.601575872426777,0.001,5.277988700179304,0.03753613251255689,0.001,0.001,0.0001,0.0005,3.8877447214511385,2.8088351335676647,6.662764405871835,3.9256919823289147,2.9600953682046507,7.445499211197664,2.661835103869504,0.1249184731487023,5.26384431970442,0.11349388,999.863,0.023450863,False
0.7037595787483001,0.001,0.1,10.0,0.001,0.46253423071132366,3.164666093323542,0.001,0.001,0.0001,0.0005,2.262275141777324,10.0,3.974717105395235,81.32213655183992,10.508507324396064,19.52581999793899,5.4237409404087185,1.4766282667462463,0.8716834829554564,0.72956353,893.7596,0.02120985,True
10.351528413848794,0.001,0.1,10.0,0.001,1.6860563924385512,6.140045581602447,0.001,0.001,0.0001,0.0005,2.3310091004528255,10.0,7.331901632188986,53.162209523967384,8.404060139902462,20.0,6.177610423955104,9.678669173092672,6.475293531225878,0.85,2520.3062,0.025487838,False
29.47830630078186,0.001,0.1,10.0,0.001,8.336307353693954,1.5375749677430652,0.001,0.001,0.0001,0.0005,1.4915843774895725,7.790055655384332,11.234291511109866,20.334149491187027,6.890189180597998,20.0,7.2070544396842,10.0,8.343477572743819,0.85,3307.3484,0.026641972,False
5.852910981056043,0.001,0.1,10.0,0.001,6.0287384126804024,4.465890097620582,0.001,0.001,0.0001,0.0005,1.7187862663887268,1.6838463193598774,8.017221990698978,0.0,6.0505059257537805,20.0,4.997112980536292,10.0,7.921632608747537,0.85,2506.2263,0.026412113,False
5.895412594424252,0.001,0.1,10.0,0.001,2.0382460996663383,7.274315077662312,0.001,0.001,0.0001,0.0005,4.5528696461544,8.499769027472258,6.62064734233459,92.0336746212157,20.0,16.662909021073826,5.292958492876414,0.0,1.397041780145438,0.85,1138.7642,0.010289365,False
37.17538483803944,0.001,0.1,10.0,0.001,1.7447224840187698,0.0,0.001,0.001,0.0001,0.0005,2.148357239769085,8.87599116569407,5.42162779655182,41.68156461898438,12.299912499441664,19.482572196166856,6.359604253183306,1.596853119120614,6.099753287732588,0.0,2232.4395,0.05510987,False
6.089716049131648,0.001,0.1,10.0,0.001,1.3452068187785935,6.431305827435435,0.001,0.001,0.0001,0.0005,1.7224219641317953,10.0,5.084165420161152,64.01997987732065,8.779944974760628,18.128555446471236,6.071225788595004,10.0,7.895793654525321,0.85,2499.3018,0.0231608,False
17.69490995839647,0.001,0.1,10.0,0.001,5.653491732050345,0.0,0.001,0.001,0.0001,0.0005,1.413489794785322,0.39056844401714264,10.592128392556274,0.0,1.8316584502475097,20.0,6.143047664864802,0.0,9.651828293183646,0.0,2004.6516,0.05680825,False
4.784138067727997,0.001,0.1,10.0,0.001,0.7929047717277473,7.206555415194355,0.001,0.001,0.0001,0.0005,1.3969283033535898,10.0,5.933365695130746,100.0,20.0,18.658824680983553,5.563370735728755,5.145946384447086,7.7284251080774755,0.85,2021.7812,0.021831667,False
13.353783815830589,0.001,0.1,10.0,0.001,0.0,0.0,0.001,0.001,0.0001,0.0005,3.02370838709422,4.002420774284402,0.0,82.20514645703587,0.0,19.486745640568383,5.149013356830929,0.0,0.0,0.0,777.73816,0.048571788,False
6.0592905648842725,0.001,0.1,10.0,0.001,6.375163081919771,1.8029333762433613,0.001,0.001,0.0001,0.0005,1.3407132281229264,1.1467126576652442,8.024090529579547,0.0,5.591743269163433,20.0,5.406877277912779,0.0,0.6817873829643502,0.85,973.1496,0.0155651765,False
31.897903602450313,0.001,0.1,10.0,0.001,0.7800337953524196,0.0,0.001,0.001,0.0001,0.0005,2.4312668806285256,6.400078516810316,0.0,95.93956523384239,11.65858376223062,18.92203613294234,6.2703477879047504,0.46767509272757773,0.0,0.0,1371.9906,0.048806265,False
3.316402281180065,0.001,0.1,10.0,0.001,0.9453629967429288,0.0,0.001,0.001,0.0001,0.0005,1.5982734690033547,9.779897844832263,6.0100064617065545,100.0,10.488555051270861,18.922963252201836,6.215701834750989,1.170914977311057,0.0,0.0,885.8331,0.049366266,False
4.914092392720139,0.001,0.1,10.0,0.001,1.9686551087149593,4.1153698658638955,0.001,0.001,0.0001,0.0005,3.2780692425688303,9.615019903815487,5.660945589802164,64.36860961930604,8.842707493169742,20.0,6.02391594069709,0.0,0.0,0.85,915.7947,0.015262367,False
3.451474605040298,0.001,0.1,10.0,0.001,1.7739632306741702,2.0454963140408298,0.001,0.001,0.0001,0.0005,1.5029350374775239,7.997340351751204,3.140053558489381,82.27250905765865,8.892459271142473,19.814372380154907,4.121805542885586,0.0,0.0,0.85,631.8933,0.013663176,False
37.51972093153807,0.001,0.1,10.0,0.001,1.3418008576242058,6.33863941400489,0.001,0.001,0.0001,0.0005,4.134650305391443,0.0,11.801803696395027,26.734297196071466,3.9213320609218334,20.0,5.700712438361778,0.0,0.0,0.85,1781.9321,0.015134603,False
0.11415301899247143,0.001,0.1,9.430562962296221,0.001,7.430020782977669,0.9617147284825709,0.001,0.001,0.0001,0.0005,1.3958905557103207,4.427998211708116,7.58513195516723,44.743673257999795,10.524788677972625,17.53172151661677,4.9847608667704,9.892989662279417,2.7163461490519802,0.11833853,1910.9708,0.04916823,True
4.791413461886768,0.001,0.1,10.0,0.001,1.7216082778750113,4.926273111184286,0.001,0.001,0.0001,0.0005,4.024204977263662,4.624484003067043,4.8057391473129485,64.48134762338175,8.184082399421577,16.46692419320571,6.030828733603323,0.0,0.9566199720057355,0.85,976.14325,0.009886988,False
2.0551387293637124,0.001,0.1,10.0,0.001,0.5078768931383117,1.616372239126813,0.001,0.001,0.0001,0.0005,2.236839988945421,10.0,4.086350470362091,76.1342931326308,10.661033766451325,20.0,5.242032311846069,0.0,0.0,0.85,682.19385,0.0149532845,False
19.737537043145252,0.001,0.1,10.0,0.001,2.0441458188318147,0.0,0.001,0.001,0.0001,0.0005,3.1401324954331065,7.241438895085758,10.351867620386203,15.95419344310039,10.464388274104087,20.0,4.730428861914754,0.0,8.306867443019634,0.0,1868.659,0.05529992,False
3.012472729339336,0.001,0.1,10.0,0.001,1.7285536846170444,1.9063349240889618,0.001,0.001,0.0001,0.0005,2.6602653140511325,9.762525046999762,3.543476463768423,75.15836958291976,9.842749231422495,20.0,2.437720379287738,0.0,0.0,0.85,555.13666,0.01178055,False
25.688079862010383,0.001,0.1,10.0,0.001,1.1364987552019665,7.765133166759462,0.001,0.001,0.0001,0.0005,1.7520406483460444,5.335033535093222,11.491882737312583,52.585018338527014,12.179592294599871,20.0,6.767454325570581,10.0,10.0,0.85,3317.0605,0.027544592,False
2.1546603392139807,0.001,0.1,10.0,0.001,0.0,5.3271701282872685,0.001,0.001,0.0001,0.0005,2.6517030052413313,9.56533684218654,3.0992618044320546,84.28968735678015,9.054002872121288,20.0,5.967453199000355,2.6762311872909446,0.7277594736975136,0.0,1074.4808,0.052927494,False
19.501772128535606,0.001,0.1,10.0,0.001,1.7103148904092302,0.0,0.001,0.001,0.0001,0.0005,2.9399898207541812,8.108109667875903,9.301529889131515,33.1673023096679,10.548545304520777,20.0,5.034245623421389,8.12664167364481,10.0,0.0,2744.8044,0.06295582,False
2.9768440531170395,0.001,0.1,10.0,0.001,1.2046258731971413,2.034490466477992,0.001,0.001,0.0001,0.0005,2.5119391585115025,9.846970870377806,4.649152921921873,68.30410870284742,10.156766223334944,20.0,4.493980537681637,0.0,0.0,0.85,693.793,0.014288241,False
3.733544322326566,0.001,0.1,10.0,0.001,3.9391805564293763,1.9411714992468112,0.001,0.001,0.0001,0.0005,2.8933816263667724,0.0,3.5901548394301646,70.87316814047223,4.9188775027454685,20.0,6.2613770385087575,0.0,0.0,0.85,803.2654,0.015356236,False
30.733526379941374,0.001,0.1,10.0,0.001,1.5502531795060697,3.9148211615472523,0.001,0.001,0.0001,0.0005,3.734992617414788,2.5219788159783545,5.730392645144425,67.58386355870658,6.605746258491144,20.0,6.095504579230811,10.0,10.0,0.85,3223.0764,0.027544592,False
3.095438745208226,0.001,0.1,10.0,0.001,1.6026076860818903,2.002847568776449,0.001,0.001,0.0001,0.0005,2.655941276703522,9.466476748455243,4.0412916626044675,71.38104799155684,9.834602800112211,20.0,3.4391140061020975,0.0,0.0,0.85,626.81885,0.013052112,False
17.251326729676403,0.001,0.1,10.0,0.001,2.0904711779069776,2.993842273217879,0.001,0.001,0.0001,0.0005,4.539571409517567,6.923340519501743,8.17243942511133,43.758813032625284,7.704110092424036,20.0,5.339838476924394,0.0,0.42970959218138505,0.85,1242.5103,0.015336534,False
5.7886973335092735,0.001,0.1,10.0,0.001,1.1952824664428672,7.233620450076311,0.001,0.001,0.0001,0.0005,2.839130689122063,6.293155483378409,4.221837320514799,0.0,7.302085191513648,20.0,7.452192687328084,0.0,0.0,0.85,1009.9851,0.015826972,False
16.618040294519798,0.001,0.1,10.0,0.001,0.02024624054859713,1.3544325782867503,0.001,0.001,0.0001,0.0005,3.8029457606859225,6.855481420018248,2.290059010489101,85.59335535347417,3.8874112276714374,20.0,6.1055253497287785,5.3493173527142215,2.9307736934768727,0.85,1755.119,0.021390725,False
4.955976704723165,0.001,0.1,10.0,0.001,5.591676804640367,0.0,0.001,0.001,0.0001,0.0005,2.289929916375951,1.199441857205254,6.136700709633134,15.543660908534864,4.539490673047915,20.0,6.317901004260457,0.0,4.952606902224745,0.0,1273.9237,0.05364765,False
47.9757861630755,0.001,0.1,10.0,0.001,0.3708985407904411,7.11430420761338,0.001,0.001,0.0001,0.0005,1.4580341527446268,5.2137692822071795,2.325617383969513,100.0,6.958961573298764,20.0,8.782725457409526,10.0,10.0,0.85,3723.159,0.027544592,False
2.6715906021048226,0.001,0.1,10.0,0.001,0.49594792096519613,1.0643282106535166,0.001,0.001,0.0001,0.0005,2.1169301651901233,10.0,5.396196467292125,78.51943550981981,12.455428761879846,20.0,6.159753377710786,1.0786528091039007,1.3740327131005758,0.85,983.5402,0.017460687,True
3.9709722530937035,0.001,0.1,10.0,0.001,2.1658002864099792,2.301804257041745,0.001,0.001,0.0001,0.0005,3.603668258116734,9.537303370358133,5.3074968960663576,77.0817967319114,10.593432527270387,20.0,1.1247386602548235,0.0,0.0,0.85,569.0148,0.00795201,False
5.152578297776707,0.001,0.1,7.363317381018635,0.001,1.5450023009422498,7.931769977809101,0.001,0.001,0.0001,0.0005,4.659622054086741,10.0,3.2842978959006546,0.0,7.7504672226736435,20.0,0.0,0.0,0.0,0.70298326,568.4967,0.0,False
3.1028825509567084,0.001,0.1,10.0,0.001,0.9477022011567738,1.7570266539243855,0.001,0.001,0.0001,0.0005,2.3684453885159034,10.0,5.534337846501117,71.43389216857057,10.957224412679022,20.0,6.0276685803159245,0.0,0.5503117368757158,0.85,843.43335,0.015705148,False
3.1752909268808263,0.001,0.1,10.0,0.001,1.160429281619256,1.9223216427565215,0.001,0.001,0.0001,0.0005,2.464111334795063,10.0,5.333901855234618,69.66685114495517,10.523808436193514,20.0,5.784249437470557,0.0,0.0,0.85,789.4831,0.015167626,False
1.1873462536819475,0.001,0.1,10.0,0.001,0.8707110784043203,0.2809755615201535,0.001,0.001,0.0001,0.0005,2.3202096654807742,10.0,0.20848158326304805,89.34528677755719,8.757346099988693,20.0,3.511885207642627,0.0,0.0,0.85,453.9261,0.013144517,True
16.18420539819441,0.001,0.1,10.0,0.001,0.9393944336204492,4.598346897800625,0.001,0.001,0.0001,0.0005,2.964340422854544,8.15165653659321,5.881716409419985,56.62956236766753,8.244756461899733,20.0,5.964371049825887,10.0,8.456750230200688,0.85,2765.2368,0.026703693,False
16.564911829433655,0.001,0.1,10.0,0.001,1.0822026170379453,3.8763950283730746,0.001,0.001,0.0001,0.0005,3.3936338439054294,7.0968340401341345,5.413512812577009,53.69649537110256,6.76072422662731,20.0,5.780128279307175,5.51622744927572,4.808738107289608,0.85,2032.8978,0.022548323,False
2.1923343204931625,0.001,0.1,10.0,0.001,0.3964633610988294,0.9306316281974437,0.001,0.001,0.0001,0.0005,2.078783946109541,10.0,4.4384759447791176,84.0563574711715,12.386037990796982,20.0,5.866054049863175,0.0,0.0,0.85,718.58954,0.015199963,False
4.430586148015577,0.001,0.1,10.0,0.001,2.1167781455899597,2.589948084305014,0.001,0.001,0.0001,0.0005,3.6481951089876343,8.876836396934278,6.450307538130263,66.8929659895192,10.470266558437537,20.0,5.15534650485251,0.0,0.0,0.85,852.34717,0.014919017,False
46.92990764879737,0.001,0.1,10.0,0.001,0.48380664412071067,7.767646714110317,0.001,0.001,0.0001,0.0005,1.3798103950181368,6.634633423159989,2.2122996963441595,94.2824287893424,10.353609173352485,20.0,7.75605552220914,10.0,8.877656376715887,0.85,3571.4937,0.026933039,False
6.123843660207628,0.001,0.1,10.0,0.001,2.3743630207621,8.4224982349812,0.001,0.001,0.0001,0.0005,5.909221064734696,10.0,6.0652231736484294,25.08477504228775,10.927598394250918,20.0,0.0,0.0,0.0,0.85,727.86505,0.0017182719,False
19.095815884832117,0.001,0.1,9.22479768963188,0.001,2.7209852920696487,2.91883265348513,0.001,0.001,0.0001,0.0005,6.385793434320779,7.059801086054051,9.431845918800143,29.199170532014247,10.20160350502777,20.0,3.9385537382794538,0.0,0.0,0.85,1239.8077,0.012267652,False
6.78795553255359,0.001,0.1,10.0,0.001,5.182625976320515,5.485129378024302,0.001,0.001,0.0001,0.0005,4.489561567108567,0.0,20.0,0.0,0.29506227535626234,20.0,5.451116840360096,10.0,10.0,0.85,3003.6572,0.027544592,False
1.6333835115948203,0.001,0.1,10.0,0.001,0.0,4.778035355827849,0.001,0.001,0.0001,0.0005,3.029604865028814,8.288051390600073,2.4055643663109687,84.1269276122888,5.528305897237003,20.0,5.134522874691475,0.0,0.0,0.0,671.46747,0.04921225,False
29.29945117056574,0.001,0.1,10.0,0.001,1.5509387093631235,7.4039608156010175,0.001,0.001,0.0001,0.0005,1.8161044500883223,10.0,11.032729167239182,90.3826168382146,15.976452169096085,20.0,9.426078988382594,10.0,10.0,0.85,3585.941,0.027544592,False
12.578207332203503,0.001,0.1,10.0,0.001,1.4353836388715724,5.478776949370934,0.001,0.001,0.0001,0.0005,2.4895367872034297,10.0,0.0,40.91970327802547,7.454638949603418,20.0,4.992738141095579,9.638704495606387,2.325885612978851,0.0,1994.1211,0.059173886,False
0.0,0.001,0.1,10.0,0.001,0.0,0.0,0.001,0.001,0.0001,0.0005,3.3839490452717023,7.057187221506008,0.0,62.75461861383863,0.0,20.0,4.510507517101087,0.0,0.0,0.0,444.01324,0.0483826,False
0.0,0.001,0.1,10.0,0.001,5.476085152258467,4.4314389316388905,0.001,0.001,0.0001,0.0005,3.0302671516742814,0.0,7.683730636487738,0.0,0.0,20.0,4.130699913221986,0.0,1.7871203172429675,0.0,876.207,0.05042969,False
28.912604273134583,0.001,0.1,10.0,0.001,2.2072631861713674,7.392399889142011,0.001,0.001,0.0001,0.0005,0.0,6.964874100857593,0.0,81.51099534672748,11.648207326726912,20.0,4.401848472285587,6.7796816465891565,1.4418610092791453,0.0,2007.1296,0.0,False
14.567933363403782,0.001,0.1,10.0,0.001,1.5229846496847854,4.124942996125333,0.001,0.001,0.0001,0.0005,3.324343741979161,9.545822272969309,7.491902116485583,75.9318862661029,9.62306103339967,20.0,10.0,4.147302758222719,2.507223082833116,0.85,2004.7272,0.020979643,False
45.47390678142519,0.001,0.1,10.0,0.001,1.8601682056627367,7.47902576439751,0.001,0.001,0.0001,0.0005,0.7810165897847848,3.364664445677427,0.0,70.03219670685988,10.487479209173449,20.0,8.240520136975748,0.0,0.0,0.0,1876.5853,0.05087051,False
4.012483550110097,0.001,0.1,10.0,0.001,1.7447966630773661,2.5130008102204693,0.001,0.001,0.0001,0.0005,3.962562588570999,9.35943454440464,6.751906036032475,66.53778040868893,9.866838991587166,20.0,4.2432407787408275,0.0,0.0,0.85,790.5114,0.014037953,False
2.176043157556103,0.001,0.1,10.0,0.001,3.320484273786607,2.40497035908421,0.001,0.001,0.0001,0.0005,1.5415100684600127,0.0,9.775207331539157,61.13208416588807,0.05849265817222061,20.0,5.147261947626291,8.639786204488825,10.0,0.85,2389.3362,0.026968129,True
5.798139772183894,0.001,0.1,10.0,0.001,5.781452917039664,5.453777200607536,0.001,0.001,0.0001,0.0005,2.676854146709055,0.07180889446193255,13.29078680450565,99.64633529079221,6.0704867958620685,20.0,5.543470422712694,0.0,1.619111877008602,0.85,1237.9509,0.016370818,False
27.36965648828632,0.001,0.1,10.0,0.001,1.9671226829243942,8.840381774658603,0.001,0.001,0.0001,0.0005,0.48617133751261893,10.0,20.0,27.035513310835967,13.831009703982033,20.0,7.167164247681442,0.0,9.937638012297732,0.85,2656.2048,0.022711486,False
27.554009041044697,0.001,0.1,10.0,0.001,2.3863776875479883,7.719171233549348,0.001,0.001,0.0001,0.0005,3.2321919486708923,10.0,11.699016436484087,34.42799042751924,12.346519639549285,20.0,7.681204989410081,6.6492998848349005,7.613942629335614,0.85,2986.8267,0.024824422,False
15.947465672181657,0.001,0.1,10.0,0.001,1.1329163588362736,2.6982948317647604,0.001,0.001,0.0001,0.0005,5.905878460830495,0.0,8.2058430741719,100.0,6.420253612605327,20.0,10.0,0.0,5.532302763121829,0.85,1880.1127,0.02056591,False
4.554431404206446,0.001,0.1,10.0,0.001,4.876322066756311,5.849139823256512,0.001,0.001,0.0001,0.0005,3.313387968994301,0.0,15.159974924180196,100.0,5.048565360567476,20.0,5.4609731165655155,0.7520233638814791,1.5033440771407651,0.85,1302.0029,0.017020747,False
35.96871013221928,0.001,0.1,10.0,0.001,2.5911498010629925,6.46825276280584,0.001,0.001,0.0001,0.0005,3.5235759484702136,10.0,11.699728351606657,70.42797290666554,11.89434216834682,20.0,9.965357994436777,10.0,6.168915327309007,0.85,3504.8105,0.025457079,False
15.762707550452374,0.001,0.1,10.0,0.001,0.5004019409969284,1.9080704344823474,0.001,0.001,0.0001,0.0005,3.606667983016791,8.198131229656227,4.915496125529514,59.949303954044275,6.686669588243502,20.0,5.8028350939926465,6.079529236113595,4.219439062013567,0.85,1971.4265,0.02246856,False
0.0,0.001,0.1,9.845538998855368,0.001,0.0,5.823861063348651,0.001,0.001,0.0001,0.0005,2.3975488351902534,10.0,0.0,99.48830613384509,17.354411682909642,19.145345763088073,5.480365252779773,0.0,0.0,0.0,652.13324,0.04804411,False
4.163820022760483,0.001,0.1,10.0,0.001,2.1589744224162937,2.4869418740895597,0.001,0.001,0.0001,0.0005,3.659533402440873,9.289459279397564,5.515819064383571,79.86213203527942,10.937906105012676,20.0,2.779083775846332,0.0,0.0,0.85,683.44366,0.012214011,False
3.871888050007397,0.001,0.1,10.0,0.001,2.0653371818163393,2.4012267388556117,0.001,0.001,0.0001,0.0005,3.1213775080981443,10.0,4.898036738905558,74.4554176171205,10.553542706237735,20.0,3.1614278196100427,0.0,0.0,0.85,674.94495,0.012699508,False
0.0,0.001,0.1,10.0,0.001,5.248314977151862,4.6024991197372165,0.001,0.001,0.0001,0.0005,3.3175059889056957,0.23296207772817326,5.712266067993468,0.0,0.0,20.0,5.140515490500393,0.1176845985857311,2.2566569706808712,3.2704264e-14,950.6047,0.051455986,False
2.3917100435072998,0.001,0.1,10.0,0.001,1.1198559002100736,1.5096078533316866,0.001,0.001,0.0001,0.0005,2.4510907832898527,10.0,3.480837655894357,78.8384760574656,10.465045727501641,20.0,3.947509290561975,0.0,0.0,0.85,611.5737,0.01369767,False
4.357049913266154,0.001,0.1,10.0,0.001,2.147946927669107,2.661596468769922,0.001,0.001,0.0001,0.0005,3.6558106036744413,9.037211955996511,5.885776392876504,75.10104883790432,10.822335319338134,20.0,4.082468461778175,0.0,0.0,0.85,776.9656,0.01386904,False
0.0,0.001,0.1,10.0,0.001,4.441807657693866,5.557502560714118,0.001,0.001,0.0001,0.0005,3.3530414994605873,4.100070842782503,0.0,0.0,0.0,20.0,5.2201840530255765,0.0008685943990429457,3.996314147729506,0.0,981.9975,0.05253778,False
45.96599643400587,0.001,0.1,10.0,0.001,0.007477438155847841,8.23357506641491,0.001,0.001,0.0001,0.0005,1.1955902149420243,5.525693425273163,2.7035692550297385,86.53973283574513,11.560934360245605,20.0,8.220388412329612,9.218386586796413,8.672460004511247,0.85,3493.774,0.02648998,False
15.368340021561563,0.001,0.1,10.0,0.001,0.0,6.309064381811601,0.001,0.001,0.0001,0.0005,1.8809846522772855,10.0,5.227058593544677,80.58424824101246,12.47904056545281,20.0,6.48359603872956,4.875152971739649,3.1492060272653895,0.0,1873.6937,0.05672676,False
16.976854392474948,0.001,0.1,10.0,0.001,0.0,7.749163966475322,0.001,0.001,0.0001,0.0005,1.2143728992873042,10.0,4.334277674469757,100.0,15.784443939316343,20.0,7.374096471896365,1.246245125492819,0.8549527133497202,0.0,1448.9778,0.052428734,False
16.01102546036757,0.001,0.1,10.0,0.001,1.0592549274724012,3.0228978932229933,0.001,0.001,0.0001,0.0005,3.756248612356808,8.728099404663372,5.505461531421647,49.98994156196578,7.632647099932131,20.0,5.285846690678416,0.0,2.10144888637776,0.85,1261.0294,0.016648058,False
0.7771181920108907,0.001,0.1,10.0,0.001,0.0,5.23820608078695,0.001,0.001,0.0001,0.0005,3.6750050184825818,7.244395720324962,4.065616773797999,100.0,0.0,20.0,6.472661994868169,0.029759074635056462,0.6713712577839671,9.381367e-15,824.44257,0.05071473,True
15.247349779818645,0.001,0.1,10.0,0.001,0.9305078679038392,5.149080577701043,0.001,0.001,0.0001,0.0005,2.6905365074487864,10.0,5.751706469607772,57.59486864786959,10.033870281565193,20.0,5.748099613056175,5.552422033017709,3.7589576627429833,0.85,1953.5612,0.021937395,False
0.0,0.001,0.1,10.0,0.001,4.687417277213932,5.771450151857028,0.001,0.001,0.0001,0.0005,3.093278057898543,2.13743754936252,0.0,0.0,0.0,20.0,5.6293064156235175,0.0,0.0,0.0,682.6904,0.04979613,False
25.63760344328065,0.001,0.1,10.0,0.001,0.6436812530910274,7.876307743241816,0.001,0.001,0.0001,0.0005,1.923485448582033,9.05609981709989,10.372288158901124,55.79319795969329,13.12273232236093,20.0,6.7923937740027505,4.754650516373154,7.915085614114075,0.85,2651.3455,0.02415383,False
2.8059513494299764,0.001,0.1,10.0,0.001,0.838891515337977,1.931069618197752,0.001,0.001,0.0001,0.0005,2.647236617970989,10.0,4.943424463005379,69.53569125673825,10.478248255280603,20.0,5.580396737334297,0.0,0.03900125403311167,0.85,760.7419,0.015118317,False
45.66123136755452,0.001,0.1,10.0,0.001,0.0,8.09827153519192,0.001,0.001,0.0001,0.0005,1.2800883888550678,6.26796842152544,2.9122429744964053,88.37597891498629,11.251271962745905,20.0,8.402399606336605,10.0,10.0,0.0,3682.1301,0.06380084,False
4.068988771762806,0.001,0.1,10.0,0.001,0.6427053954293737,6.113447883973274,0.001,0.001,0.0001,0.0005,2.5734803660849632,10.0,5.380954794068947,69.33598879036758,11.70442255608313,20.0,6.301637343631326,10.0,5.463669030115316,0.85,2283.0833,0.025072798,True
33.93230338341414,0.001,0.1,10.0,0.001,0.6344787305864096,3.400480059910511,0.001,0.001,0.0001,0.0005,4.199767222093649,8.70942621137222,7.1526029265752245,40.4092543461415,8.564452743436009,20.0,5.926545129393927,9.982085705350267,8.411788670049862,0.85,3198.9692,0.026671601,False
3.9168858239357793,0.001,0.1,10.0,0.001,2.010851219993483,2.3377464315853165,0.001,0.001,0.0001,0.0005,3.7411668647410004,9.119881931748973,5.033661368078669,80.81836883108643,10.855362470605689,20.0,1.3282024248940607,0.0,0.0,0.85,574.06537,0.008593078,False
1.3849364291789776,0.001,0.1,5.406665589918181,0.001,1.3028693467122108,2.4165450216949713,0.001,0.001,0.0001,0.0005,7.637135383709353,4.176186518836162,8.152089819836121,17.404772765858738,19.52169855793041,16.16969928217663,1.207605612790685,0.7156385231113935,5.34688254689443,0.85,1102.6896,0.0031034758,False
26.66646855981299,0.001,0.1,10.0,0.001,1.8335679423864844,2.203096441615304,0.001,0.001,0.0001,0.0005,4.720018983301361,2.9883743317675817,5.421741425978697,0.0,7.8796474673351256,20.0,0.0,0.0,0.0,0.25618723,1015.10864,0.0,False
15.129083755219899,0.001,0.1,10.0,0.001,0.07045786404881545,0.04913007504123746,0.001,0.001,0.0001,0.0005,3.8633387420266945,6.670934476668488,0.14558615181654075,76.7950559593958,1.5316993877398803,20.0,5.80659932593138,5.729037191970978,5.739445681005604,0.7458574,1888.6472,0.02764802,True
0.0,0.001,0.1,10.0,0.001,6.316661015354796,0.0,0.001,0.001,0.0001,0.0005,2.3966064604435906,0.0,4.152316912888773,0.0,0.0,20.0,5.970504147485137,0.0,0.28299571909445564,0.0,718.31506,0.05016163,False
29.20426571495352,0.001,0.1,10.0,0.001,4.984978222901378,0.0,0.001,0.001,0.0001,0.0005,2.498438325670259,6.451402540934402,0.46605592803290696,0.0,10.635209917220017,20.0,7.006805445395868,9.637299351517795,10.0,0.0,3097.5142,0.06364597,False
1.4355965424469546,0.001,0.1,10.0,0.001,0.006544651795797109,4.23968172035773,0.001,0.001,0.0001,0.0005,3.3569046458505367,7.791376338153667,2.790871747100172,79.26430289034684,4.249049209569211,20.0,5.361612746717748,0.0,0.0,0.7544267,679.6725,0.018922277,True
5.580627386857703,0.001,0.1,10.0,0.001,1.2511578219880046,6.113052114927812,0.001,0.001,0.0001,0.0005,2.846230681714257,10.0,6.197754602441838,52.40964917523389,11.06402052156408,20.0,6.4138273267078265,10.0,6.043160650324769,0.85,2403.7307,0.025388556,False
0.0,0.001,0.1,10.0,0.001,0.0,4.884221993603207,0.001,0.001,0.0001,0.0005,3.736218937662465,7.443494064430442,0.0,100.0,0.0,20.0,6.4186393969438065,2.225212535901776,0.0,0.0,864.12335,0.05216005,False
5.3869786312383665,0.001,0.1,10.0,0.001,1.5786124166556426,6.419989025075498,0.001,0.001,0.0001,0.0005,3.0335777280172054,9.319631432371972,5.507606532729299,50.20301712511402,10.634512768377641,20.0,6.343023480246103,3.564757836722787,2.8271361173638967,0.85,1535.4918,0.020508267,False
12.194928271068402,0.001,0.1,10.0,0.001,0.0,0.0,0.001,0.001,0.0001,0.0005,2.465826297380433,9.336613913016835,0.0,73.18278404761962,9.811347720734544,20.0,4.849738722229428,0.0,0.0,0.0,771.0557,0.04883362,False
26.156236630385965,0.001,0.1,10.0,0.001,2.04273634440654,6.968338827497897,0.001,0.001,0.0001,0.0005,4.638873430049852,9.743888155540091,9.586480959911249,44.41382951662655,7.314255524180561,20.0,5.924912749234066,7.472208779902598,8.03778979227704,0.85,2903.755,0.025404122,False
34.62182728940306,0.001,0.1,10.0,0.001,1.362152463149919,2.176676851384491,0.001,0.001,0.0001,0.0005,2.1945962595313233,9.333185740274104,6.838425473776457,41.23541629665386,12.766647931231379,20.0,7.992840101608554,9.745387191229499,10.0,0.85,3408.8582,0.027436687,False
34.91804099259875,0.001,0.1,10.0,0.001,1.703104916350445,3.6128335863717935,0.001,0.001,0.0001,0.0005,2.3619638604142428,9.470784571701437,8.224634712150216,44.009660427496684,11.03544909775148,20.0,6.790861877941224,10.0,9.947489243021925,0.85,3421.5586,0.02751598,False
36.32848250957373,0.001,0.1,9.208510769633476,0.001,2.1550170319700355,5.198290192316128,0.001,0.001,0.0001,0.0005,3.3774104681362367,8.475888765629879,10.501578600078904,45.04261352575412,8.312712576977795,20.0,5.623552330476722,8.095520666291954,3.9649819743645933,0.85,2812.1323,0.021560472,False
0.0,0.001,0.1,9.989468880776977,0.001,1.364547539986265,7.07997604469417,0.001,0.001,0.0001,0.0005,1.8765399764376822,10.0,0.0,64.98464422313756,15.108336772828888,20.0,4.623248261193211,0.5245243183609265,0.0,0.0,681.63165,0.049311787,False
24.336212012206797,0.001,0.1,10.0,0.001,1.5238360811541507,8.687490534627036,0.001,0.001,0.0001,0.0005,0.8395167477545529,10.0,10.63098639566286,50.47204810899558,17.700722708925987,20.0,6.669156101734487,9.17716647137365,10.0,0.85,3225.4927,0.027195873,False
25.58284269708453,0.001,0.1,10.0,0.001,1.952574121961165,7.0163255613031,0.001,0.001,0.0001,0.0005,4.691119341093494,9.89881855898425,9.115149890195129,48.12134605227295,7.035980953553707,20.0,4.604528935602633,0.0,3.546410709385638,0.85,1744.2875,0.017376637,False
0.42424397087062343,0.001,0.1,10.0,0.001,2.1045510590666963,7.519773221212951,0.001,0.001,0.0001,0.0005,1.8295442546750813,10.0,1.7664501094497862,67.2070618515409,13.641006043660068,20.0,5.514151027232613,0.14854433593148722,0.0,0.43979922,764.66547,0.032080796,True
0.0,0.001,0.1,9.626421276645626,0.001,0.6307998320786019,6.6248980137764395,0.001,0.001,0.0001,0.0005,1.9985067658051112,10.0,0.0,77.27765398888374,11.694503735525396,20.0,2.8547924649147802,0.0,0.0,0.0,491.60516,0.04247487,False
2.0582389275448754,0.001,0.1,10.0,0.001,1.29394676587269,1.641800494325877,0.001,0.001,0.0001,0.0005,0.9732572341277121,10.0,5.3601098980411175,77.60516043320004,14.800680367925414,20.0,7.066572714443438,0.008215354497086179,0.9754731464413157,0.85,903.29376,0.016467163,False
0.9014824289594973,0.001,0.1,10.0,0.001,1.240589356540538,0.946017093926367,0.001,0.001,0.0001,0.0005,1.152791495374135,10.0,2.1540503902275745,88.29781475667835,13.27975200191439,20.0,3.1248098162796687,0.0,0.0,0.85,474.60666,0.012653011,False
5.319132397905917,0.001,0.1,8.934800404811906,0.001,1.9512980319459081,7.799418565649281,0.001,0.001,0.0001,0.0005,4.188003108440888,9.333909551834864,4.789694425864396,25.88250613302836,10.11278209930735,19.825757909257156,0.5815558565732668,0.0,0.0,0.85,652.59393,0.002394966,False
4.129254633167738,0.001,0.1,1.6833317183686283,0.001,1.125106740877087,8.344879462210745,0.001,0.001,0.0001,0.0005,9.443639578807092,10.0,1.5831484846891228,0.0,0.0,20.0,0.0,0.0,0.0,0.0,532.28406,0.004928811,False
4.8328334693357995,0.001,0.1,10.0,0.001,2.1710368931031616,8.352193212671356,0.001,0.001,0.0001,0.0005,8.652603046351285,10.0,4.524373526726407,14.783979891945634,8.871762827613683,20.0,1.1528639334588089,0.0,0.0,0.85,777.03485,0.0080406265,False
3.5140278425818128,0.001,0.1,10.0,0.001,2.0637619650294083,2.12913880398818,0.001,0.001,0.0001,0.0005,3.1531270406036254,8.88804731481127,4.37190228318649,81.8119233971853,11.799249926400929,20.0,0.0,0.0,0.0,0.80241156,457.6604,0.0,False
4.951931422599676,0.001,0.1,10.0,0.001,0.9736577139896088,6.6001854933537825,0.001,0.001,0.0001,0.0005,1.7955432416559272,7.90154865570237,3.6540293127611214,89.44162437099301,14.041568396237922,20.0,5.634568287988145,5.707846767236332,3.048245938968704,0.85,1633.6583,0.021575155,False
2.6826781662345778,0.001,0.1,10.0,0.001,3.881399790253772,5.135868123847656,0.001,0.001,0.0001,0.0005,2.4892857153207233,0.0,0.0,0.0,0.0,20.0,4.374775857809133,0.0,0.3495029007138906,0.0,650.57983,0.048731975,False
5.274967479471382,0.001,0.1,10.0,0.001,6.356274517976587,5.33582683705344,0.001,0.001,0.0001,0.0005,2.7855887139980333,3.311483634330444,13.984419488544793,0.0,0.0,20.0,4.58350103259709,0.0,1.551977433663453,0.0,1180.4386,0.05059233,False
2.9456706528535164,0.001,0.1,10.0,0.001,2.4365161419046006,1.4208694874203824,0.001,0.001,0.0001,0.0005,5.097554075744233,10.0,2.7161784638885744,0.0,3.5414232808516592,20.0,6.413298939361841,0.03271754384907962,0.0,0.85,815.49945,0.015457679,False
1.4144810354554136,0.001,0.1,10.0,0.001,1.7167082331782926,0.0,0.001,0.001,0.0001,0.0005,2.6237354721606314,6.688176575314665,0.0,45.7693733562497,0.0,20.0,3.8425910364234763,0.0,0.0,0.0,453.22107,0.04694463,False
3.823222008726442,0.001,0.1,10.0,0.001,1.951335965980183,2.4393353800203736,0.001,0.001,0.0001,0.0005,3.939544657360617,8.947433811443258,5.354574140575443,72.82057308402857,11.442607186276017,20.0,3.2528884232654165,0.0,0.0,0.85,701.8772,0.012815645,False
7.765742471973079,0.001,0.1,10.0,0.001,7.132530456671483,0.0,0.001,0.001,0.0001,0.0005,1.8182417940827085,6.631903527606093,9.351563155441202,0.0,0.5955916464519071,20.0,5.87068325341828,0.040330947502038084,5.402659429774594,0.0,1447.5933,0.05382371,False
3.031488831375401,0.001,0.1,8.516481776308964,0.001,0.85070744054407,1.5542328614680299,0.001,0.001,0.0001,0.0005,1.5711847484065247,8.077422522290526,3.630296071163706,100.0,17.741533570131153,20.0,4.461601807304094,0.0,0.0,0.85,643.4909,0.011416145,False
0.0,0.001,0.1,10.0,0.001,1.2588019027694732,0.0,0.001,0.001,0.0001,0.0005,4.154537967126387,0.0,0.0,0.0,0.0,20.0,5.4961874088292735,0.0,0.0,1.5712072e-13,517.1139,0.049693096,True
48.68465958811041,0.001,0.1,10.0,0.001,0.0,8.086198010261082,0.001,0.001,0.0001,0.0005,1.3272547017068292,9.861088520614611,1.046569894327509,80.35817956055959,16.622442085208803,20.0,8.380735319346355,9.19324128519132,6.383556640906324,0.0,3377.7979,0.061493013,False
6.931805613891267,0.001,0.1,10.0,0.001,5.798210036310571,5.362285906972137,0.001,0.001,0.0001,0.0005,3.241194380163569,7.14582257091429,17.431696339720332,0.0,0.40297765062066426,20.0,4.685999395620356,6.341648160066233,5.671850426019668,0.85,2231.5227,0.023324227,False
8.901445543782785,0.001,0.1,10.0,0.001,7.546619279972252,2.8031812578323336,0.001,0.001,0.0001,0.0005,2.0326381095254358,8.508846751647773,12.436730913719929,0.0,0.19268244089249928,20.0,4.953661078056024,3.676859140789217,3.8426668734964586,0.85,1763.8125,0.020898158,False
6.456733285558239,0.001,0.1,6.121395512719594,0.001,6.7256758316631595,2.020090456214932,0.001,0.001,0.0001,0.0005,0.0,0.667326077243731,8.12097193440577,100.0,10.633170479769817,20.0,0.0,0.0,0.0,0.0,567.63074,0.0,False
3.619277250700691,0.001,0.1,10.0,0.001,2.086901753387053,2.2407383345610423,0.001,0.001,0.0001,0.0005,1.9007796792705014,8.931037832927633,4.096543697935693,82.22111752667746,11.303696274341847,20.0,2.102023166538984,0.0,0.0,0.85,560.1082,0.011031212,False
15.436810781560084,0.001,0.1,10.0,0.001,0.18920436465911677,0.051556059066162195,0.001,0.001,0.0001,0.0005,4.064904316421354,6.6485736247867155,0.003573827416433446,73.33912200366176,1.7157962129503948,20.0,5.529604740824455,4.03550340295704,4.862849381366544,0.018309198,1654.7516,0.056076422,True
3.466301934925472,0.001,0.1,10.0,0.001,2.007801388672815,2.0862250957659763,0.001,0.001,0.0001,0.0005,3.587539983419266,10.0,4.439867310687175,70.96026082729664,11.82035467091927,20.0,0.026541619840558233,0.0,0.0,0.85,470.18414,0.002023348,False
2.239613076413309,0.001,0.1,10.0,0.001,0.0,5.684388318113125,0.001,0.001,0.0001,0.0005,2.627843241088626,10.0,3.678498079809964,82.5287436410389,12.870843501262396,19.98903881095619,5.764755009884096,3.985526454778534,2.209432677831385,0.0,1335.9941,0.055023685,False
3.8183599823635395,0.001,0.1,10.0,0.001,2.0756414858362646,2.323264879368371,0.001,0.001,0.0001,0.0005,3.7045616245648767,9.583225976464242,5.3803949660587405,69.97701256794765,11.477226851542813,20.0,2.6422112665897437,0.0,0.0,0.85,663.1902,0.012040211,False
15.976713866444841,0.001,0.1,10.0,0.001,1.8952048201796878,4.052650380246188,0.001,0.001,0.0001,0.0005,3.9492418950356427,9.103888373045422,6.734489712463773,34.79027210411416,9.007517534657962,20.0,5.120007869864947,2.4008572985223706,1.6078923276273973,0.85,1503.2217,0.018315896,False
34.26565100672631,0.001,0.1,10.0,0.001,0.0,3.790737549092895,0.001,0.001,0.0001,0.0005,4.004145400135593,9.136776526626914,6.8969315494454255,63.5750299759363,9.652531695800734,20.0,8.010756356041558,10.0,9.413630076677531,0.0,3407.013,0.063482784,False
4.157806285936749,0.001,0.1,10.0,0.001,4.757788014697384,2.203370755864346,0.001,0.001,0.0001,0.0005,3.60855153769398,3.981180066490267,7.278254222157283,27.34150677441433,4.472905421742871,20.0,5.767880429923531,10.0,7.907495854394986,0.85,2471.6858,0.02640441,False
0.3756800982657597,0.001,0.1,10.0,0.001,4.8852109274511415,4.4929603217675025,0.001,0.001,0.0001,0.0005,3.2883501516656817,1.1132173084602546,3.784706775416341,0.0,0.0,20.0,4.966477117675976,0.01433455481857344,1.6576456308856138,0.0,844.71674,0.050841246,False
33.51713080841167,0.001,0.1,10.0,0.001,2.1683630823820126,3.638319366838087,0.001,0.001,0.0001,0.0005,4.468999036031299,8.323850912083103,7.0607159924324305,46.027082071461166,8.643026870936945,20.0,7.394365835196033,10.0,10.0,0.85,3443.7358,0.027544592,False
11.325260425729107,0.001,0.1,10.0,0.001,7.50988564681624,2.4492627015411057,0.001,0.001,0.0001,0.0005,3.3077121632999074,10.0,12.708631028493079,49.22268582455118,6.289083145349439,20.0,0.0,0.0,0.0,0.85,914.32733,0.0017182719,False
2.7881211696457933,0.001,0.1,10.0,0.001,4.640742022947027,0.0,0.001,0.001,0.0001,0.0005,3.1864126522673732,2.8047035399259146,3.1453969435966234,18.13189387888933,0.0,20.0,5.715316282889066,0.0,2.8944890334842355,0.0,949.9556,0.051983066,False
0.0,0.001,0.1,10.0,0.001,5.038584278145434,5.0619817297409195,0.001,0.001,0.0001,0.0005,3.4863323073670878,0.21323754158767652,12.700595557296152,0.0,0.0,20.0,4.915492017199515,2.561806999526741,4.1721358282999175,9.988836e-16,1470.8242,0.05486612,False
38.103784932689415,0.001,0.1,10.0,0.001,0.0,8.724356756245438,0.001,0.001,0.0001,0.0005,1.0419891679453412,6.586538971523067,11.389571522873307,89.54372878149502,14.045358109571456,20.0,9.026111852285855,0.0,0.0,0.0,2003.7594,0.051193744,False
0.8925189761971678,0.001,0.1,9.417032817292029,0.001,2.105374544106488,2.7818981013335407,0.001,0.001,0.0001,0.0005,4.544906165839327,1.9087788834407302,17.702829700077693,15.55266295359572,10.450134335841346,12.705267058817602,5.44480768738711,8.111195923834792,1.8827332971484587,0.85,1917.1539,0.007891391,False
0.0,0.001,0.1,10.0,0.001,0.0,0.0,0.001,0.001,0.0001,0.0005,3.503874231033555,5.047615204222192,0.0,93.86019663004903,0.0,20.0,6.668204865511937,0.4973010386057263,0.0,0.0,617.10516,0.050835606,True
16.57369497566958,0.001,0.1,10.0,0.001,1.3480630503642812,5.093604185384608,0.001,0.001,0.0001,0.0005,3.014889986294913,9.621213786138675,6.451863792009011,41.5903726364616,10.058540912766755,20.0,5.346731840727364,10.0,7.098293063602258,0.85,2668.1157,0.025963485,False
4.62312627568596,0.001,0.1,10.0,0.001,1.477809982292907,6.172165412574432,0.001,0.001,0.0001,0.0005,2.932610703340606,10.0,4.600623690268932,54.76595652579681,11.029153554793755,20.0,5.697663937026064,2.3261134879734664,1.8221271268804642,0.85,1258.7767,0.018656645,False
2.018181073691229,0.001,0.1,10.0,0.001,0.44309863976887603,0.0,0.001,0.001,0.0001,0.0005,3.2112386436562916,7.968265871186952,0.9781313171241393,72.52499499192105,4.046085728737841,20.0,5.833991207666593,0.5186483704390091,0.7904131048376204,0.0,725.0406,0.051139887,False
6.008331969545917,0.001,0.1,10.0,0.001,4.85003459167926,5.087126679962494,0.001,0.001,0.0001,0.0005,4.730102251763684,1.7265332245285403,17.55639041181993,3.497365792117948,4.152728040720889,20.0,4.925712820309881,9.082688522068807,8.125401592654262,0.85,2675.7805,0.026116101,False
17.03443935134303,0.001,0.1,10.0,0.001,2.2454616012343696,3.719658032623771,0.001,0.001,0.0001,0.0005,4.450040828497528,8.708568301353562,9.270601388355718,30.828388767816772,10.261628673306685,20.0,5.911834213441315,6.054302006309444,3.141305800760966,0.85,2104.6565,0.02182832,False
4.394064051102696,0.001,0.1,10.0,0.001,2.0851230190204637,2.5692909468394047,0.001,0.001,0.0001,0.0005,4.107521964734346,9.683724802761574,6.795683833728702,64.20313905051364,11.302580594235305,20.0,5.247394353995489,0.0,0.0,0.85,877.6016,0.014955404,False
18.811007515289656,0.001,0.1,10.0,0.001,2.3673981092997294,0.4986423744849031,0.001,0.001,0.0001,0.0005,3.938046953610198,9.513848503656426,11.194249829899288,0.0,12.538076669631401,20.0,4.849934164523864,10.0,8.206135150043774,0.85,2838.9321,0.026567135,False
16.998078724957512,0.001,0.1,10.0,0.001,2.1853938698599302,3.819222515636351,0.001,0.001,0.0001,0.0005,4.455050223233357,10.0,8.098090570500236,28.117809526847974,9.926970866883725,20.0,5.4480940131249325,1.2495347696580799,1.4105269607391568,0.85,1469.748,0.017347127,False
27.55464386802522,0.001,0.1,10.0,0.001,0.04649559555205202,8.118651792515518,0.001,0.001,0.0001,0.0005,1.65801733070249,9.275004347339058,11.88246695901692,61.16470882248136,14.687819373522842,20.0,7.879653332342276,10.0,10.0,0.85,3442.7947,0.027544592,False
2.950312857834846,0.001,0.1,10.0,0.001,4.948690630640859,0.9307734767360832,0.001,0.001,0.0001,0.0005,2.9209186793572157,2.8005391838008227,4.747333886975964,28.351157970417546,1.45882279436621,20.0,5.755882601294662,3.097619550623479,4.19021661795885,0.85,1403.7242,0.020986015,True
16.200299253230238,0.001,0.1,10.0,0.001,0.0,0.28126504330305485,0.001,0.001,0.0001,0.0005,4.486622230128044,6.195214381005244,0.0029912101779720392,84.6872266390605,1.5233098451571672,20.0,5.607372064640628,0.0,2.4815931588311617,3.0511033e-15,1117.3198,0.05165446,False
29.835448964636097,0.001,0.1,10.0,0.001,6.172516761257785,1.7236607106160484,0.001,0.001,0.0001,0.0005,2.672079270779511,5.036479227933831,5.856173303946463,27.243710215671396,5.9328789115423035,20.0,7.494335967720196,0.0,7.263643963334032,0.85,2176.0906,0.02109219,False
15.135608463818459,0.001,0.1,10.0,0.001,7.359371269870442,9.01194491161204,0.001,0.001,0.0001,0.0005,10.0,0.0,5.8076140182808365,63.2045955210449,18.23548729278224,20.0,0.0,0.0,0.0,2.230088e-16,1103.0731,0.0,False
0.0,0.001,0.1,10.0,0.001,0.0,0.0,0.001,0.001,0.0001,0.0005,2.9136620602911014,6.819330226439689,0.0,72.8583297630203,0.0,20.0,3.88492316868939,0.0,0.0,0.0,395.9048,0.04707816,True
2.821245178343011,0.001,0.1,10.0,0.001,0.9205351073608201,1.343803111923258,0.001,0.001,0.0001,0.0005,2.754839656959022,10.0,4.8149237432760135,69.95425404817183,11.731036785256563,20.0,5.446559306072442,0.0,0.5171335902488493,0.85,785.40515,0.015448826,False
0.0,0.001,0.1,9.956283733738873,0.001,0.0,5.635242363594077,0.001,0.001,0.0001,0.0005,2.2075777516684365,10.0,0.0,96.48302146209826,19.103280380825886,19.70425745457724,4.850668558378363,0.0,0.0,0.0,612.7659,0.04837407,False
43.79474682847,0.001,0.1,10.0,0.001,0.0,10.0,0.001,0.001,0.0001,0.0005,0.4162024793410435,6.143785900852202,5.181116971599771,76.80028751518296,17.027507416766696,20.0,8.886853147893977,10.0,5.497064102415208,0.0,3388.9822,0.04088055,False
4.436354068113904,0.001,0.1,10.0,0.001,2.412335713442385,2.576450360314247,0.001,0.001,0.0001,0.0005,3.9228266122061872,9.292450268801334,7.107525508436929,62.85246604694132,11.130247482005524,19.953654213512394,6.0037024907891485,0.0,0.0,0.85,932.2195,0.015173765,False
45.02382863045493,0.001,0.1,10.0,0.001,0.0,8.444333792778787,0.001,0.001,0.0001,0.0005,0.937315142379636,7.141499629661513,3.4878332364778637,79.79186381392681,12.987748339417704,20.0,8.837251996139697,10.0,9.270548342491377,0.0,3655.4458,0.06340517,False
4.609422645086388,0.001,0.1,10.0,0.001,1.8173849997437888,6.34670694848869,0.001,0.001,0.0001,0.0005,2.8981147899386963,10.0,4.663490457320315,53.218373699744724,11.02276502439921,20.0,5.737331823237683,1.544973599780857,1.3165622917708097,0.85,1157.9369,0.017627506,False
1.921320000027478,0.001,0.1,10.0,0.001,1.4072558416947527,0.9025915715780821,0.001,0.001,0.0001,0.0005,2.587252820580689,10.0,1.147408145662384,82.0691645663548,11.510790039960554,20.0,1.5890592589670955,0.0,0.0,0.85,408.05658,0.009414979,True
5.107417001952395,0.001,0.1,10.0,0.001,1.9301750077689317,6.378394541973613,0.001,0.001,0.0001,0.0005,3.061816745812621,9.973277572599109,5.357027390716935,52.813605267027164,11.280307116459994,20.0,5.882551725757591,3.202593031849128,2.262981571665625,0.85,1429.572,0.019782677,False
3.1345218214288506,0.001,0.1,10.0,0.001,1.2033935760145615,1.7553574869853632,0.001,0.001,0.0001,0.0005,3.046606414170842,9.565618336820828,5.303807337102203,65.37446619165182,11.134377729570407,20.0,5.621784389374664,0.265567959767729,1.252597309668619,0.85,912.3536,0.016443804,False
2.0656174017317226,0.001,0.1,10.0,0.001,0.2449246894566645,0.0,0.001,0.001,0.0001,0.0005,2.440851505551673,9.756331485474469,3.2236681591919503,81.22422800940883,12.083742541305737,20.0,5.789389636359323,0.5226554371598516,1.1130079846993848,0.0,808.93,0.051382408,False
2.6335963899638917,0.001,0.1,10.0,0.001,0.7461954937370797,1.1370671799900431,0.001,0.001,0.0001,0.0005,2.7104723732156843,9.921871604802444,4.566618795604231,72.68183041704847,11.997618327286421,20.0,5.626081168820143,0.0,0.09363469526309871,0.85,745.4456,0.015180187,False
15.669401361541732,0.001,0.1,10.0,0.001,0.6584921386156678,0.0,0.001,0.001,0.0001,0.0005,3.2901289861591825,7.938795670525298,5.423396148677565,55.39759741681052,7.114466848802998,20.0,5.660114008883843,10.0,7.434615065852719,0.0,2556.5168,0.062407628,False
27.375141829689078,0.001,0.1,10.0,0.001,0.952988933814592,7.757387542170405,0.001,0.001,0.0001,0.0005,2.2007961956181936,9.18173394706961,11.717305459257286,42.43831045300122,13.515249177155557,20.0,7.28176460671615,8.694985659114264,10.0,0.85,3294.457,0.026991524,False
35.15255713778519,0.001,0.1,10.0,0.001,1.252583426679608,3.5509563732863585,0.001,0.001,0.0001,0.0005,4.084360980112601,8.834023794040641,7.969374886610812,41.39649842392773,9.48009536019655,20.0,7.3674125047337355,10.0,8.824196050231846,0.85,3382.977,0.026903909,False
3.45020157850522,0.001,0.1,10.0,0.001,2.174971919732784,2.0522972343045374,0.001,0.001,0.0001,0.0005,3.2637781662397143,10.0,4.514320281406209,72.44942382205501,11.546352881594652,20.0,0.0,0.0,0.0,0.85,465.297,0.0017182719,False
3.920180864935901,0.001,0.1,10.0,0.001,0.41601153522523965,6.116018378802598,0.001,0.001,0.0001,0.0005,2.5815456495466416,10.0,5.178063349041249,71.4245973058734,13.341634047307204,20.0,6.201293053519517,10.0,6.481841316068481,0.85,2351.772,0.025623845,True
2.7188502469034934,0.001,0.1,10.0,0.001,0.6979869437467584,5.0884149241082905,0.001,0.001,0.0001,0.0005,2.8154533491781604,9.336580508870076,3.5570314647138987,73.99056519729156,7.650349994919296,20.0,5.5860703819480895,3.3387477578858027,1.2919120875983217,0.85,1187.8308,0.019010086,True
16.261941244120475,0.001,0.1,10.0,0.001,1.623133136076276,4.848841678657526,0.001,0.001,0.0001,0.0005,3.2527724566456673,7.189872496098681,7.376942494260055,47.279129571991454,9.016897009184785,20.0,5.688100854415784,10.0,6.0700930036032075,0.85,2611.727,0.025403231,False
1.625293303423132,0.001,0.1,10.0,0.001,0.6763754705035792,6.083928595181054,0.001,0.001,0.0001,0.0005,2.3393626890657195,10.0,4.98829222256651,99.53665597489956,20.0,20.0,5.287223015113472,5.658784682366612,4.137319452597592,0.85,1666.2874,0.022158206,True
0.0,0.001,0.1,9.92359629630214,0.001,4.747321527463421,4.900402428252,0.001,0.001,0.0001,0.0005,2.944077271329024,0.0,0.0,0.0,0.0,20.0,3.4809466727624807,0.0,0.0,0.0,525.4265,0.039374843,False
3.2069984010957793,0.001,0.1,10.0,0.001,4.089455474239562,2.2069682436337077,0.001,0.001,0.0001,0.0005,3.3750529723111606,2.0999767708720203,3.8369090467891724,27.05574659360625,2.823932974112457,20.0,5.615585405141931,1.1186937107062818,3.5215147867812417,0.85,1161.3984,0.018844938,True
12.845443283827935,0.001,0.1,10.0,0.001,7.192888235280589,0.06932092644627151,0.001,0.001,0.0001,0.0005,2.2175380789345693,5.5463716739138995,11.831607001242224,0.0,5.512283451814223,20.0,6.637058650605193,0.0,0.0,0.85,1248.8501,0.015504746,False
5.655505593481548,0.001,0.1,10.0,0.001,1.5817003596031594,3.418004913253201,0.001,0.001,0.0001,0.0005,3.8343193711410706,7.631995489960892,7.776453982155296,42.55333468833922,8.80798528273467,20.0,6.619068779671698,8.66771796958927,5.526732336003941,0.85,2246.4517,0.024542537,False
8.20754277008768,0.001,0.1,10.0,0.001,0.6998922837375137,7.370364870321326,0.001,0.001,0.0001,0.0005,2.2005704502818806,10.0,9.505404246486556,92.27557238281258,20.0,20.0,7.941375961474381,10.0,10.0,0.85,2972.021,0.027544592,False
0.0,0.001,0.1,10.0,0.001,4.820904689866662,5.892362702084036,0.001,0.001,0.0001,0.0005,0.6943234156976402,10.0,0.0,0.0,20.0,20.0,2.1860541023961018,0.0,0.0,0.0,520.7374,0.041704547,False
9.620497045939166,0.001,0.1,9.482566416948998,0.001,9.710161143542637,6.646524479535648,0.001,0.001,0.0001,0.0005,3.758575792457356,9.870455340334509,10.747846249697988,34.417589447798036,19.11456722420299,1.2118043489194847,0.15251576831541577,0.10532572490029968,3.5022442852691347,0.321191,1294.6989,0.0,False
46.52277200896512,0.001,0.1,10.0,0.001,1.6552197618455453,6.864306144386866,0.001,0.001,0.0001,0.0005,1.88008881304842,10.0,6.129351016936218,78.33391913248018,7.337560971937879,20.0,7.309776294346932,10.0,10.0,0.85,3725.0767,0.027544592,False
27.51865732086967,0.001,0.1,10.0,0.001,5.0072012978829195,0.0,0.001,0.001,0.0001,0.0005,2.0466785574449546,6.249206273013666,4.8008210829822815,0.0,6.1574424530332825,20.0,6.34445813870385,10.0,10.0,4.2322123e-16,3118.9705,0.06380084,True
14.434427969914504,0.001,0.1,10.0,0.001,0.0,8.392428291567542,0.001,0.001,0.0001,0.0005,0.2530234828314632,10.0,7.164280551998732,100.0,20.0,20.0,8.272156559151629,10.0,8.219937415900183,0.0,2914.4482,0.024562648,False
2.2050637065076084,0.001,0.1,9.139822359699222,0.001,3.9816075742171044,9.623925188237212,0.001,0.001,0.0001,0.0005,3.345978363126738,5.6252381476766065,4.960621984936353,84.10070931450458,13.090996180751663,10.374986331727182,6.444283765921423,3.4270027288859524,0.8271688995509838,0.83771974,1379.5049,0.0,False
46.51135252771646,0.001,0.1,10.0,0.001,0.7399300198628516,7.391926076785563,0.001,0.001,0.0001,0.0005,1.206010063980756,10.0,3.9750358819959404,87.11241861610551,7.680038206528,20.0,8.347174204145368,10.0,10.0,0.85,3723.6042,0.027524602,False
1.176246162698589,0.001,0.1,10.0,0.001,0.047334590091987615,4.747970189658609,0.001,0.001,0.0001,0.0005,3.392896783633149,10.0,0.0,81.7509263261158,6.183965123545549,20.0,5.577048626309282,0.0,0.0,0.0,653.3133,0.049774624,False
27.269015415792353,0.001,0.1,10.0,0.001,1.0987765079540284,7.588681970234185,0.001,0.001,0.0001,0.0005,2.357188238768749,8.481364744961775,11.703304028685082,49.49543404235837,13.24266628503706,20.0,7.222436908165136,10.0,9.575657162080752,0.85,3374.709,0.027313372,False
47.47128441841967,0.001,0.1,10.0,0.001,0.8004911773673317,7.487406551065093,0.001,0.001,0.0001,0.0005,3.937516642865086,7.28970942065298,0.0,80.5134123065461,9.175725040667974,20.0,8.798107538217767,7.874745093281373,10.0,0.0,3542.865,0.06289334,False
1.085209733407906,0.001,0.1,10.0,0.001,0.3571122431933083,4.48994837294111,0.001,0.001,0.0001,0.0005,2.4672996993968552,10.0,0.0,73.5807240778416,5.909793060335634,20.0,4.666214708982017,0.0,0.0,0.0,578.22644,0.04858962,False
46.822833553170426,0.001,0.1,10.0,0.001,0.45169577632793917,7.619583306885003,0.001,0.001,0.0001,0.0005,2.7374079051473075,6.5301469861843655,0.0,80.52801202120541,9.827294776728362,20.0,8.708722834905803,4.979114504955676,7.995330553444784,0.0,3064.0361,0.060345884,False
2.998767164979652,0.001,0.1,10.0,0.001,6.135117090580689,7.175975672599046,0.001,0.001,0.0001,0.0005,2.1223627154656084,10.0,13.063872110372504,0.0,9.621147243752205,20.0,7.551252289997864,7.27990658894493,4.005909535700959,0.85,2233.6157,0.023120658,False
2.2321601445073505,0.001,0.1,10.0,0.001,4.321857465975867,2.8081110286380713,0.001,0.001,0.0001,0.0005,3.180897592267175,1.6643821934623793,7.520460437494718,13.149814461097792,1.2624424032368344,20.0,4.383412102273937,0.0,3.521309836374096,0.85,1041.108,0.017271591,False
4.34490876355871,0.001,0.1,10.0,0.001,1.8476917935036736,5.670196851120304,0.001,0.001,0.0001,0.0005,3.400494014698716,10.0,0.47718804839803863,58.855987168118595,8.024376969837268,20.0,4.270049096991325,0.0,0.0,0.85,714.35925,0.014064712,False
3.444558310867781,0.001,0.1,10.0,0.001,0.883671996351434,3.138326463759245,0.001,0.001,0.0001,0.0005,4.510594958170689,10.0,10.080842526852951,100.0,20.0,20.0,4.854995300060163,10.0,9.38076301858777,0.85,2605.1536,0.027207177,False
3.7946067253104157,0.001,0.1,10.0,0.001,1.3590880960678489,5.519298284739903,0.001,0.001,0.0001,0.0005,3.688782881154178,10.0,0.0,58.37156897402503,7.688676598960366,20.0,5.2469608901311044,0.0,0.0,0.0,743.6907,0.049361743,False
5.664498764410405,0.001,0.1,10.0,0.001,2.1733540367698847,7.479527472588552,0.001,0.001,0.0001,0.0005,4.598641622026897,9.430460180468486,5.251749215530349,48.91416769153105,9.872649393774356,19.25406870865499,2.896953645513701,0.0,0.0,0.85,826.0751,0.011378615,False
6.242804934862456,0.001,0.1,10.0,0.001,6.892846758770426,8.314614357107775,0.001,0.001,0.0001,0.0005,0.048337094129474845,10.0,12.183313791913367,0.0,18.156595270116547,20.0,10.0,0.0,1.6853107804977865,0.16232543,1599.0714,0.0,False
5.699478109555773,0.001,0.1,10.0,0.001,5.898547039732719,6.444040154429743,0.001,0.001,0.0001,0.0005,2.1986140236288225,10.0,9.061223257514923,38.30464122553911,9.48933490278687,20.0,5.9301709190488765,0.0,0.0,0.85,1099.1958,0.015225309,False
28.656212167786734,0.001,0.1,10.0,0.001,6.145831157769594,2.844606330872721,0.001,0.001,0.0001,0.0005,7.166793441458918,5.293617163329564,8.712986702915567,55.4266951807478,7.567268157780003,20.0,5.01821356723967,0.0,2.791704463862101,0.85,1809.2947,0.017019035,False
12.907690703593216,0.001,0.1,9.023832709586602,0.001,3.180833868870796,2.950112677092074,0.001,0.001,0.0001,0.0005,5.55528040879549,5.385478897091021,1.8684995306483254,72.97925878178071,3.097250536173537,17.144337111784278,1.4726931159235566,8.876435562944568,1.0766023835883103,0.85,1662.784,0.013901493,False
0.0,0.001,0.1,10.0,0.001,0.0,5.953290283886467,0.001,0.001,0.0001,0.0005,4.0395172959561085,10.0,4.551705837880217,97.4841892631752,20.0,19.861763526718395,5.970134904642875,9.24202251235079,3.115264446358607,4.0257337e-13,1929.3628,0.059359513,True
2.650007106032939,0.001,0.1,10.0,0.001,1.5325349726220983,1.5684100229499134,0.001,0.001,0.0001,0.0005,2.8391765280827697,10.0,3.219706239679678,76.74691183100906,11.395176749190469,20.0,2.3072920603311458,0.0,0.0,0.85,531.0831,0.011614933,False
2.206645406457982,0.001,0.1,10.0,0.001,0.5414662873302547,1.537411107717186,0.001,0.001,0.0001,0.0005,4.401034925722463,10.0,4.833796536925543,67.29595536097194,12.16460053960278,20.0,5.4506387357731505,0.0,0.0,0.85,759.18475,0.015035748,False
1.6541352427071296,0.001,0.1,10.0,0.001,0.0,4.6561312754232205,0.001,0.001,0.0001,0.0005,4.2408123192264195,10.0,4.416326904444155,53.4066752656254,5.944340223106666,20.0,6.501797064162066,1.0455950511827976,0.0,0.0,923.1632,0.051219847,False
27.586505342789597,0.001,0.1,10.0,0.001,4.970495758015951,0.21471731040285782,0.001,0.001,0.0001,0.0005,10.0,7.20244629772457,5.685215721802592,62.16124934495515,10.821341612662316,20.0,5.610307615321771,1.0609612408747662,6.765479472606616,0.85,2175.9182,0.021047033,False
5.227999946753467,0.001,0.1,10.0,0.001,0.5370698520659368,0.21678877760513854,0.001,0.001,0.0001,0.0005,10.0,7.439110990444288,14.80874284998103,42.110423394021076,10.987131422135082,20.0,6.3314919487762955,0.0,4.449583934213915,0.85,1518.504,0.018685853,False
1.7643126803650502,0.001,0.1,10.0,0.001,0.818458162644913,6.028230427639146,0.001,0.001,0.0001,0.0005,4.375591486679954,10.0,5.535483740336514,100.0,20.0,20.0,5.6665323297472545,0.4244624912719016,4.4291876384460895,0.85,1281.2926,0.018926479,False
26.72450017412468,0.001,0.1,10.0,0.001,1.2371652915838802,7.656671334258075,0.001,0.001,0.0001,0.0005,2.4411061693856286,9.282664757382252,12.533882595079017,28.49485105446738,13.464501159127373,20.0,6.521701131111119,10.0,10.0,0.85,3379.5427,0.027544592,False
0.0,0.001,0.1,10.0,0.001,0.0,0.0,0.001,0.001,0.0001,0.0005,0.0,8.162112963930198,0.0,61.589515213537005,0.0,20.0,4.911207328946083,0.0,0.0,0.0,407.9332,0.0,False
3.584597053325419,0.001,0.1,10.0,0.001,1.381245874820833,6.1304849886883535,0.001,0.001,0.0001,0.0005,5.027385580155615,10.0,5.737655858503893,98.48562504455079,20.0,20.0,5.5023199891321735,0.0,4.473171748434982,0.85,1307.1976,0.018373305,False
3.121781069750635,0.001,0.1,10.0,0.001,1.1344340125062318,2.0796895740829298,0.001,0.001,0.0001,0.0005,4.010726305188687,10.0,5.128081442492599,67.90148387933958,11.196732227015527,20.0,5.256433959232676,0.0,0.0,0.85,785.60895,0.014958978,False
16.147071724570505,0.001,0.1,10.0,0.001,4.08262207681175,5.492019320233136,0.001,0.001,0.0001,0.0005,10.0,0.0,0.0,52.49780893632329,2.127710017855352,20.0,4.196523329209342,0.0,1.4492096063124582,0.0,1203.5138,0.05012474,False
11.913984507255131,0.001,0.1,7.997461563693224,0.001,5.214060620241674,5.870357063183681,0.001,0.001,0.0001,0.0005,7.969679277624085,2.1210021447309737,1.2812785842522434,39.167199193144704,2.1706267850077317,7.163211199730133,7.217143597131271,8.66550061894391,5.612420771894914,0.7462267,2437.7961,0.0,False
10.53445823381119,0.001,0.1,7.616221106566219,0.001,5.233317124314976,6.389873271037874,0.001,0.001,0.0001,0.0005,6.862548398146097,0.72434330006929,0.0,82.64858303717779,0.0,14.67653582579144,0.9313432800072783,0.6923428228847546,2.953385783729967,0.0,1013.4487,0.033102967,False
17.043449540377946,0.001,0.1,10.0,0.001,1.473413723069851,1.983115113517019,0.001,0.001,0.0001,0.0005,10.0,0.07409750540915917,1.990157335203726,100.0,5.3632385803926494,20.0,5.568040822602697,10.0,10.0,0.85,2862.7854,0.027544592,False
1.0426181946098103,0.001,0.1,9.8796232315947,0.001,1.4747079744169684,6.288315352108636,0.001,0.001,0.0001,0.0005,1.4377364364543697,10.0,3.5206605730524125,84.93762337496626,20.0,20.0,5.063685269754129,0.0,0.0,0.85,750.92206,0.014629249,False
16.027705843233537,0.001,0.1,10.0,0.001,1.3567941792872829,3.4288868569536133,0.001,0.001,0.0001,0.0005,4.12812113252844,7.234444604328298,5.954948334524161,72.52841630678049,7.24700117626763,20.0,6.370577401888399,0.08587915394625818,0.2500982591880976,0.85,1210.0242,0.015708594,False
15.686344658433745,0.001,0.1,10.0,0.001,0.0,0.0,0.001,0.001,0.0001,0.0005,2.5962952071453413,8.341397381337103,0.0,77.34844378954456,6.481778781010636,20.0,5.926689718425388,2.3261180425898518,5.248116605033277,0.0,1544.8217,0.055832975,False
3.9481000961618897,0.001,0.1,10.0,0.001,4.15308527228709,2.2962104785149835,0.001,0.001,0.0001,0.0005,1.7853261670558056,4.812339942001385,4.4344219219326195,26.078418214289123,4.198545057650241,20.0,7.591516258992712,10.0,7.412248141952846,0.85,2436.8513,0.026134556,False
27.839296895605674,0.001,0.1,10.0,0.001,5.064820806936306,0.0,0.001,0.001,0.0001,0.0005,1.5234659034074662,3.17304224184632,2.7374883150304385,22.143932112040705,12.13889254581203,20.0,4.254867506823045,0.0,6.089261421494348,0.0,1709.8445,0.053578053,False
28.09922623315822,0.001,0.1,10.0,0.001,4.254964861102582,0.0,0.001,0.001,0.0001,0.0005,1.9353263507388363,8.3060037078586,4.457639246111639,80.06725169717832,18.79614678551646,20.0,6.029764050130356,6.04138144309195,10.0,0.0,2767.4504,0.061844006,False
0.0,0.001,0.1,10.0,0.001,0.0,0.0,0.001,0.001,0.0001,0.0005,2.9229643736351085,5.393337835659839,0.0,58.2801441661935,0.0,20.0,7.267100570597286,3.0089242102631477,2.062550475050004,0.0,1042.9905,0.054754175,True
47.28492951085514,0.001,0.1,10.0,0.001,1.123020966393357,6.669943908189547,0.001,0.001,0.0001,0.0005,3.7887118065819947,5.736723678288742,5.920606291741217,100.0,6.551022100890982,20.0,6.220108100189662,10.0,10.0,0.85,3676.677,0.027544592,False
4.708795003175094,0.001,0.1,10.0,0.001,1.7145492708732686,6.481463934096724,0.001,0.001,0.0001,0.0005,1.5377677091319182,10.0,3.763014775963707,56.220637288603925,9.649646264047778,20.0,5.802549394285629,1.0712702186052239,0.0,0.85,966.12744,0.016206536,False
5.267426598242575,0.001,0.1,8.639217797453643,0.001,2.1292871360661945,7.619439536393537,0.001,0.001,0.0001,0.0005,4.1006043525486575,7.928997520981913,4.482491927326844,45.00622842444168,9.637470675692692,18.44795738290702,0.9801081506264482,0.0,0.0,0.85,658.9292,0.0025868088,False
5.746985364194428,0.001,0.1,10.0,0.001,7.5713884436488685,6.712604972229025,0.001,0.001,0.0001,0.0005,6.661331424344371,0.0,3.868923072999506,93.05904737723955,7.465377961475097,20.0,9.967497246142939,0.0,0.0,0.85,1318.2152,0.016821286,False
46.48975560103395,0.001,0.1,10.0,0.001,0.1578782704615112,6.635428874569965,0.001,0.001,0.0001,0.0005,3.153162536382599,5.817577758909273,6.102253753059362,94.38134245847672,5.219877462182342,20.0,6.777510924704719,1.0646138684594384,5.15239983419093,0.85,2440.937,0.020395271,False
3.36871692999899,0.001,0.1,10.0,0.001,1.9811321666991943,6.518673861620816,0.001,0.001,0.0001,0.0005,1.293339750925999,10.0,4.610556959792182,100.0,20.0,20.0,5.544433984735681,0.0,0.0,0.85,869.51135,0.015072825,False
3.4938395477988693,0.001,0.1,10.0,0.001,1.7760007632729502,2.0474900979889075,0.001,0.001,0.0001,0.0005,4.100774619092374,9.72219529211157,4.026734909487445,77.19135937485704,11.556666580759998,20.0,0.5406429196814692,0.0,0.0,0.85,496.51474,0.0061104987,False
1.3751138761303847,0.001,0.1,10.0,0.001,0.4691361066976325,0.5360244745076868,0.001,0.001,0.0001,0.0005,1.4420592259956846,10.0,3.790217062431766,81.18663899136646,13.787895191697835,20.0,5.700321126558646,0.0,0.0,0.85,662.166,0.015134448,True
0.22243134892325003,0.001,0.1,10.0,0.001,3.829785597027885,5.467358033828292,0.001,0.001,0.0001,0.0005,3.3374050957558756,3.4776977166848044,16.07821869884051,12.008918844478963,5.076335308451655,20.0,4.529346191296631,0.0,0.07709900965079255,0.23058698,964.7406,0.03936212,True
17.177082660429146,0.001,0.1,9.826005354147108,0.001,2.085677205987741,3.4532486435301957,0.001,0.001,0.0001,0.0005,4.9824149618446505,8.801013203266841,7.7213252805882435,50.01718341631404,8.641163624966083,17.66580383110921,5.3156993805405275,1.728904112047232,0.0,0.85,1381.3074,0.012213263,False
3.582359092923072,0.001,0.1,10.0,0.001,1.7759300005039993,2.0862544286254647,0.001,0.001,0.0001,0.0005,3.9134006280907863,10.0,4.225008649999401,80.04011472786476,11.442676579139974,20.0,1.0089342620829969,0.0,0.0,0.85,529.1447,0.0075871362,False
1.8103990000190866,0.001,0.1,10.0,0.001,1.1764216813291526,0.5678488338376021,0.001,0.001,0.0001,0.0005,2.835739446105028,10.0,2.525407825091091,80.75802456296623,11.641956891347425,20.0,3.9479678684994286,0.0,0.0,0.85,573.0673,0.013698252,False
16.28434196585262,0.001,0.1,10.0,0.001,1.717680329631663,4.851385216224181,0.001,0.001,0.0001,0.0005,3.1756510532376603,6.861950517012678,6.125808005825862,44.15117946750377,8.562985439544088,20.0,5.430182701528806,10.0,6.381126517361146,0.85,2593.1797,0.02557271,False
11.038598975420928,0.001,0.1,10.0,0.001,0.010485865874606062,0.0,0.001,0.001,0.0001,0.0005,2.425303375541587,9.247680254763374,12.963457556087794,43.463236744646586,10.903989285571873,20.0,5.754669698473944,8.247801049796214,6.970871747868261,0.0,2398.0713,0.061384104,False
1.7280885735964355,0.001,0.1,4.173633691591437,0.001,2.439879056455492,1.7101201464218971,0.001,0.001,0.0001,0.0005,3.9263776976518594,1.235716264513648,5.87032040810519,89.04312954559812,15.63477434017215,12.223486850118537,0.5988388654077426,1.9968244943521671,5.363080338929294,0.7359189,1052.3304,0.0,False
3.1910449663671585,0.001,0.1,10.0,0.001,1.7483528057811344,1.9405365362961682,0.001,0.001,0.0001,0.0005,3.1537293493781595,10.0,3.7955275670518103,77.52868176962194,10.994106824720706,20.0,2.3423585384907923,0.0,0.0,0.85,573.5311,0.011659459,False
4.502449345761588,0.001,0.1,10.0,0.001,1.2514617686357115,5.556621943086377,0.001,0.001,0.0001,0.0005,2.735858430462918,8.91193545900053,4.049468963960815,54.42565389709087,8.085859229222855,20.0,5.858335553092784,9.376524205717512,3.221707304860077,0.85,1990.2086,0.023450444,False
45.72154990960216,0.001,0.1,10.0,0.001,0.0,7.669679761916736,0.001,0.001,0.0001,0.0005,2.442857576670075,6.526315798468504,3.953963243456416,93.10047527496252,9.228655855175614,20.0,8.695413431850119,7.714281649106221,7.43021845559106,0.0,3313.638,0.061430924,False
1.991590933247743,0.001,0.1,10.0,0.001,1.4411551819146207,0.9147521439957519,0.001,0.001,0.0001,0.0005,2.8453982894316225,10.0,2.4171003716181727,81.86385580249235,11.517268124000397,20.0,2.5892922939293945,0.0,0.0,0.85,503.11655,0.011973014,False
6.331551594423194,0.001,0.1,10.0,0.001,4.018605494147787,4.174042392089869,0.001,0.001,0.0001,0.0005,10.0,0.4849892100119364,3.3634999651095354,75.10451073987355,5.8565536470670025,20.0,4.26211448689983,0.0,0.0,0.85,919.4331,0.0140567925,False
1.8007891959007496,0.001,0.1,10.0,0.001,3.9505003371015586,5.377287611169516,0.001,0.001,0.0001,0.0005,3.8380304026087564,3.8467329743567498,16.09722066985668,0.0,4.635271569433003,20.0,4.748510131425677,0.0,3.178110340886186,0.85,1274.5603,0.017179161,False
5.978538860422936,0.001,0.1,10.0,0.001,2.529903237405988,7.629382210807057,0.001,0.001,0.0001,0.0005,4.464646328089388,9.108891876564865,5.397100491829258,54.04385490455559,10.64425494511092,17.982515118218938,4.838521489069768,0.0,0.0,0.85,963.2972,0.011284677,False
30.625055596588112,0.001,0.1,10.0,0.001,5.9556627687249355,0.0,0.001,0.001,0.0001,0.0005,1.547925854854638,2.408953841175818,2.5526573247412014,70.71624180357084,0.670700520183731,20.0,6.574580725649152,0.0,10.0,2.6990972e-16,2206.6729,0.057225887,False
28.166625260026144,0.001,0.1,10.0,0.001,4.934418152603563,0.0,0.001,0.001,0.0001,0.0005,1.7323592465671998,4.537171449092169,2.914943992259476,32.46962159573003,7.937388179413056,20.0,5.728871890040811,0.8638665379763794,9.917240079902173,0.0,2192.55,0.057763916,False
0.8376401082542413,0.001,0.1,10.0,0.001,0.0,4.799282131121353,0.001,0.001,0.0001,0.0005,3.518383703737044,7.867589955996282,2.30153615464708,79.35154497817355,4.404500343504547,19.29691739358926,6.078670891172509,1.8223259760339285,0.0,5.8950253e-15,882.65137,0.050486322,False
4.23207265270214,0.001,0.1,10.0,0.001,1.1401309314188228,5.403651553211022,0.001,0.001,0.0001,0.0005,3.027667185257283,8.849794784697316,4.00421027664877,58.251007928097906,7.891863650199669,20.0,5.875951967809055,3.0542109856687034,0.8886284936951094,0.85,1208.6349,0.018569307,False
4.594610604245676,0.001,0.1,10.0,0.001,4.113290090895849,2.886937091675772,0.001,0.001,0.0001,0.0005,3.289691040156217,3.15820292343749,4.477409931564753,53.07519295956742,4.431284393804163,20.0,6.02197438955918,8.740328022416902,5.165028310173556,0.85,2092.7466,0.024322974,True
30.013364052132523,0.001,0.1,10.0,0.001,3.1139892846913204,4.258039704585884,0.001,0.001,0.0001,0.0005,5.285791350158382,6.44049548114917,6.52384407043169,56.736689759482175,7.277289682799869,20.0,6.492211139173756,5.189900790323159,7.784284191268981,0.85,2703.9583,0.02424742,False
0.4397866245254245,0.001,0.1,10.0,0.001,1.0803009093467357,6.216884981653959,0.001,0.001,0.0001,0.0005,2.4655516585898973,10.0,3.8191006102169274,100.0,20.0,19.303487634131837,5.079724594207872,0.0,0.18982296621543768,0.45591176,770.9686,0.030000752,True
29.511805144309143,0.001,0.1,10.0,0.001,4.6659015027063235,2.976244191860253,0.001,0.001,0.0001,0.0005,3.8031977115150313,0.0,5.849540828554801,46.31202158705807,6.458023347769238,20.0,6.3616221238000215,7.239781240754094,10.0,0.85,2990.6074,0.026374806,False
0.0,0.001,0.1,10.0,0.001,7.8778626666979035,0.0,0.001,0.001,0.0001,0.0005,0.0,1.807725975783839,3.137632755710836,0.0,16.27166000094569,20.0,7.378909731677048,0.0,0.0,0.0,800.731,0.0,False
6.4435061087584495,0.001,0.1,10.0,0.001,5.772505723207755,5.516069790531438,0.001,0.001,0.0001,0.0005,3.916559659717737,4.74251417479721,5.60463686806016,45.14308298347801,7.31964906571266,20.0,6.085395436953295,0.0,0.0,0.85,1041.8578,0.01528667,False
43.47660419401657,0.001,0.1,10.0,0.001,0.0,8.272839131096376,0.001,0.001,0.0001,0.0005,2.422573307237832,5.466268079961493,0.0,80.00257266968762,14.172919978832837,20.0,10.0,4.764029873734067,2.0572029529378257,0.0,2574.6497,0.057092544,False
18.51072253435882,0.001,0.1,10.0,0.001,0.0,6.640508803163049,0.001,0.001,0.0001,0.0005,2.160190844519863,2.79831931288461,0.0,100.0,0.0,20.0,5.83360108202542,6.1278054940364814,2.9540433609990453,0.0,1846.5128,0.057360817,False
8.2801063242402,0.001,0.1,10.0,0.001,0.3540938220909546,0.0,0.001,0.001,0.0001,0.0005,2.5679560709765386,8.375919628646447,15.852715052338171,49.36157657113753,8.470929275416566,20.0,6.305650227509682,6.634687777901038,6.623476748588205,0.0,2248.0867,0.060375158,True
45.780675215672844,0.001,0.1,10.0,0.001,0.0,7.730584812367204,0.001,0.001,0.0001,0.0005,2.6991581334938224,6.886136507773051,3.6620302460342202,99.06101830093488,9.957733750507378,20.0,9.229925163923916,9.828689387937127,8.701230479885872,5.29578e-29,3649.8022,0.06302322,False
3.8715204677078763,0.001,0.1,8.955017255461557,0.001,7.126309285294786,1.5087014688989873,0.001,0.001,0.0001,0.0005,1.5178682119028508,2.648435704215451,18.402684547518568,4.923439743252103,1.1523206971085143,14.661467335450343,2.4036764119576457,9.630041974330101,8.08464739999187,0.85,2440.3547,0.01473872,False
39.05121883887245,0.001,0.1,10.0,0.001,0.0,6.790904912791116,0.001,0.001,0.0001,0.0005,3.188222256813763,7.403265436468618,8.971799149526731,80.40050464779213,3.5317110719133864,20.0,10.0,6.742319257678716,4.748146725089461,0.0,3020.3127,0.059552338,False
7.341937976518416,0.001,0.1,10.0,0.001,1.115077804525321,0.883991999821993,0.001,0.001,0.0001,0.0005,3.861235551440181,9.201468573379884,4.092928377106466,77.85817079577048,9.1586676271996,20.0,4.778799931290017,0.0,0.0,0.85,799.72705,0.014572549,False
0.0,0.001,0.1,9.08979352287967,0.001,1.28200259563192,1.0561989441618165,0.001,0.001,0.0001,0.0005,2.088722197472498,9.145395865910785,2.8801142880050583,89.3904520317644,13.065136271583048,20.0,2.846048928737847,0.0,0.0,0.0,461.36578,0.040534385,False
3.3991761670944767,0.001,0.1,10.0,0.001,1.7158847167652325,1.7555757678078399,0.001,0.001,0.0001,0.0005,3.3429806088926695,10.0,3.7491424916108294,84.86930558072059,11.434135663641396,20.0,0.9561535238881934,0.0,0.0,0.85,493.66968,0.0074208365,False
6.687690361967187,0.001,0.1,10.0,0.001,1.749841035848443,2.865851096141615,0.001,0.001,0.0001,0.0005,4.378006782232575,10.0,6.5462918473225296,67.14932233840622,8.994654986238142,20.0,6.138792024042653,3.567774360338072,2.94490991609805,0.85,1547.0308,0.020555453,False
20.478155729129128,0.001,0.1,10.0,0.001,0.9621084034236389,2.3491672881152352,0.001,0.001,0.0001,0.0005,3.6363090226650803,10.0,3.5279068839121033,100.0,7.518456396108139,20.0,6.053571660031093,8.016851679033689,10.0,0.85,2738.803,0.026704129,False
7.5276138885873465,0.001,0.1,10.0,0.001,1.1669249632044658,1.6686579238183405,0.001,0.001,0.0001,0.0005,4.172981124364331,10.0,6.574263426445545,79.33032146925247,10.175218526348912,20.0,6.086525545059368,1.649093694014747,1.2603470795356069,0.85,1217.3644,0.01780586,False
33.69586229644689,0.001,0.1,10.0,0.001,1.7128563028956458,7.348292480913344,0.001,0.001,0.0001,0.0005,3.103546584191829,9.679167716603246,11.471916118936402,78.85550053653455,10.50959825541404,20.0,5.866704787709112,1.1758704069179695,8.963971260780392,0.85,2585.441,0.022756906,False
15.273403136986886,0.001,0.1,10.0,0.001,1.568477960861647,8.288004674611267,0.001,0.001,0.0001,0.0005,0.9007439789253618,10.0,6.401956459699402,81.91367931329576,6.957566437337564,20.0,3.1893765935913923,0.0,0.0,0.85,1018.6386,0.012734998,False
0.0,0.001,0.1,8.378710562086303,0.001,0.0,0.0,0.001,0.001,0.0001,0.0005,1.3782239810270471,8.118265335527086,0.0,92.4890573412451,18.416622273366286,17.973541119234216,5.199700570721965,0.0,0.013586588733238866,0.0,496.206,0.043581955,False
7.7267823705952114,0.001,0.1,10.0,0.001,1.0852165886590046,1.3869407992754645,0.001,0.001,0.0001,0.0005,4.409831168939565,10.0,6.394775601730388,89.05070172431101,10.417464082014195,20.0,5.973013227570082,0.0,0.0,0.85,955.45233,0.015242245,False
9.744269345938003,0.001,0.1,10.0,0.001,5.028548931774628,4.872450157994196,0.001,0.001,0.0001,0.0005,3.5646546154967176,0.0,17.500752856597913,0.0,2.894746356779432,20.0,4.622045247128229,0.0,4.300729591715146,0.85,1559.001,0.017904988,False
8.105616518457403,0.001,0.1,10.0,0.001,3.7524461302415335,1.5958877737471753,0.001,0.001,0.0001,0.0005,3.9286736337006585,3.4621110570445173,1.8914609258642636,0.0,3.52209604255515,20.0,6.097817568407481,0.0,1.076770118894149,0.85,965.1376,0.016155047,False
6.161456800043056,0.001,0.1,10.0,0.001,1.619718193173672,2.3193542103096645,0.001,0.001,0.0001,0.0005,4.314754072374612,10.0,5.6187575476534715,73.29133048512068,9.72702444948961,20.0,5.033478949154279,0.0,0.0,0.85,868.3378,0.014826769,False
8.06936303068364,0.001,0.1,10.0,0.001,0.6713421022974368,0.41233891924861427,0.001,0.001,0.0001,0.0005,3.527306209220505,8.942517134853308,7.665284930849653,80.49674133866004,10.624832250390707,20.0,6.309195798610601,3.087053834379811,2.4440653999454036,0.85,1448.0676,0.019982858,False
0.0,0.001,0.1,9.976199656051067,0.001,4.029678660556622,4.7873699141264305,0.001,0.001,0.0001,0.0005,2.6456942386690816,4.177420258799028,17.08097269028233,23.248125725316495,6.425099218490194,20.0,5.125151106942019,10.0,8.329830678565829,7.852693e-14,2593.883,0.06284184,True
2.6761878881664143,0.001,0.1,10.0,0.001,0.7635536652911821,1.397124973563784,0.001,0.001,0.0001,0.0005,1.4765031985898982,10.0,5.201822131650332,72.47627854858906,12.45303066503366,20.0,5.536851786065798,0.06990074863897072,1.3318756521125863,0.85,843.1938,0.016226288,True
0.0,0.001,0.1,10.0,0.001,0.0,4.616875792484144,0.001,0.001,0.0001,0.0005,3.3122393058694586,1.7609627678029662,0.0,63.805759858641345,0.48800987746798635,20.0,5.522658058294425,0.0,0.0,0.0,570.0344,0.049720388,False
10.30684421311523,0.001,0.1,10.0,0.001,0.0,0.0,0.001,0.001,0.0001,0.0005,2.440434547017932,1.2588840577833795,0.0,35.68400757204173,0.0,20.0,5.250737711212996,0.0,0.0,2.8545176e-32,691.36456,0.049366765,False
0.0,0.001,0.1,10.0,0.001,5.644863173226825,5.296793778244437,0.001,0.001,0.0001,0.0005,2.551324651163767,0.0,7.644681438154915,0.0,0.0,20.0,4.816773414869559,3.4276745768097405,1.757024317991147,0.0,1243.4679,0.05387479,False
5.444790780501171,0.001,0.1,10.0,0.001,1.9405106938440233,3.103226009318885,0.001,0.001,0.0001,0.0005,4.6240571589998805,8.208376857789167,6.624302644210424,65.265325992295,8.713820116918122,20.0,6.55204616931249,4.529923397056016,3.099700650964819,0.85,1651.9185,0.021154447,False
0.4327118325390906,0.001,0.1,10.0,0.001,0.3994130694675002,5.955372177833233,0.001,0.001,0.0001,0.0005,2.634272945109928,8.793155761098166,1.8009768861732702,55.00302877355088,5.868137386444702,20.0,4.974145819331717,3.709068985494735,0.0,0.44857758,990.19434,0.034377012,True
10.494737882113256,0.001,0.1,8.795442503639322,0.001,7.201478047617628,2.204418540111433,0.001,0.001,0.0001,0.0005,3.10835042349591,9.943643914015155,12.182907221503747,38.611901503797306,5.301229184979953,18.63262948498224,1.4747892904630386,0.0,0.0,0.85,947.413,0.004713008,False
2.336367184282475,0.001,0.1,10.0,0.001,0.4759980161545497,1.254596800709991,0.001,0.001,0.0001,0.0005,1.5755452744381373,10.0,5.783543646892774,71.48522782193355,14.186042511653781,20.0,5.66474418378685,6.090377093564328,4.479662289071783,0.85,1666.7836,0.02261206,True
15.606062524813623,0.001,0.1,10.0,0.001,0.1578843313481415,1.1022572936725024,0.001,0.001,0.0001,0.0005,2.455732525980838,8.1607487780135,3.981278449122451,65.11670863278401,7.440050830471494,20.0,5.613761775756613,0.4444818513007104,2.83582340688326,0.85,1260.659,0.017815981,False
4.290322748876784,0.001,0.1,10.0,0.001,1.6793696412860784,2.0801720019968957,0.001,0.001,0.0001,0.0005,4.9087327415197075,9.102227143062073,5.516860340952796,81.81334164156672,11.347728420242886,20.0,2.6781231765082913,0.0,0.0,0.85,688.1583,0.012085811,False
16.52416417165637,0.001,0.1,10.0,0.001,6.65316971109913,2.4515234570111777,0.001,0.001,0.0001,0.0005,10.0,8.42241587865883,10.996620823484484,45.77080267501371,4.926724309644278,20.0,1.6596772228245542,0.0,0.0,0.85,1203.5117,0.00963748,False
28.72674993904819,0.001,0.1,10.0,0.001,6.28591964431474,2.1406100324100192,0.001,0.001,0.0001,0.0005,1.4546711479548249,4.78586977259819,7.669008152703355,21.096093664926055,6.708882886922858,20.0,5.408891428396859,4.143686966624375,9.839719751773915,0.85,2640.3376,0.024843223,False
1.9061943197502005,0.001,0.1,10.0,0.001,2.689601967966478,2.79868399490345,0.001,0.001,0.0001,0.0005,4.4344021491214205,5.24152904328853,2.610001061512286,53.57476625045281,3.650873890190538,20.0,6.332901464872139,0.9967946644530086,0.0,0.85,873.6229,0.016356232,True
14.166977086207662,0.001,0.1,10.0,0.001,3.771965625783256,0.0,0.001,0.001,0.0001,0.0005,1.9616512440609877,0.07646355783475443,0.0,0.0,0.0,20.0,4.842512915427439,0.0,8.852553232959714,0.0,1525.6312,0.055721585,False
40.043817101988935,0.001,0.1,10.0,0.001,0.6162024208361998,6.032547834199806,0.001,0.001,0.0001,0.0005,3.16651065781053,4.0500535888819496,10.366583084269223,54.44639902177985,4.855223785612721,20.0,7.916230128972792,9.097716906860684,2.0333382429020173,0.85,2935.8071,0.022799676,False
2.992908379716834,0.001,0.1,10.0,0.001,1.2093177442870566,0.8682440040600481,0.001,0.001,0.0001,0.0005,3.2614750006431237,10.0,1.8617289104668133,76.62621168708576,11.27948740627586,20.0,2.5098975715818286,0.0,0.0,0.85,512.1083,0.011872199,False
3.2431864226441594,0.001,0.1,10.0,0.001,0.5869332723312997,0.890481009184373,0.001,0.001,0.0001,0.0005,3.3361642697381706,10.0,2.712326180386656,75.82296628984216,11.87360791940086,20.0,3.5815735061581218,0.0,0.0,0.85,592.95374,0.013233007,False
28.294640824225514,0.001,0.1,10.0,0.001,4.7622705901567475,0.0,0.001,0.001,0.0001,0.0005,1.8668327014815627,5.2281912258556495,2.8429968612103536,30.785810260053758,8.762582500422896,20.0,5.831009115718433,3.6681635939517894,10.0,2.846967e-14,2472.0977,0.06018763,True
5.708682047571397,0.001,0.1,8.992787849501319,0.001,3.05766319675259,7.806604422098715,0.001,0.001,0.0001,0.0005,4.005576898118992,7.550709788193006,6.420337094970455,37.134745841540365,10.521792850694215,19.930760397766953,3.010715918435354,0.0,0.0,0.85,857.11993,0.010267443,False
1.1468571749640193,0.001,0.1,9.878483328559053,0.001,0.0,3.9023475460575203,0.001,0.001,0.0001,0.0005,3.519334878355564,7.348086956353841,0.9215735846424469,74.0057656748661,5.9413714740243515,19.2370668653938,4.651709106158104,0.0,0.0,0.0,590.0289,0.047365513,False
4.373825379741279,0.001,0.1,10.0,0.001,0.7960364124582437,1.085383815703838,0.001,0.001,0.0001,0.0005,3.4947818498885495,9.600418773018424,6.517854139797292,68.46188209894342,12.407072673677417,20.0,5.732636746649575,3.9851877042393005,1.5830498454800228,0.85,1338.5829,0.019812386,True
0.0,0.001,0.1,9.881051572161702,0.001,5.364266625499234,4.967660601231759,0.001,0.001,0.0001,0.0005,2.8126370629647868,0.0,4.456960335103563,0.0,0.0,20.0,4.229806503812933,0.0,0.0,0.0,674.1768,0.047739103,False
3.3475710294962684,0.001,0.1,10.0,0.001,0.0,0.7607254416908694,0.001,0.001,0.0001,0.0005,3.5032360516918546,9.160420000830392,2.4099196108835,80.37696812255025,11.438115851344271,19.79958173153185,6.041227992195521,4.3116154303121705,0.9340602028838385,0.0,1200.695,0.054131623,False
14.25947241584819,0.001,0.1,10.0,0.001,3.8515374157248288,1.7309788703654818,0.001,0.001,0.0001,0.0005,3.1330380658874963,0.0,1.7892566053848906,27.087428094827597,0.6347539203545687,20.0,2.035928034759444,0.0,0.0,0.7334969,740.0429,0.0,False
4.116189149156235,0.001,0.1,10.0,0.001,2.443670387654895,1.259710234633404,0.001,0.001,0.0001,0.0005,4.406961289109667,10.0,4.706527899004609,63.02228260460833,11.833967944345645,20.0,0.8699343675506609,0.0,0.0,0.85,551.6026,0.0071491795,False
0.0,0.001,0.1,10.0,0.001,4.954731774841006,5.237268933111395,0.001,0.001,0.0001,0.0005,3.2486841068186068,0.0,0.0,0.0,0.0,20.0,3.8879916792243034,0.0,0.0,0.0,566.78015,0.04405352,False
1.4480816226807076,0.001,0.1,10.0,0.001,6.48935111914628,7.8269611439842635,0.001,0.001,0.0001,0.0005,0.6992214898131076,0.9213467105989854,0.0,0.0,6.870911868993641,20.0,0.509816451220322,0.0,0.0,0.0,445.85065,0.0078714695,False
3.7290840526587252,0.001,0.1,10.0,0.001,2.1795935630508128,1.0938600827947298,0.001,0.001,0.0001,0.0005,3.062116529574845,10.0,2.727339578148849,73.28657765535189,11.080012107788011,20.0,2.023001469525643,0.0,0.0,0.85,535.8044,0.0107822325,False
4.061281216821929,0.001,0.1,10.0,0.001,0.0,0.9502635363548367,0.001,0.001,0.0001,0.0005,3.254218939782574,9.731963817777972,5.150141928746116,74.24100418821693,12.670601643396617,20.0,6.02400856728119,3.82686797660299,0.5509056001641977,0.0,1202.1038,0.05376023,False
3.850106517128013,0.001,0.1,2.5147504289059257,0.001,1.0038231777507798,0.15751910090087115,0.001,0.001,0.0001,0.0005,2.9075067632348652,0.3620901842695513,13.842889492763133,73.71747172299821,19.342605682412646,17.978002877803306,1.5857041622574164,3.1049506429906018,0.6622206484803308,0.5082591,974.50244,0.0,False
2.609343678034899,0.001,0.1,10.0,0.001,1.3319839684917132,0.7997532422885232,0.001,0.001,0.0001,0.0005,3.295919008925883,8.706046932129778,2.7551046608760084,82.90113941323685,11.911645123231292,20.0,2.5314836372699863,0.0,0.0,0.85,521.9741,0.011899609,False
19.153865293660942,0.001,0.1,10.0,0.001,1.777001014269276,5.633914991414455,0.001,0.001,0.0001,0.0005,3.6863053395666134,0.0,4.655051633041244,39.53282370627958,4.355816640156645,20.0,5.6701087563839945,10.0,8.041554445040651,0.85,2764.6938,0.026477458,False
36.53794497832204,0.001,0.1,10.0,0.001,1.5801210459606365,5.0680595452719315,0.001,0.001,0.0001,0.0005,4.443813742994983,10.0,8.310956802145045,45.90639945956429,9.981345500690637,20.0,8.861027456235655,10.0,10.0,0.85,3654.5652,0.027544592,False
18.297189896092423,0.001,0.1,10.0,0.001,1.6672465874005906,5.623915689430672,0.001,0.001,0.0001,0.0005,3.579387484337423,0.0,4.958697011982963,43.896760308752455,5.093562718515635,20.0,5.807962313659677,4.464959689411165,4.2727078131187834,0.85,1940.0956,0.021732658,False
0.3812747920557114,0.001,0.1,10.0,0.001,0.0,0.0,0.001,0.001,0.0001,0.0005,4.812063144995518,4.598295322860143,0.0,44.93756934525476,0.004996604563179501,19.211534177402132,6.205342337900964,2.261827374268423,0.03446657184690712,0.0,787.97614,0.05078349,False
5.290335389958647,0.001,0.1,10.0,0.001,1.1977955964189053,5.131407267461316,0.001,0.001,0.0001,0.0005,2.9633262463203773,10.0,5.082233430125406,58.08314695825667,9.485868790485098,19.18487794163166,5.782479673016753,7.103216626813371,3.7071524544632224,0.85,1856.9152,0.021291135,False
5.220966686019644,0.001,0.1,10.0,0.001,3.488705628431414,2.406496214999753,0.001,0.001,0.0001,0.0005,3.8874318190493753,7.564083809213052,3.4334936489809387,84.70667335691371,6.50994243797907,20.0,3.5679071776061306,0.0,0.0,0.85,721.58295,0.013215654,False
18.856926297075617,0.001,0.1,10.0,0.001,1.8717669736376688,5.043065075902282,0.001,0.001,0.0001,0.0005,4.20436073678076,3.8923694383529406,6.884014672189541,52.04693291204704,8.876086897908115,20.0,5.695080269912683,3.1106501965998996,4.821853930902072,0.85,1935.6241,0.021383777,False
6.088051112529732,0.001,0.1,10.0,0.001,1.9348895643455035,7.2704212829853745,0.001,0.001,0.0001,0.0005,4.6025329991756685,10.0,5.2231556603750064,51.97530431640007,9.72589515166448,18.93859705842096,3.013525858207079,0.0,0.0,0.85,835.91345,0.01111003,False
30.361200623235714,0.001,0.1,10.0,0.001,0.19868639261895163,6.740476387128625,0.001,0.001,0.0001,0.0005,2.9688302069316252,7.710346421508326,16.399894839867713,42.983790520753104,13.831685211058078,20.0,8.93046308787219,10.0,10.0,0.85,3661.5203,0.027544592,False
28.405905051992303,0.001,0.1,10.0,0.001,0.2988559803735346,9.420806085921118,0.001,0.001,0.0001,0.0005,0.0,10.0,13.616662882830868,63.48838927017315,15.509369586617435,19.014960732748282,7.014303212330764,10.0,10.0,0.0,3447.7876,0.0,False
17.41046600571477,0.001,0.1,10.0,0.001,0.0,5.832946271549063,0.001,0.001,0.0001,0.0005,2.7007983795590773,1.4226374024340922,0.0,63.63071237441646,0.0,19.858311105068353,5.280527497253933,0.0,0.0,0.0,970.62494,0.049224246,False
8.064901688923296,0.001,0.1,10.0,0.001,7.26609713316021,0.0,0.001,0.001,0.0001,0.0005,1.4754478445573493,2.186078130817801,10.292248167566065,31.070161759050706,3.086499914717818,20.0,3.4285027884355976,0.0,0.0,0.0,874.88617,0.045053873,False
2.7335929151238787,0.001,0.1,10.0,0.001,1.1424043807764308,1.0833661142642135,0.001,0.001,0.0001,0.0005,3.3692550474143808,8.873707171729334,3.664082060682748,89.67379139845684,12.06981638142528,20.0,3.8543795633115847,0.0,0.0,0.85,628.703,0.013579414,False
1.316732807247216,0.001,0.1,10.0,0.001,1.1378890521178495,0.0,0.001,0.001,0.0001,0.0005,3.7494605961719927,5.648714186707532,0.0,77.68501725471714,7.897024232187081,19.58390337404443,4.312103149782914,0.0,0.0,0.0,510.26483,0.04758397,False
0.0,0.001,0.1,10.0,0.001,5.68267868395056,0.747668775411751,0.001,0.001,0.0001,0.0005,1.922387834302996,0.0,5.795809027336174,0.0,0.0,20.0,6.018812806517691,0.0,1.5177973259922648,0.0,846.90894,0.05116126,False
0.0,0.001,0.1,10.0,0.001,0.0,4.048007231435811,0.001,0.001,0.0001,0.0005,3.6023266796523394,1.6550908161831102,1.7043325287658804,69.66984035612442,2.4633480893462205,20.0,6.433536229107524,7.306675540312395,0.6150610241166061,0.0,1391.0441,0.05685552,True
3.0814377934506263,0.001,0.1,10.0,0.001,1.5624552353817633,1.1539240328169758,0.001,0.001,0.0001,0.0005,4.043669831560891,10.0,3.099681737860269,72.11946576199615,10.467416471244524,20.0,4.423329195249704,0.0,0.0,0.85,681.3388,0.014217718,False
16.963691548406583,0.001,0.1,10.0,0.001,0.0,0.8272673209124403,0.001,0.001,0.0001,0.0005,5.842464181263061,9.170489076979626,0.49800979231439135,31.089712753335636,0.0,20.0,7.2419532359832886,0.0,0.0,0.0,1088.4299,0.050459653,False
2.8480889524911843,0.001,0.1,10.0,0.001,1.571718837987544,6.446644946859928,0.001,0.001,0.0001,0.0005,1.3637206736018583,10.0,4.900126339334156,77.8915949091811,20.0,20.0,5.869596512409295,0.6675351320419922,0.0,0.85,937.538,0.01590349,False
3.868310333736149,0.001,0.1,8.595307104847862,0.001,1.3610472118147177,1.2477822953773434,0.001,0.001,0.0001,0.0005,10.0,3.810724866812574,11.147144873540306,63.14449627280484,13.122348884292466,20.0,5.1910311477791335,0.0,0.0,0.85,1000.3185,0.012281997,False
29.009666847086752,0.001,0.1,10.0,0.001,6.314255188429579,1.561282037563216,0.001,0.001,0.0001,0.0005,1.4932710753598126,4.724241303604923,7.151444693320101,37.48741231934626,9.85859452312589,20.0,4.971918389130404,0.34659124380600986,7.31428744136138,0.85,2053.823,0.020566665,False
37.018750217603234,0.001,0.1,10.0,0.001,1.1213452564548614,2.1553844890711717,0.001,0.001,0.0001,0.0005,2.5393665306488735,10.0,5.63478728529952,50.61601368272024,13.990273583145509,20.0,9.38930435728825,10.0,10.0,0.85,3556.7778,0.027544592,False
19.46866875386218,0.001,0.1,10.0,0.001,1.3741564476408037,0.0,0.001,0.001,0.0001,0.0005,2.3444002876041727,9.814857841675598,12.176732496182012,30.274336830910098,16.323648292144902,20.0,6.434804858706162,9.644127946362671,10.0,0.0,3036.7004,0.06364888,False
3.9915497932624286,0.001,0.1,10.0,0.001,1.876651964014255,1.3840989653933913,0.001,0.001,0.0001,0.0005,3.8378557835225138,9.568950300384866,5.4534844883038165,72.44717241150201,12.13833069049059,20.0,1.8306544420558257,0.0,0.0,0.85,602.86615,0.01017619,False
4.8287967980820845,0.001,0.1,5.080857432929869,0.001,10.0,7.502889071812114,0.001,0.001,0.0001,0.0005,7.658372638228772,0.0,0.0,100.0,0.8260931755118424,20.0,1.7352675083056317,0.0,0.0,0.0,734.15295,0.019309565,False
3.4619284221652578,0.001,0.1,10.0,0.001,4.087710162451151,1.6334807180784416,0.001,0.001,0.0001,0.0005,1.7194906979738138,5.063283296951183,4.781554101820808,0.6657146541859407,2.0606793596015023,20.0,6.3245483028409035,0.0,0.0,0.85,810.34326,0.015381209,False
26.96381872571574,0.001,0.1,10.0,0.001,3.0120821397226556,8.94141153622273,0.001,0.001,0.0001,0.0005,10.0,7.054884092854,10.974949806152496,68.94284808302201,11.176683560108119,20.0,6.587707574108524,0.0,0.0,0.85,1810.6794,0.015485236,False
36.91547833106196,0.001,0.1,10.0,0.001,1.794363996495914,2.3555833233068353,0.001,0.001,0.0001,0.0005,2.6198027158371966,10.0,6.916434109977789,66.65338182974006,13.063264977874383,20.0,8.173342800732852,10.0,10.0,0.85,3521.8918,0.027544592,False
4.880423847460673,0.001,0.1,10.0,0.001,6.549247628398014,5.108270198413968,0.001,0.001,0.0001,0.0005,2.3611261888050397,0.0,0.028271916234602824,0.0,4.869132400894845,20.0,5.431513962304867,0.0,0.0,0.14484084,802.03094,0.043797012,True
5.0216250057279455,0.001,0.1,10.0,0.001,1.5188184418733555,5.183151628879581,0.001,0.001,0.0001,0.0005,1.601966388133399,8.54723622594234,4.0980573012741335,43.78857614984638,8.096765720404493,20.0,5.949055608279887,4.3703476926275,0.0,0.85,1260.198,0.018903835,False
2.73436228376528,0.001,0.1,10.0,0.001,1.1926307118368198,4.209756630436084,0.001,0.001,0.0001,0.0005,3.909452810640608,3.2370689753465953,3.420366420495432,57.80103464428908,5.851388522090862,20.0,5.621028412080663,0.0,0.0,0.85,759.8667,0.015103104,False
1.9661418427599096,0.001,0.1,10.0,0.001,6.224405413810594,5.427717079123676,0.001,0.001,0.0001,0.0005,2.5346398337008975,0.0,8.66250626831927,0.0,4.794611363678747,20.0,5.933741383202903,7.524352681667599,3.570261330947523,0.85,1933.2198,0.02278547,False
0.0,0.001,0.1,9.255859548071756,0.001,0.39657741304465166,6.05908337626715,0.001,0.001,0.0001,0.0005,2.1543696649739665,10.0,0.0,78.39283043396028,19.839600596172644,20.0,2.3130263341691943,0.0,0.0,0.0,468.62595,0.039449103,False
3.0239010890016114,0.001,0.1,1.0,0.001,0.6310742709870034,1.1652856122715916,0.001,0.001,0.0001,0.0005,10.0,0.0,11.345555603790327,8.489749738558338,13.692205266661928,20.0,0.0,0.0,0.0,2.230088e-16,580.5862,0.0,False
4.501293037321745,0.001,0.1,10.0,0.001,1.6389165587062562,4.480525815565186,0.001,0.001,0.0001,0.0005,4.122519661070877,3.5710051496307167,4.6047106351323785,57.07956607757582,7.04946950870376,20.0,6.8453036349923755,1.5586217491607648,0.0,0.85,1068.1022,0.017018355,False
16.69954259811198,0.001,0.1,10.0,0.001,1.4743249710224982,5.978629515881149,0.001,0.001,0.0001,0.0005,1.696207143338789,8.294154156796779,1.8557926700238216,25.947836852481643,4.652625818952399,20.0,2.658936174408581,0.0,0.0,0.85,883.3159,0.012061448,False
0.0,0.001,0.1,10.0,0.001,0.0,0.0,0.001,0.001,0.0001,0.0005,3.238145967267718,3.9075497971147,0.0,62.18745993801987,0.0,20.0,7.238743485404383,4.557087579385738,1.1162557289163144,2.7240406e-13,1109.8938,0.055316795,True
1.243408201265974,0.001,0.1,10.0,0.001,6.527840868030554,5.4082599087313765,0.001,0.001,0.0001,0.0005,2.3638825205163707,0.0,7.788810237399868,0.0,4.413889116186254,20.0,6.285991036242193,3.8461489420741968,1.0933693787890975,0.85,1379.8208,0.019476132,False
0.012825962305396642,0.001,0.1,10.0,0.001,6.894119795867265,8.219619705523979,0.001,0.001,0.0001,0.0005,7.146275814745092,0.0,10.145645111383537,83.68871107810384,10.63856414856259,0.0,0.0,0.0,0.0,0.0,738.35876,0.0,False
35.09894119546513,0.001,0.1,10.0,0.001,1.340829598378336,2.416018092668986,0.001,0.001,0.0001,0.0005,1.8422386678618132,2.5057641984351227,1.0452105330184986,73.1511186465203,16.64992167560379,20.0,0.0,0.0,0.0,0.21150453,1085.8428,0.0,False
14.115545228687346,0.001,0.1,10.0,0.001,0.0,0.0,0.001,0.001,0.0001,0.0005,2.55429212127438,7.358791562542941,0.0,54.93285926428829,11.463405499816417,20.0,6.444775348224149,0.04497205504245995,3.129704365203102,0.0,1168.2943,0.052502897,False
15.986809543175095,0.001,0.1,10.0,0.001,0.2679097320603255,1.1040201560055516,0.001,0.001,0.0001,0.0005,2.7352768126045195,9.128562783228265,4.551138863470369,74.71210244566865,8.077260071938401,20.0,6.167188821516138,8.079601648186767,4.778923904746089,0.85,2194.3064,0.023796251,False
0.8650153060199799,0.001,0.1,9.25649366013253,0.001,0.7626195672662537,4.366152424424399,0.001,0.001,0.0001,0.0005,1.7589919474863116,2.0336934372151863,0.5045740705721548,51.84916536333838,4.044277298247883,20.0,0.0,0.0,0.0,0.16779761,249.52342,0.0,True
19.941480846634015,0.001,0.1,10.0,0.001,2.473095776979081,0.5040461898168043,0.001,0.001,0.0001,0.0005,2.2762099818767667,8.81225702410087,10.548849594464878,8.384200099589131,11.986752380618155,20.0,5.61457335315399,7.773260099235393,7.723251067035984,0.85,2618.9883,0.025335858,False
16.20263704967267,0.001,0.1,10.0,0.001,0.5571514503430738,1.2819279321346209,0.001,0.001,0.0001,0.0005,5.095516870169004,6.393386396574465,4.491972498919041,76.26627630039553,6.6987919351405125,20.0,5.9258274769064805,1.4533193352648763,3.0644759969989925,0.85,1469.081,0.018925404,False
17.519088301135998,0.001,0.1,10.0,0.001,1.8083378798164493,5.7574502016787354,0.001,0.001,0.0001,0.0005,3.0150782130890317,4.659530460905263,3.9709875042727862,27.547710347287307,4.714240562701077,20.0,5.430138582987238,0.0,0.11609789964483404,0.85,1139.7172,0.015120743,False
2.6417699195756716,0.001,0.1,10.0,0.001,1.5791204481064611,0.970837937310171,0.001,0.001,0.0001,0.0005,2.8527206847613047,9.705602418717643,2.7393274586164207,83.50042730653992,11.538821875441574,20.0,2.195969550497704,0.0,0.0,0.85,503.779,0.0113272155,False
3.477658855081152,0.001,0.1,10.0,0.001,1.6814558045773302,1.302741164294801,0.001,0.001,0.0001,0.0005,3.1098915334753157,9.845206462428669,4.289861033694112,80.24685508183744,11.770940708461024,20.0,2.957589639406118,0.0,0.0,0.85,616.2992,0.012440676,False
4.501635981295486,0.001,0.1,10.0,0.001,3.6357504121426314,1.6511426283439137,0.001,0.001,0.0001,0.0005,3.6721312326862083,10.0,3.179777976330131,93.7835018696244,5.803606618690587,20.0,1.6644390990140165,0.0,0.0,0.85,574.90765,0.009652483,False
3.511266727988587,0.001,0.1,10.0,0.001,1.2311691671692806,0.9541268565973693,0.001,0.001,0.0001,0.0005,3.8325825526952944,6.974310235021143,5.353304598719099,82.51137117138805,11.822636503760846,19.715776160199027,5.881114372633101,0.0,0.0,0.85,806.4927,0.014711554,False
16.848422929556833,0.001,0.1,10.0,0.001,1.1310288363723076,1.5186344708357509,0.001,0.001,0.0001,0.0005,5.765783475708194,6.6380050401771395,5.712546345517327,74.73687623099995,7.44888628927921,20.0,5.880784450541999,2.8931621350454466,3.0923240360857673,0.85,1674.25,0.020106334,False
0.13692971326713207,0.001,0.1,9.464335040335285,0.001,0.3122187522334173,3.883897231490787,0.001,0.001,0.0001,0.0005,3.2751304920524253,7.33768804933254,1.1624775319930234,75.25438170417563,4.6948403127685765,19.02884486770896,4.264523982389602,0.0,0.0,0.14195035,541.6384,0.04017871,True
0.0,0.001,0.1,10.0,0.001,4.863111785387751,1.5628964781301846,0.001,0.001,0.0001,0.0005,2.7629831211187392,1.3207944887769139,4.615471799098055,44.86174235260802,0.0,20.0,4.12170461281314,0.0,0.0,0.0,604.5574,0.04782504,False
0.0,0.001,0.1,9.491376467405276,0.001,5.471744860666879,5.028393717070417,0.001,0.001,0.0001,0.0005,2.996455638089579,1.2897885235193052,7.538056826785596,0.0,0.8490421500223476,20.0,4.707282866591486,3.8802582900766587,3.3347233413064648,0.0,1406.9425,0.054507304,False
1.700601626312396,0.001,0.1,10.0,0.001,1.374164141366772,0.5654536795574046,0.001,0.001,0.0001,0.0005,2.7692376888833143,8.954947904724984,1.0200869949185447,85.3931316449798,10.97451871229756,19.768525461902712,2.0937549526590877,0.0,0.0,0.85,422.37274,0.01100516,True
2.6057152764903178,0.001,0.1,10.0,0.001,0.9135315184332103,0.04671662525415121,0.001,0.001,0.0001,0.0005,4.8399793692942055,5.108857805959907,0.0,86.14769479565835,6.597654407637055,19.386905270293838,6.145053024301621,2.238514898555224,0.08802695683596551,0.0,879.26154,0.05108153,False
1.3159876406794246,0.001,0.1,3.2075216934463855,0.001,2.676585213979245,3.083047897906046,0.001,0.001,0.0001,0.0005,2.6721333895823833,5.748187000094339,10.466346924407448,62.09720385972024,0.17366327984409025,15.221892851634024,3.03445247436114,0.16669632099722984,3.078865088361025,0.7391051,901.2941,0.0,False
5.0424729473082985,0.001,0.1,10.0,0.001,1.5536261821608348,2.4264786465776043,0.001,0.001,0.0001,0.0005,2.5811349350850032,5.891101616446711,6.249949721062737,80.64619434417364,20.0,14.911913264243244,0.0,0.0,0.0,0.5249378,531.1795,0.0,False
14.991778417186355,0.001,0.1,10.0,0.001,0.19812305553103152,1.005569530189852,0.001,0.001,0.0001,0.0005,4.271045806946958,5.975301937932182,3.403743635118584,90.5786189478812,6.769445595652293,20.0,2.81495550639568,0.0,0.0,0.85,817.8793,0.012259561,False
15.82037488951811,0.001,0.1,10.0,0.001,1.8285852785191032,1.3822567521139828,0.001,0.001,0.0001,0.0005,4.503560340323767,4.458137812951198,3.7361759872467513,62.52633235926031,5.322001446098702,20.0,5.293538129251089,1.1335504603894284,3.8640085111509648,0.85,1443.6321,0.01896657,False
17.559219226026197,0.001,0.1,10.0,0.001,2.5553941947267766,5.295751799555641,0.001,0.001,0.0001,0.0005,4.269540916924738,9.4134341481892,7.9402493054424585,25.95704461899309,8.619823440896358,20.0,5.3564624940698025,7.083284586479598,5.61043622590792,0.85,2377.6719,0.023720313,False
1.446782300083928,0.001,0.1,9.619255617687394,0.001,0.0,0.10698350023932725,0.001,0.001,0.0001,0.0005,4.671458658217775,6.277877928517523,0.0,75.69280155946755,3.0135216565811094,19.54711627999873,6.517798151019974,2.1695286805536567,0.0,8.0336464e-16,832.29553,0.050794583,True
2.0677780855027756,0.001,0.1,8.755974658821344,0.001,2.116311359365439,3.6122603613007778,0.001,0.001,0.0001,0.0005,2.92964660447469,0.0,6.824369945336654,36.076849175396845,2.242656713982182,20.0,4.235069262340736,0.0,0.0,0.85,685.98926,0.0116769355,False
1.1632451029380508,0.001,0.1,9.12378318542559,0.001,1.9850839102829145,4.3403327981601985,0.001,0.001,0.0001,0.0005,2.5005466116982005,0.0,12.38165235262044,16.887649298570683,0.0,20.0,5.020632651012017,2.444767801862182,0.0,6.3001557e-15,1054.4435,0.04973274,False
8.258385142234852,0.001,0.1,10.0,0.001,6.738721169306967,1.5388297697421276,0.001,0.001,0.0001,0.0005,1.6445965896314583,3.2609932356358025,9.219475403557409,20.780078921227805,0.7270253034730211,20.0,4.9352718186655045,0.0,2.093589552944503,0.85,1134.9443,0.016503586,False
3.040113324981277,0.001,0.1,9.792906609266796,0.001,1.7618260682915077,3.6582949215752207,0.001,0.001,0.0001,0.0005,3.3288834734135007,0.0,13.733635098301722,22.837832495618215,0.7917189861851357,20.0,5.493161069636301,0.0,1.5726991861269803,0.85,1061.0614,0.016004963,False
5.24091600095607,0.001,0.1,10.0,0.001,3.4088275620808717,5.26897431796391,0.001,0.001,0.0001,0.0005,2.9810025700563116,10.0,5.316332421619454,17.874521068731653,10.966421788364112,20.0,5.900685565997542,10.0,9.078227248414878,0.85,2617.7825,0.027042327,False
0.0,0.001,0.1,8.990586099515093,0.001,0.0,0.0,0.001,0.001,0.0001,0.0005,4.353874571378768,7.2934913686551575,0.0,85.22647096074584,4.344891089119651,19.164884634754152,4.326227218482842,0.0,0.0,1.2657341e-15,457.50742,0.04484725,True
2.990507629369578,0.001,0.1,8.634931534466176,0.001,1.9812921941163348,1.0603487406330747,0.001,0.001,0.0001,0.0005,2.165859104036722,9.34324546555016,2.132703036811211,80.4229256295306,11.064828791289207,20.0,2.03230947921459,0.0,0.0,0.85,472.11874,0.0058944384,False
4.057776128689885,0.001,0.1,10.0,0.001,1.8271387995515098,1.4672712956349159,0.001,0.001,0.0001,0.0005,3.831388236389003,10.0,6.022251981203706,80.91923039351825,11.335784759317056,20.0,5.03381897983741,0.0,0.0,0.85,811.6949,0.014827109,False
26.727614447283987,0.001,0.1,10.0,0.001,0.0,5.497596919936455,0.001,0.001,0.0001,0.0005,3.2775518449547763,7.222975505275953,6.667299802369416,40.500995248171094,6.577496162322586,20.0,6.474607603371766,7.619636416443405,6.961770903541656,1.698776e-15,2714.227,0.06112318,False
0.06813436846935043,0.001,0.1,1.0,0.001,10.0,1.2496762195710336,0.001,0.001,0.0001,0.0005,1.9383380670044572,0.0,3.032504509203124,52.514205557472835,19.863191982964644,0.5962637919721119,0.0,0.0,0.0,0.0,383.51007,0.0,False
6.264415040073704,0.001,0.1,10.0,0.001,6.763978358117413,1.764994830349661,0.001,0.001,0.0001,0.0005,3.653389550983437,4.0821786284489345,13.85632241677001,17.720630164009147,0.0,20.0,4.6002902932839715,0.0,0.0,0.0,1040.0862,0.04850197,False
22.895781563015287,0.001,0.1,10.0,0.001,2.444699248012174,4.685507066100467,0.001,0.001,0.0001,0.0005,4.068481617413374,1.1692443676090511,11.53559306230743,52.92809017267906,2.7767287118913506,20.0,3.4568831212615034,6.871551188679503,10.0,0.85,2728.8281,0.026004246,False
17.27298277627711,0.001,0.1,10.0,0.001,0.8611917616152887,1.6505722611935123,0.001,0.001,0.0001,0.0005,5.1959685246049645,7.816435782958444,5.049444059169572,62.2908940569552,7.824159254436003,20.0,6.061054122977863,4.961969672353285,3.634578414282455,0.85,1909.158,0.021619717,False
22.703132190795,0.001,0.1,9.246323540690508,0.001,1.0754841651467346,8.22271719478269,0.001,0.001,0.0001,0.0005,2.3613410371749386,9.602533527226411,11.298512652216628,52.463605229346356,13.328830687835701,20.0,7.781869952329834,9.545459370925197,8.037272454638012,0.85,3137.4631,0.024652848,False
2.835774631183199,0.001,0.1,9.736899029732765,0.001,1.9766659386360133,1.0695230398418274,0.001,0.001,0.0001,0.0005,0.0,9.69583329766295,0.897361374150461,66.2288697104207,10.836067339047206,20.0,0.0,0.0,0.0,0.0,286.37024,0.0,False
2.957523875771018,0.001,0.1,10.0,0.001,1.0237922856104025,6.230300010898767,0.001,0.001,0.0001,0.0005,2.826547424195835,10.0,6.385388657881094,96.74708656309197,20.0,16.005438022003467,5.681950479043745,10.0,7.655375532654528,0.85,2455.3513,0.019296657,False
0.0,0.001,0.1,10.0,0.001,0.0,4.889395422972542,0.001,0.001,0.0001,0.0005,2.5686627837848386,10.0,0.0,72.03083499326465,7.776818124786566,18.83557251565376,3.817520889523075,0.0,0.0,0.0,508.9256,0.045964513,False
4.485895605141377,0.001,0.1,10.0,0.001,1.786316732961012,3.744624014884242,0.001,0.001,0.0001,0.0005,3.980314610563036,9.725105178552768,5.441336592712792,67.01617987487903,8.511675580574439,20.0,3.567693384510307,0.0,0.0,0.85,753.63446,0.013215382,False
15.62687102025248,0.001,0.1,10.0,0.001,0.025447966544607438,0.0,0.001,0.001,0.0001,0.0005,4.260685922744168,7.375764273132729,0.0,49.60796153457418,3.22217449306903,20.0,5.79264565840643,0.0,0.0,3.923397e-16,916.6392,0.049863335,False
39.218735720513294,0.001,0.1,10.0,0.001,1.8315093961424378,5.0857743660656185,0.001,0.001,0.0001,0.0005,2.6152116178712177,10.0,7.631309552254261,74.08211801646391,7.42878273615333,20.0,8.72231490621253,10.0,8.456797415085676,0.85,3533.3481,0.026703719,False
2.439903166956177,0.001,0.1,10.0,0.001,1.1045935076671765,0.7010283951833898,0.001,0.001,0.0001,0.0005,2.833052077434275,7.939559662722329,5.900651295977647,85.26783681233532,12.522393868971719,19.531837763324763,6.402051883157976,8.01803442388937,2.2477359373980477,0.85,1730.3477,0.021509903,False
4.530078804628497,0.001,0.1,9.887814148047525,0.001,0.3015109743150634,0.463098001710918,0.001,0.001,0.0001,0.0005,3.423110611451252,5.727793832270666,0.30952430231308026,47.20241345942334,17.74610147938856,2.762595147348605,1.2213070754219417,1.4675677010902952,5.074830327350376,0.46349177,962.1659,0.0,False
14.339846760623457,0.001,0.1,10.0,0.001,0.8705456901458964,1.6307783661372426,0.001,0.001,0.0001,0.0005,1.8263216133818307,4.551300272873931,5.927680085209852,100.0,8.635625428155796,20.0,0.0,0.0,0.0,0.40089157,660.93195,0.0,False
3.723949468501468,0.001,0.1,10.0,0.001,1.9062330870232098,1.3930804316888863,0.001,0.001,0.0001,0.0005,2.974857071097473,10.0,3.913570658976942,80.70908260575249,11.34532596749678,20.0,1.5223959358156924,0.0,0.0,0.85,529.1026,0.009204938,False
0.0,0.001,0.1,10.0,0.001,1.2839236861682457,6.947747627668971,0.001,0.001,0.0001,0.0005,3.904122304604317,10.0,3.613570838759111,80.47181663736481,11.947414886682326,18.634947049135736,5.3612367121523175,4.709187311619029,2.771598540361597,0.0,1438.8662,0.053525127,False
6.900993221317915,0.001,0.1,4.519019609198068,0.001,2.5972273183642285,9.024142698935801,0.001,0.001,0.0001,0.0005,0.0,5.445511356335225,7.088137569759951,34.046288703488365,8.835152769832314,20.0,0.0,0.0,0.0,0.0,603.97076,0.0,False
10.878655678514923,0.001,0.1,10.0,0.001,5.257914834024861,5.68020251133019,0.001,0.001,0.0001,0.0005,2.3438803732960665,0.0,1.552619362600443,0.0,2.0982596530704543,20.0,5.1473051669978815,8.693657102288855,5.481432948034372,0.85,2182.2153,0.024384905,False
1.4552666370521878,0.001,0.1,10.0,0.001,3.3857344470698876,5.0406320668799784,0.001,0.001,0.0001,0.0005,3.519340577857117,2.404949364106285,14.90509021312924,33.096488962225976,2.889768348668524,20.0,4.811842340330985,10.0,7.247183515744412,0.85,2468.541,0.026016695,False
6.449703894140674,0.001,0.1,10.0,0.001,5.864430338697368,5.57586826453787,0.001,0.001,0.0001,0.0005,3.1244694734603566,4.335783131073238,7.624365420636808,25.38478247053802,9.15046214712698,20.0,7.11668951742309,6.067800061924523,1.908306752357542,0.85,1856.3767,0.021214142,False
0.0,0.001,0.1,10.0,0.001,0.3198941372864327,5.529858464849585,0.001,0.001,0.0001,0.0005,3.0145373971365124,10.0,0.4555144309336165,72.6462117868217,6.403401449798176,19.089672200104772,5.509509750387429,0.0,0.0,0.0,643.90076,0.048198685,False
29.109036567396423,0.001,0.1,10.0,0.001,0.9638436573970348,5.875706838100244,0.001,0.001,0.0001,0.0005,3.746129746219788,6.035765967664526,8.58989485430532,45.7069666301043,7.358197198637049,20.0,7.658558777118079,10.0,10.0,0.85,3379.8042,0.027544592,False
1.803399390185749,0.001,0.1,10.0,0.001,0.8623974790848977,3.2344322605060283,0.001,0.001,0.0001,0.0005,2.9991690863358587,10.0,3.443498648791259,76.70173383126239,10.418709650164583,19.690606235218546,5.433116060282563,0.3029313673007295,0.0,0.85,752.62805,0.01487388,False
0.0,0.001,0.1,10.0,0.001,6.338408077439269,0.0,0.001,0.001,0.0001,0.0005,2.6749629377828072,0.0,5.727044532760591,67.63085250973865,0.0,20.0,3.911290393769091,0.0,0.0,0.0,608.22235,0.044321325,False
0.887366769072988,0.001,0.1,10.0,0.001,1.461280111936127,7.284092494786174,0.001,0.001,0.0001,0.0005,3.6650813421946866,10.0,3.7045785970234806,90.87236041752162,17.67226472462995,19.66407028592033,5.201468839861504,1.9060824034401402,0.19839416000280222,0.85,1006.904,0.016222656,False
47.422410992448555,0.001,0.1,10.0,0.001,0.794364957437014,9.461510839041186,0.001,0.001,0.0001,0.0005,2.55403090543715,4.868895495946505,4.60694902827779,64.89494997078567,9.17268986484624,20.0,8.527278835287541,7.885375980545307,8.006351756303037,0.85,3462.3687,0.025562093,False
2.1566866999498946,0.001,0.1,8.361186455894195,0.001,6.722281127630893,0.1330269727700934,0.001,0.001,0.0001,0.0005,3.9992640248033733,4.169484141599497,3.74730132770714,23.417098161247875,3.51655340048314,14.106224130587211,0.024337351229238635,6.301483083823417,0.4633591788995194,0.85,1051.464,0.00398806,False
0.22851183475475412,0.001,0.1,10.0,0.001,6.1099944128830375,5.514549462783918,0.001,0.001,0.0001,0.0005,2.1447686581377177,9.493803732247542,8.268916411774537,0.0,8.106757994835585,20.0,6.23468168733774,6.004287441820864,2.2087500523481123,0.2368904,1688.9943,0.047301132,True
6.8764468569992205,0.001,0.1,10.0,0.001,0.9842492910286148,3.184097775553113,0.001,0.001,0.0001,0.0005,3.883975472237461,10.0,5.28004474395639,61.250154947777034,10.096579118001934,20.0,5.5626169941473504,3.0387817292686545,1.5411858642278071,0.85,1313.0736,0.018958742,False
0.0,0.001,0.1,10.0,0.001,4.1378769860854945,0.0,0.001,0.001,0.0001,0.0005,3.2021938933608047,0.0,0.0,68.6682317550509,0.0,19.927994895549887,3.6603758709240224,0.0,0.0,8.9656364e-14,441.6695,0.04143725,True
10.762208351122252,0.001,0.1,10.0,0.001,4.2098826004452174,4.758366702170994,0.001,0.001,0.0001,0.0005,2.9318008257807615,0.0,1.7637629731591875,0.0,2.0571701487554006,20.0,5.196517064297326,0.0,0.6545600765373304,0.85,965.4274,0.015460187,False
29.099847673416825,0.001,0.1,10.0,0.001,6.746823929685142,0.0,0.001,0.001,0.0001,0.0005,1.5046981860381812,5.1081382238633966,5.9619075585837145,37.62154677086901,10.786619019342352,20.0,6.207094782885596,6.096481815882994,7.607224757868955,0.0,2649.4858,0.060597662,False
2.4596344920679165,0.001,0.1,10.0,0.001,3.847500946052602,2.2117589194708747,0.001,0.001,0.0001,0.0005,3.3841625617029925,0.0,4.912548141487536,39.80937218575656,2.174507002917667,20.0,5.254426954667176,0.10301413430911942,0.0,0.85,753.1498,0.015088495,False
2.481578065080148,0.001,0.1,10.0,0.001,2.4789865681864924,6.79013411817415,0.001,0.001,0.0001,0.0005,2.505383544841176,10.0,0.10705447711587712,88.36471829104143,16.012748885885852,20.0,4.534222614914726,10.0,0.9159636232704382,0.54845446,1722.2601,0.034948397,True
0.0,0.001,0.1,9.767630199269576,0.001,0.0,5.446022854655709,0.001,0.001,0.0001,0.0005,2.995280418240202,10.0,0.0,100.0,10.6331137068691,18.674922182370874,5.967340283040805,1.565765755275561,0.0,0.0,811.1004,0.048808023,False
2.385509681639281,0.001,0.1,8.808941515130886,0.001,1.621170715159915,1.6405868282422265,0.001,0.001,0.0001,0.0005,4.8822585842899375,6.935141206933721,2.4452946820630754,100.0,13.395234166733673,20.0,0.3868574605789757,0.0,0.0,0.76487035,418.93225,0.0,False
5.571367687826615,0.001,0.1,10.0,0.001,0.0,5.105798087218496,0.001,0.001,0.0001,0.0005,2.6066965274697758,0.0,7.466477314899923,60.67984796499809,1.7168322369321114,18.011152431633345,7.862120546393621,0.0,0.0,0.0,991.6711,0.04733247,False
2.6868891696632318,0.001,0.1,10.0,0.001,2.5684823730365385,7.211014304334741,0.001,0.001,0.0001,0.0005,2.8877382209733438,10.0,0.0,93.59309464184454,16.438366002365534,20.0,3.9979629299381303,0.37600242811971385,0.0,0.0,741.32776,0.04820231,False
2.360983996974679,0.001,0.1,9.33431428213197,0.001,1.6421944101447725,1.6997712478359865,0.001,0.001,0.0001,0.0005,4.47558450217148,8.235477377645582,3.03689655366355,99.75551081158851,12.760999629030438,19.939367832509223,1.4100804735935824,0.0,0.0,0.85,493.87402,0.0064536533,False
2.496618369953211,0.001,0.1,10.0,0.001,5.851745843903187,2.1078252624337184,0.001,0.001,0.0001,0.0005,1.82046939156711,3.1147853056424344,8.160667079116,56.2004057017577,3.6738442601645382,20.0,5.175850433871086,0.0,0.0,0.85,829.80023,0.014927123,False
21.146866313741718,0.001,0.1,10.0,0.001,3.669800546620752,0.0,0.001,0.001,0.0001,0.0005,2.086251884820263,6.09412620646491,9.519406269549028,3.4378158195012665,15.245023754231081,20.0,5.574178463605191,2.8462025851890225,10.0,4.4396e-16,2357.735,0.05939995,False
2.4354235451785207,0.001,0.1,9.777342541617925,0.001,0.0,2.8466053736662533,0.001,0.001,0.0001,0.0005,0.6625777637624403,10.0,10.59510469108141,100.0,15.918768292450904,20.0,6.887520077414147,0.0,0.0,0.0,923.9579,0.049971804,False
1.7871878409063076,0.001,0.1,8.664337945632822,0.001,0.8228028317148529,1.4470769058011443,0.001,0.001,0.0001,0.0005,3.256331208495826,10.0,0.0,100.0,13.307375083009712,20.0,3.9252033360438423,0.0,0.0,0.0,530.41595,0.042411353,False
15.795614308258463,0.001,0.1,10.0,0.001,0.0,5.0858335965201675,0.001,0.001,0.0001,0.0005,2.5620321402305586,10.0,0.0,57.02601078514985,10.983625566527804,19.592384464326887,5.5510524333387785,0.0,0.0,0.0,998.0785,0.04907072,False
22.639955319922027,0.001,0.1,10.0,0.001,4.664087099645623,0.0,0.001,0.001,0.0001,0.0005,0.9372955405320594,5.1704770974145395,6.992759276263493,27.79663819841823,8.120231782276594,20.0,6.596346306893318,9.972839806316882,10.0,0.0,3037.4646,0.06378924,False
2.0651040070748956,0.001,0.1,8.702454358065003,0.001,1.47165953759151,1.7178531914136244,0.001,0.001,0.0001,0.0005,3.9226128752713207,10.0,1.581510841586991,100.0,13.483449887161324,20.0,4.219289624293943,0.0,0.0,0.85,618.6865,0.011556203,False
16.27776187106818,0.001,0.1,2.697600751154158,0.001,2.349008679342808,2.5014843206947255,0.001,0.001,0.0001,0.0005,7.167548796793746,7.028518459317851,4.62706479562825,39.20843664157025,4.754299757647143,16.602261815369964,1.454364684245081,1.3180278096082854,1.152053326841453,0.4883297,1069.8153,0.0,False
15.44325194787199,0.001,0.1,9.654584725296571,0.001,0.0,3.5953673259855874,0.001,0.001,0.0001,0.0005,2.6311816345340278,10.0,0.0,80.32506333314885,6.526759103477557,19.79998949838528,3.3843555214847094,0.0,0.0,0.0,815.48804,0.044259474,False
4.48177984245455,0.001,0.1,10.0,0.001,1.4907316711203589,5.571758861861648,0.001,0.001,0.0001,0.0005,3.4926634469887317,10.0,2.262786016484661,63.99545105687613,8.90758194195845,20.0,5.522195267965414,10.0,4.318715946654929,0.85,2103.771,0.024359532,True
3.0788915756128192,0.001,0.1,10.0,0.001,1.3984372414713993,1.6764017906117703,0.001,0.001,0.0001,0.0005,3.82127006036632,10.0,3.720431134635167,77.49016112316957,11.710280640921631,20.0,3.46412607857662,0.0,0.0,0.85,641.39764,0.013083872,False
0.7331784179727813,0.001,0.1,10.0,0.001,0.277132374192015,4.885158166805593,0.001,0.001,0.0001,0.0005,3.6132454897098603,10.0,0.0,86.71427049093725,7.655220931072897,19.660220853995934,5.951131395184,3.6288193257685015,0.5562726249169772,0.0,1063.5143,0.052990653,False
0.2624978114671359,0.001,0.1,10.0,0.001,0.8637155144833066,0.0,0.001,0.001,0.0001,0.0005,3.7443426336645884,7.819564906704917,0.0,88.10005359662584,9.681859853070176,20.0,4.110202031089572,0.0,0.0,0.0,481.29224,0.047788754,False
16.73434817498255,0.001,0.1,10.0,0.001,0.14929069602519404,0.0,0.001,0.001,0.0001,0.0005,3.071555017987455,5.851352264906029,3.7314146682475724,9.165066827326232,5.818623970053634,20.0,6.948474929377641,10.0,10.0,0.0,2805.3193,0.06380084,True
7.426278806646473,0.001,0.1,10.0,0.001,0.7946001492945791,0.040183916678583106,0.001,0.001,0.0001,0.0005,3.224213126012839,10.0,10.931723219428946,63.82817995200855,11.01809775109665,20.0,5.745570667194202,0.0,2.2992213064338936,0.85,1162.7161,0.016967092,False
0.2585364906621724,0.001,0.1,6.183402180114906,0.001,2.7123221987884016,8.59086931705802,0.001,0.001,0.0001,0.0005,3.1455546890964987,0.9947553508595215,0.9634282951888158,28.856699871225455,14.232211074316476,1.588307166418749,0.4036806451870534,1.3559803794879512,3.6148157509104255,0.26373652,829.10004,0.0,False
29.81126885453355,0.001,0.1,10.0,0.001,0.0309858307960498,6.715254616618848,0.001,0.001,0.0001,0.0005,4.712141244939619,7.168003642097737,12.797503680926836,92.09239255257654,12.319733329142402,20.0,8.8852663036761,10.0,10.0,0.85,3593.9211,0.027522188,False
18.69668115341394,0.001,0.1,10.0,0.001,1.9889362771040455,0.0,0.001,0.001,0.0001,0.0005,5.362685863523813,10.0,12.427741002804005,0.0,12.025887865432985,20.0,4.10448282152656,0.0,5.178614860058957,0.0,1654.53,0.05288951,False
0.0,0.001,0.1,10.0,0.001,8.058681035698708,3.254032294628988,0.001,0.001,0.0001,0.0005,2.62166749237579,0.21573711970662182,18.64190042289406,0.0,0.0,20.0,5.484531990167955,0.0,0.0,0.0,1064.803,0.049677603,False
1.6532233133113792,0.001,0.1,10.0,0.001,3.982663424637927,3.185658260546295,0.001,0.001,0.0001,0.0005,3.3801924669651817,2.684821809636548,7.346488807563796,20.6753257007934,1.311173571424973,20.0,4.232510681759153,0.0,0.30964257667606815,0.85,765.07587,0.014401399,False
29.058723621849836,0.001,0.1,10.0,0.001,4.895774601195912,0.0,0.001,0.001,0.0001,0.0005,2.5500828331981618,5.477825656665821,6.120915597064087,31.72733269224758,8.782620082080367,20.0,6.361024805422698,10.0,10.0,0.0,3196.1743,0.06380084,False
3.6840506948831093,0.001,0.1,10.0,0.001,3.133414714236638,4.647084686973715,0.001,0.001,0.0001,0.0005,4.595027218104029,3.9392510650104513,12.336397606196392,38.00929370929625,4.139304394764697,20.0,5.147658480278123,0.0,3.588438006990988,0.85,1282.1735,0.017621094,False
26.189588854759098,0.001,0.1,10.0,0.001,0.5378998735622813,7.053428009649101,0.001,0.001,0.0001,0.0005,5.358948213772412,0.18144334315257651,15.988164054327285,80.92488048945903,12.901507633222444,20.0,6.497270528245055,0.0,6.570712475757751,0.85,2228.5,0.020217776,False
0.0,0.001,0.1,10.0,0.001,9.521296823444658,2.323231487472994,0.001,0.001,0.0001,0.0005,4.283081067938587,1.4340877505388523,12.846420281317243,50.632135014027746,0.4031233680828048,20.0,4.480958711421544,0.0,0.0,1.0008565e-14,931.3153,0.048343316,False
1.8545754333808284,0.001,0.1,10.0,0.001,1.2477686513336483,0.43299754841698557,0.001,0.001,0.0001,0.0005,2.855603340932746,9.72108762489373,2.1257829426334025,79.25434485171358,12.825485393574358,20.0,2.3323509837551146,0.0,0.0,0.85,468.87115,0.011646752,False
1.9408119929466197,0.001,0.1,10.0,0.001,6.524256347130665,0.0,0.001,0.001,0.0001,0.0005,2.0299613325098846,0.0,7.905343962081581,11.205776115800187,0.0,20.0,5.01613312012986,0.0,0.6438719567943576,0.0,809.48114,0.049982473,False
1.3895148765499836,0.001,0.1,3.678298650143071,0.001,3.809903669191441,0.8272874150992309,0.001,0.001,0.0001,0.0005,5.0811058298231355,5.739608192929198,16.882534317617164,43.560674552444276,9.809081920518492,18.790351944830565,5.1345230645235596,0.7291017547025612,0.3597745448584667,0.82061064,1058.9569,0.0,False
47.45249820797511,0.001,0.1,10.0,0.001,0.6710709944948263,7.787829645568346,0.001,0.001,0.0001,0.0005,1.4987926723742224,7.815496264910136,4.03427311767548,96.85324466498962,9.120593382631494,20.0,7.97748769465945,6.5360857718662,8.68914961394107,0.85,3304.7065,0.02536231,False
0.0,0.001,0.1,10.0,0.001,4.950180604998566,4.347832469856133,0.001,0.001,0.0001,0.0005,2.5965999036956595,0.0,0.0,13.425330224630125,0.0,20.0,3.693913253685861,0.0,0.0,0.0,526.28723,0.041822735,False
2.0221341423526917,0.001,0.1,10.0,0.001,7.508220518613474,0.0,0.001,0.001,0.0001,0.0005,2.8711067260991943,0.516709042895957,9.429759719283968,0.0,0.0,20.0,5.180549056814404,0.0,4.9805077111581415,0.0,1237.8745,0.053197384,False
2.226593636886281,0.001,0.1,9.865660652247715,0.001,1.0267383464266164,4.61615739366641,0.001,0.001,0.0001,0.0005,2.4732474674300815,10.0,5.553283362788076,80.24812310889638,13.724515691743914,20.0,4.9736325604924305,4.189548433570019,0.9415404103086435,0.85,1242.5004,0.018969972,False
2.16707398611057,0.001,0.1,10.0,0.001,5.247834699801372,0.0,0.001,0.001,0.0001,0.0005,1.0897049495817508,0.0,7.232652602320707,46.053059393863734,0.0,20.0,5.301919973143909,2.455225383340396,3.283784072182832,0.0,1216.0741,0.05432436,False
3.1627434105479755,0.001,0.1,10.0,0.001,5.491222250060927,3.981227515307855,0.001,0.001,0.0001,0.0005,2.4882915023984604,10.0,8.036418782998787,55.398537105590904,9.98593212993904,20.0,5.336431126868919,10.0,4.338622247586498,0.85,2215.0796,0.024349274,False
11.602388700689767,0.001,0.1,10.0,0.001,1.113698097309376,4.671389891693071,0.001,0.001,0.0001,0.0005,3.683819412658958,10.0,8.352161329104613,41.09350792266436,11.778149509465756,20.0,8.212301332116843,10.0,8.824639863706752,0.85,2912.242,0.02690415,False
1.7155255145736545,0.001,0.1,10.0,0.001,4.631785634902691,4.4889296062924435,0.001,0.001,0.0001,0.0005,2.4858923918230866,0.7959444859228935,7.1765003285081335,58.010707761016555,0.0,20.0,4.300151128003789,0.0,0.0,0.0,750.24554,0.048102923,False
2.183745636301938,0.001,0.1,10.0,0.001,4.104370819199797,1.9482965272517385,0.001,0.001,0.0001,0.0005,1.8817157185810323,1.9182919160688225,6.252671622546483,84.28321509683182,3.042705745163729,20.0,2.059856338492841,0.0,0.0,0.85,550.81067,0.0021714824,False
2.2407513896388203,0.001,0.1,9.829612762084702,0.001,1.103177021964937,3.768426806779365,0.001,0.001,0.0001,0.0005,2.9703965425768057,10.0,5.163908034075706,72.68856017227377,12.451916858587285,20.0,4.972633609457808,2.9257877225948676,0.6202112351297718,0.85,1082.8181,0.017634757,False
25.909595199986835,0.001,0.1,10.0,0.001,2.465021106786611,0.0,0.001,0.001,0.0001,0.0005,2.2872298647132827,6.534460174056149,4.432445362825991,34.57388017685791,9.525926904345777,20.0,6.329132339664822,7.086457306661411,9.117871694321567,0.0,2698.2222,0.061987564,False
26.34930919278412,0.001,0.1,10.0,0.001,2.255601121642579,0.0,0.001,0.001,0.0001,0.0005,1.844515344925317,3.5215428361500596,3.0008623570098347,37.51115817499671,8.43976634995852,20.0,7.645801318497375,4.01124778536058,2.714796653453156,0.0,1932.6335,0.056192335,False
43.6459292253578,0.001,0.1,10.0,0.001,0.0,7.411346972873558,0.001,0.001,0.0001,0.0005,2.5732255639130273,7.31923878632081,0.0,79.52304286191469,12.501443465146917,20.0,9.544339692883039,9.514942823189509,6.790291791203181,0.0,3361.4187,0.061850976,False
16.82387319493978,0.001,0.1,10.0,0.001,0.0,6.261846278728626,0.001,0.001,0.0001,0.0005,2.2256551059026917,10.0,0.0,90.70611326366652,12.289992234975923,19.270935424833993,5.69735795805049,2.212607476661684,0.4690318696206709,0.0,1293.3497,0.050981462,False
4.69998242971131,0.001,0.1,10.0,0.001,1.6411302847311438,5.654604898996915,0.001,0.001,0.0001,0.0005,2.931657506419861,9.807322882439712,3.1771639417276933,60.924701131322045,9.624760801981742,19.905696463714687,5.41095691970086,4.334658895190896,1.645192296541817,0.85,1374.7988,0.019833097,False
2.776650426531542,0.001,0.1,10.0,0.001,1.3742627611659644,0.5697117577693507,0.001,0.001,0.0001,0.0005,3.418412728428132,9.150848373129362,2.23149502984852,80.27149595765935,10.738346550475647,20.0,5.298702706686322,0.0,0.016715031086141564,0.85,682.5879,0.01498909,False
29.87705155468225,0.001,0.1,10.0,0.001,0.0,6.45737133668613,0.001,0.001,0.0001,0.0005,2.735198923440202,8.508639495081251,9.296133729689384,71.86361191771657,10.588828967359458,20.0,8.343198972158808,10.0,10.0,0.0,3446.0608,0.06380084,True
35.90152715533736,0.001,0.1,10.0,0.001,0.48958628528649767,0.8586822764580746,0.001,0.001,0.0001,0.0005,3.139310814044566,10.0,7.5257868812963755,20.055290235962026,13.797348951608983,20.0,6.1422638112071635,8.538110118657636,10.0,0.85,3210.8298,0.026925039,False
1.4543181228999529,0.001,0.1,10.0,0.001,0.0,0.0,0.001,0.001,0.0001,0.0005,4.547584953304379,6.208244085942792,0.0,79.73454196302242,2.9726810238378047,20.0,6.505497918079094,1.1521806175569995,0.0,0.0,735.3695,0.051309433,True
3.1102559609310054,0.001,0.1,10.0,0.001,0.8511191608118239,5.340371244420618,0.001,0.001,0.0001,0.0005,2.773501382576354,10.0,1.937469073515799,75.01858265667258,9.150043431389198,18.63742041644937,5.865407356240645,3.4612062308426217,0.5682413790148412,0.85,1147.361,0.01626078,False
3.01532241465205,0.001,0.1,10.0,0.001,1.5050366156535602,1.4955113951931496,0.001,0.001,0.0001,0.0005,3.7023978445303207,10.0,3.2221511264280274,77.44124188886168,11.969535262224632,20.0,2.3929608813171646,0.0,0.0,0.85,561.3205,0.011723714,False
9.951549916142584,0.001,0.1,4.152607060351716,0.001,8.002935333275373,2.767754988672147,0.001,0.001,0.0001,0.0005,0.0,3.588958211726073,9.24042427777867,71.81281966724549,0.9867975402504553,0.0,0.0,0.0,0.0,0.0,676.8533,0.0,False
7.972154486798701,0.001,0.1,6.465576086134761,0.001,6.119286094704009,0.9190837955166689,0.001,0.001,0.0001,0.0005,5.807523565698062,8.250396991799075,7.051604512140699,23.091876874527454,13.827728686480977,16.527746494913337,7.337867452054651,6.033851647221679,0.8641265500187335,0.85,1779.7732,0.00712707,False
3.134716647833692,0.001,0.1,10.0,0.001,7.397189570318226,3.0162949512000448,0.001,0.001,0.0001,0.0005,3.4210350829466747,2.826220230879329,8.622533240530812,0.0,2.1394311764918443,20.0,5.486669050949372,8.183488611486375,4.41087044592792,0.85,2059.2224,0.02354584,False
6.910160831692965,0.001,0.1,10.0,0.001,0.7075591942866828,1.225706318773569,0.001,0.001,0.0001,0.0005,3.6322089842477805,10.0,10.986368473127888,53.922934655897315,10.111821217065579,20.0,6.4239916928459895,10.0,9.234742240244378,0.85,2704.6274,0.02712761,False
1.808209182423829,0.001,0.1,10.0,0.001,1.132909592918258,0.065189778775426,0.001,0.001,0.0001,0.0005,3.1210349729480926,8.75687127774163,1.2442790526433898,81.00567138567075,10.69131454222498,20.0,3.573487343633033,0.0,0.0,0.85,511.5156,0.013222739,True
5.43033388830529,0.001,0.1,10.0,0.001,3.400296344182088,5.719343784544563,0.001,0.001,0.0001,0.0005,3.414010362130802,9.941848029231636,1.9627333691259943,44.98131936471538,7.86447115178145,20.0,5.1616868714390645,3.11184760951282,2.43833702112527,0.85,1340.4097,0.019545214,False
1.3609390429742048,0.001,0.1,10.0,0.001,3.4950816583789153,4.104436708776149,0.001,0.001,0.0001,0.0005,3.1289798714523,0.0,7.99251261799483,21.07099077505682,0.0,20.0,4.9421760792359875,7.077845015204697,6.051921154803512,7.37728e-16,1922.759,0.059918433,True
1.8741939154438554,0.001,0.1,10.0,0.001,0.7008043184549677,5.0529257878776,0.001,0.001,0.0001,0.0005,3.369360436499047,10.0,0.4227600810936149,77.6158061567992,9.253145724235331,20.0,5.800134942990949,3.043268544096487,0.00552650902264137,0.85,1002.48425,0.01781965,True
3.027420663720346,0.001,0.1,10.0,0.001,3.8449812258760074,2.4309234584961064,0.001,0.001,0.0001,0.0005,3.105699130400128,3.554132367306466,6.091831064214086,56.15005693822,3.3155789266831217,20.0,4.326341139759349,0.0,0.0,0.85,739.79926,0.014120904,False
4.232324276991744,0.001,0.1,10.0,0.001,3.672885530866314,5.5572246361225375,0.001,0.001,0.0001,0.0005,3.972092716926587,2.8066913006283114,14.681929778341534,39.91298118861572,2.9295818282429793,20.0,5.29900134934155,6.599734509628822,6.030784196150961,0.85,2169.942,0.023733405,False
6.615367910211255,0.001,0.1,10.0,0.001,6.126799448927629,0.0,0.001,0.001,0.0001,0.0005,3.433032626704764,9.466834392621262,6.718411021039831,0.24466029824451382,5.251183421877528,20.0,5.259985963498977,10.0,3.4115596088180777,0.0,2131.306,0.060042094,True
2.8838382032079797,0.001,0.1,10.0,0.001,1.5594360699408791,0.12470901773211443,0.001,0.001,0.0001,0.0005,4.398189679211243,10.0,2.0142126050359903,70.66340231200302,11.449737031589374,20.0,5.274476612731629,0.0,0.0,0.85,697.2408,0.01496611,False
2.5908818074490196,0.001,0.1,10.0,0.001,1.4641045144999831,0.8658634328804624,0.001,0.001,0.0001,0.0005,4.046264531354657,10.0,2.400893287973666,73.78619814721617,12.777242331966312,20.0,0.0,0.0,0.0,0.85,384.81876,0.0017182719,True
28.19979878292563,0.001,0.1,10.0,0.001,0.9289997056200617,6.735091978662748,0.001,0.001,0.0001,0.0005,2.7158412211421616,10.0,7.265932400783836,80.20301214049834,10.742253925995628,20.0,8.45421343486398,9.510118136138017,9.96676652312827,0.85,3351.4023,0.02731887,False
0.0,0.001,0.1,10.0,0.001,0.0,0.0,0.001,0.001,0.0001,0.0005,5.339200496807593,5.955046682059628,0.0,99.52770642980539,5.02571771515,20.0,6.553694502074877,3.157275063340384,0.0,0.0,911.18024,0.052985877,True
4.183059885641127,0.001,0.1,8.613113939871814,0.001,3.4974367277328184,2.180804189158292,0.001,0.001,0.0001,0.0005,3.446149240558714,8.824610606330394,3.8529760547405334,25.67473737013211,15.046226602789448,12.69457304529589,8.902258455015243,8.641757438436114,3.162093551916459,0.85,2097.1199,0.0074776616,False
42.59309124715911,0.001,0.1,10.0,0.001,0.9357590738281835,7.485627069404696,0.001,0.001,0.0001,0.0005,3.391989712230232,9.924779441715469,13.206210722763812,50.24904724324038,10.104675266242648,20.0,10.0,10.0,10.0,0.85,3979.3792,0.027517185,False
5.8932911302165705,0.001,0.1,10.0,0.001,0.8113438562738061,3.5379673237079166,0.001,0.001,0.0001,0.0005,4.338732188290152,10.0,10.113145972595994,36.391826697175205,8.974778042026179,20.0,5.923516565889118,5.206442960116804,7.194476432123615,0.85,2076.3071,0.023836866,False
17.30024713271879,0.001,0.1,10.0,0.001,0.0,5.7959032238357855,0.001,0.001,0.0001,0.0005,4.579744960401047,10.0,0.0,100.0,10.850962930952406,20.0,5.263949562835425,4.0656874029086385,2.0925165507384103,0.0,1612.7908,0.054820612,False
35.654561463996906,0.001,0.1,10.0,0.001,0.7501026888375327,0.34356877602352676,0.001,0.001,0.0001,0.0005,3.5721992638201683,9.646059079052115,7.310576599590911,0.0,13.4969570436514,20.0,6.247277739235614,10.0,10.0,0.85,3344.6765,0.027544592,True
5.826084801046475,0.001,0.1,9.348810400041296,0.001,1.2610827041610286,2.329972984965649,0.001,0.001,0.0001,0.0005,5.5178521212228375,7.263655064123982,10.735007387506139,40.9850223589999,9.352138925805628,16.80157715540586,4.456239054359912,0.0,0.0,0.85,931.7889,0.008108667,False
5.004556489388552,0.001,0.1,10.0,0.001,3.3166884113011474,4.467964555905101,0.001,0.001,0.0001,0.0005,5.218310089559049,7.3351270337806636,14.194157640893238,54.480590441450595,6.3539161628870815,17.74383935284558,2.5454777620902624,0.0,0.0,0.85,936.15155,0.008937927,False
3.2418872759457704,0.001,0.1,10.0,0.001,1.6425378960384807,1.3805122924085613,0.001,0.001,0.0001,0.0005,5.095800251653042,8.21503495638323,3.1751996089205523,75.38886978125286,12.53347443189339,19.884111962278894,0.5733188059497775,0.0,0.0,0.85,476.70782,0.0031789332,False
2.7819829273386927,0.001,0.1,9.999650098202071,0.001,1.4361871462249043,1.0560903801838968,0.001,0.001,0.0001,0.0005,3.17898814241326,9.213740559790672,2.7288184689986443,79.57857769043103,11.15727481645404,20.0,4.343224870478195,0.0,0.0,0.85,640.21063,0.014137095,False
29.036205412142724,0.001,0.1,10.0,0.001,5.271114453094362,0.33827818670710097,0.001,0.001,0.0001,0.0005,1.8862467697696923,6.6204494088885095,6.906963683653214,23.823260554768137,9.642215585910188,20.0,6.654605634368453,8.88231586162459,10.0,0.85,3133.423,0.027070915,False
9.505018063559788,0.001,0.1,10.0,0.001,0.6417389049421718,0.0,0.001,0.001,0.0001,0.0005,3.7747093645554477,5.923430336936548,0.0,28.182797873529907,0.0,20.0,6.707722054741646,0.0,0.0,0.0,816.5567,0.050239842,False
2.916986761779793,0.001,0.1,7.968447989850755,0.001,2.790003958667209,2.6127416340814995,0.001,0.001,0.0001,0.0005,6.461347511897596,1.414009076024525,14.439354641421506,89.3855309483107,6.106339477743593,14.556631409768478,0.0,0.0,0.0,0.1104238,678.56946,0.0,False
5.1872841119612065,0.001,0.1,10.0,0.001,7.047329419692636,3.546578997405818,0.001,0.001,0.0001,0.0005,3.806792459832789,10.0,8.238509379354873,0.0,6.331828020025055,20.0,6.872263123973536,7.483924439779224,2.117422255947826,0.85,1984.3287,0.022005355,False
6.5088747108696,0.001,0.1,10.0,0.001,4.51217196086855,6.025713951858678,0.001,0.001,0.0001,0.0005,3.3751189635685632,4.053900047690982,13.837821247711853,24.973709404306046,8.848915491487283,18.615550507489175,0.20505989732692465,0.0,0.0,0.4307818,832.1844,0.0,False
2.7306828143783974,0.001,0.1,9.893583886323372,0.001,1.600704769577797,1.0200273509628337,0.001,0.001,0.0001,0.0005,4.212058728230501,7.007872690887112,2.512168282081239,68.21604159548234,12.489050172797329,20.0,0.0,0.0,0.0,0.62833464,386.2768,0.0,False
41.80414252292306,0.001,0.1,10.0,0.001,0.0,8.80226556150969,0.001,0.001,0.0001,0.0005,2.0061237336396505,5.591891102361743,13.969470554106598,70.88402438184279,10.673112128618422,20.0,7.380776434110122,10.0,10.0,0.0,3781.906,0.06380084,False
1.9640359669368601,0.001,0.1,10.0,0.001,7.056570605278498,1.2319997557995863,0.001,0.001,0.0001,0.0005,2.5771938422246716,3.098348163345084,7.788455242072457,11.153106714765965,0.1957690401160855,20.0,5.244765401506317,0.5256983799325625,0.03565023822221276,0.85,876.54895,0.015568376,False
5.306599013951421,0.001,0.1,10.0,0.001,3.761335909769426,5.547417285079379,0.001,0.001,0.0001,0.0005,2.8824790801860605,0.00017811386449966086,13.897386579559063,0.001699663006238065,5.118447117129695,20.0,5.666431973201263,10.0,7.866581617446381,0.85,2641.8271,0.026382117,False
16.059372309654087,0.001,0.1,10.0,0.001,0.6682978025923152,1.934515057805481,0.001,0.001,0.0001,0.0005,4.198846877358731,7.874410000983152,2.8553152953316445,65.63616860333613,6.2611227230325,20.0,6.765847196494782,3.8815407691732897,2.3474861170450287,0.85,1652.2472,0.020424018,False
2.5988789627452924,0.001,0.1,4.237794416814733,0.001,4.394567254138499,0.978610576363034,0.001,0.001,0.0001,0.0005,5.17345925337302,9.160589814424023,14.14842918874706,55.281170862498854,3.620856154871514,4.038724763271339,0.010919945856462977,1.1950496904098777,1.9738898559086646,0.32681665,903.69684,0.0,False
0.0,0.001,0.1,10.0,0.001,3.721074852509057,5.503789009377526,0.001,0.001,0.0001,0.0005,1.8933262818240113,10.0,0.0,63.43114790119338,16.797117397748874,20.0,2.7792062936656734,0.0,0.0,0.0,542.1402,0.043576512,False
4.347704290739039,0.001,0.1,10.0,0.001,3.648236083945246,0.0,0.001,0.001,0.0001,0.0005,3.8340322020130397,3.0063400944889924,3.5636983705445595,55.450801632750256,0.34147482553015485,20.0,6.165808594913019,5.747982277886009,4.964023305388954,0.0,1718.6063,0.058571927,True
3.3799487679361704,0.001,0.1,10.0,0.001,3.8529582848112676,0.0,0.001,0.001,0.0001,0.0005,3.5708131012634565,1.0526525720463136,3.546082985413637,50.86501129480474,0.0,20.0,5.814944211487539,0.0,0.0,0.0,731.8816,0.04987251,False
47.22563863399345,0.001,0.1,10.0,0.001,0.8429560519250971,8.41075775514656,0.001,0.001,0.0001,0.0005,1.7149837032763229,5.5728138771679925,3.9933543551716664,89.96239183430073,10.616049805244863,20.0,8.104571482361782,9.830405793809083,8.916363250451253,0.85,3645.9338,0.026882255,False
3.2691027497866796,0.001,0.1,10.0,0.001,1.6492014616431139,1.3652583535112248,0.001,0.001,0.0001,0.0005,4.956013264515976,9.988108871462671,3.0329601695118824,79.14698703849415,12.509801421491124,20.0,0.6127752483259071,0.0,0.0,0.85,480.4211,0.00633831,False
18.6758313844363,0.001,0.1,10.0,0.001,1.0289840723437929,6.211802971326874,0.001,0.001,0.0001,0.0005,1.7874885208414417,6.651729285186779,2.7435031184808207,100.0,0.0,20.0,5.742981876998359,10.0,10.0,0.0,2846.3745,0.06380084,True
16.52416701869711,0.001,0.1,10.0,0.001,0.7484236440375268,5.039510742017326,0.001,0.001,0.0001,0.0005,2.8333776609706245,10.0,3.4829579116263383,87.45931015597358,8.183151919122377,20.0,5.628005680538464,10.0,1.7338764344512345,0.85,2171.7373,0.022778077,False
6.4036062981541475,0.001,0.1,10.0,0.001,0.7906855244987389,0.0,0.001,0.001,0.0001,0.0005,6.256299516563021,3.3063660929107863,11.528404078692684,71.03872023107691,7.902914386704678,20.0,7.777187661019931,10.0,4.571034157464956,0.0,2410.8552,0.060847297,False
1.2434156839130257,0.001,0.1,10.0,0.001,8.021856611697341,1.5518819563014186,0.001,0.001,0.0001,0.0005,6.277531284573983,4.518307749290193,7.035452417731538,41.04394352359838,0.0,20.0,4.8098123406594135,5.188915741173464,0.0,0.0,1347.804,0.053555675,False
48.351796957583,0.001,0.1,10.0,0.001,1.0413176982729124,8.826911490175071,0.001,0.001,0.0001,0.0005,0.7455810808343989,0.2805423604083691,4.564588809170767,39.16953357152349,10.217706835412741,20.0,8.286738591254643,0.0,0.0,0.85,2037.7648,0.016156873,False
0.0,0.001,0.1,10.0,0.001,7.136588956838254,4.2367442010720975,0.001,0.001,0.0001,0.0005,4.9040269438857935,0.0,8.156887663348186,0.0,0.0,20.0,5.271060367575583,0.5259642469416528,2.0481882487678673,0.0,1089.644,0.051859185,False
0.2391882630048553,0.001,0.1,5.899566940926352,0.001,2.946967117515691,1.1988398001382927,0.001,0.001,0.0001,0.0005,3.1817343457112135,0.8260365056705126,12.98525092005821,85.7566024153318,6.7096889869308995,6.206658134647526,5.712345222985288,0.37376647342112157,1.3115846392791268,0.2479583,973.23315,0.01001695,False
9.554386771627899,0.001,0.1,3.765317923699862,0.001,4.745584612402736,0.15903397833577315,0.001,0.001,0.0001,0.0005,5.733532870179358,0.7077127162084,14.101580192343937,53.499760524203445,0.15493510810292352,18.55299396602561,5.693039169677478,8.02591501785079,6.74875469861859,0.85,2388.839,0.008533089,False
12.765918874223223,0.001,0.1,10.0,0.001,4.024607875069341,5.001543167794981,0.001,0.001,0.0001,0.0005,2.3395437965686554,0.3242680473220327,1.2747747805703071,0.0,0.0,20.0,5.560577752227124,3.5473882654834714,1.047277980216009,0.0,1370.3839,0.053734314,False
1.7123223293592869,0.001,0.1,10.0,0.001,1.0346307502558851,4.913154124876523,0.001,0.001,0.0001,0.0005,2.7930065319238535,0.0,2.2393473182728973,61.87262235678187,0.0,20.0,6.488490994099845,0.0,0.0,0.0,723.0735,0.050149642,False
38.925575540047944,0.001,0.1,10.0,0.001,1.059355413750708,6.032292329997542,0.001,0.001,0.0001,0.0005,4.710249217767861,8.95894675353996,13.021540289651588,17.218477987643364,6.881372395410088,20.0,9.853188602810985,10.0,8.338906805895897,0.85,3735.2993,0.02663948,False
26.27362737325642,0.001,0.1,10.0,0.001,4.230778979153606,0.0,0.001,0.001,0.0001,0.0005,0.0,2.825198351046632,0.0,16.701027957456336,6.560495422724496,20.0,6.121096629209467,0.0,6.963181669882172,0.0,1737.1323,0.0,False
1.877861468953163,0.001,0.1,10.0,0.001,1.6206703832884772,0.47875394270735844,0.001,0.001,0.0001,0.0005,3.9132420456943424,10.0,2.227120610262591,81.38745096782006,12.157280562133872,20.0,1.2045662891151987,0.0,0.0,0.85,429.71732,0.008203529,False
17.23008945972858,0.001,0.1,10.0,0.001,0.03993484230846997,6.043296879184953,0.001,0.001,0.0001,0.0005,1.7230973852191735,9.997058918940695,3.3550824616958215,98.73493038753976,6.405123815499372,20.0,6.252708257448878,0.8725300807903774,0.0,0.85,1213.7219,0.016222937,False
2.5250069903580017,0.001,0.1,10.0,0.001,1.5961996673102745,0.5091609616201219,0.001,0.001,0.0001,0.0005,5.163124640721906,8.91324719418488,3.580959556021879,86.35300459764579,11.946885940129182,20.0,5.531953430366528,0.09167555691453734,1.5772899070946105,0.85,892.05884,0.016448695,False
2.389787593757815,0.001,0.1,10.0,0.001,1.7972845212652282,0.0,0.001,0.001,0.0001,0.0005,5.629480451664758,6.5625261618327535,2.7801442371132374,88.64954809781771,11.450078900113871,20.0,5.686870616489809,0.0,1.0980599544045948,0.0,828.1081,0.05069329,False
1.4380494363172447,0.001,0.1,10.0,0.001,6.5759189912504254,5.4009613147667865,0.001,0.001,0.0001,0.0005,2.603192352343176,3.1382001153675043,7.944859842346718,9.53294332716309,5.3206754825803895,20.0,5.463840669462899,0.0,0.0,0.85,911.5433,0.015040967,False
15.63444985291904,0.001,0.1,10.0,0.001,0.048295286346512326,0.19997649793829408,0.001,0.001,0.0001,0.0005,5.198822268017968,4.90511177009667,2.1970023419757028,90.93575396728092,4.495216306185089,20.0,6.821008884562842,6.447215524303951,6.974610893996957,0.85,2201.4536,0.024390414,False
35.27662461410662,0.001,0.1,10.0,0.001,0.0,0.0,0.001,0.001,0.0001,0.0005,3.9505891638514843,4.904407929695394,6.562401638458244,36.432433433111925,11.278067246970542,20.0,8.790370411134694,10.0,10.0,1.8339587e-15,3438.2605,0.06380084,True
2.1112661358549087,0.001,0.1,10.0,0.001,1.5018915903245147,0.0,0.001,0.001,0.0001,0.0005,5.185928335051736,2.489293752463549,2.1810239921141994,54.773017204486464,10.334229659200037,20.0,6.717603979151328,0.011153780980688983,0.8280313584103015,0.0,819.0309,0.050916657,False
9.9226812576612,0.001,0.1,10.0,0.001,5.110075761712347,5.97270848811381,0.001,0.001,0.0001,0.0005,4.787108154687621,5.5664326575329515,3.1141557671781532,13.786544087273256,5.59713827073854,20.0,5.51205865269711,10.0,7.005398506743468,0.85,2538.6392,0.025912868,False
3.0128941229547137,0.001,0.1,10.0,0.001,1.611458940668353,1.3674820248904687,0.001,0.001,0.0001,0.0005,4.646616067239628,10.0,4.3676222765712405,78.58670628634414,12.016102171767702,20.0,4.745006431941829,0.0,0.0,0.85,746.82434,0.014538816,False
3.8489466611199266,0.001,0.1,10.0,0.001,1.6748711874084146,6.5659088658308065,0.001,0.001,0.0001,0.0005,3.285814114666283,10.0,5.7983092132075065,90.82398984338435,20.0,20.0,5.400396106339885,3.386641668320247,3.435369319790507,0.85,1520.3711,0.02055606,False
2.662013323578096,0.001,0.1,10.0,0.001,1.9807259354616829,1.1372422502314432,0.001,0.001,0.0001,0.0005,4.846069478292944,8.67285528124638,3.02966905959904,74.67537130457256,12.168019581163719,20.0,0.0,0.0,0.0,0.7824879,422.90256,0.0,False
4.828786394489613,0.001,0.1,10.0,0.001,1.417810147976529,5.233159777198556,0.001,0.001,0.0001,0.0005,3.6710950187564984,10.0,3.6955596851398855,70.58293420977263,8.311786807387804,20.0,5.332086208646266,9.643893320107823,1.5109406273944257,0.85,1865.7976,0.022415593,False
0.0,0.001,0.1,9.996598893624624,0.001,5.295120136404053,3.2553294568499496,0.001,0.001,0.0001,0.0005,3.408957566725377,0.0,6.413710458573686,9.19217874497721,0.0,20.0,4.616650495135247,0.0,0.0,0.0,718.5777,0.048517447,False
2.8041638474984465,0.001,0.1,9.149121131393677,0.001,0.679380604793196,0.0,0.001,0.001,0.0001,0.0005,2.341650586960254,10.0,0.6615800468005895,94.79065457434497,8.289138052432437,19.384089598291798,5.233488927950124,0.0,0.0,0.0,590.1423,0.04697072,False
2.7571774882783586,0.001,0.1,10.0,0.001,6.568794586138981,1.5331839756818932,0.001,0.001,0.0001,0.0005,5.6438971038042505,5.229249730077293,6.381379650112354,6.803372770931255,0.0,20.0,4.205896339385522,0.0,0.0,0.0,812.4966,0.04797055,False
3.7654554407809884,0.001,0.1,10.0,0.001,3.756964737054993,5.288886071316162,0.001,0.001,0.0001,0.0005,2.184947698260228,1.2772780593830058,16.051594249816212,0.0,0.0,20.0,5.588777141178345,0.0,3.8970561313641467,0.0,1368.2872,0.052620538,False
18.069609097997446,0.001,0.1,10.0,0.001,0.0,6.00798096722405,0.001,0.001,0.0001,0.0005,3.584011376235413,5.547027005487579,3.0870153581029975,100.0,2.9988438712305494,16.812440716636377,6.771915446862734,0.0,0.0,0.0,1185.8369,0.04484531,False
0.0,0.001,0.1,9.965616964314805,0.001,0.0,4.2304635579021905,0.001,0.001,0.0001,0.0005,3.3413984808796022,0.0,0.0,100.0,0.0,17.12051914451478,6.513604152257577,1.2798137437929245,0.0,0.0,735.0123,0.04644877,False
2.405666135305503,0.001,0.1,10.0,0.001,1.9505966586114019,1.063103231054245,0.001,0.001,0.0001,0.0005,2.942139524012423,10.0,2.620857973334285,75.33647271700427,11.719601774384273,19.426145433769758,0.0,0.0,0.0,0.85,373.61478,0.0017182719,True
5.577066348982969,0.001,0.1,10.0,0.001,4.648121540366735,2.2149137582535134,0.001,0.001,0.0001,0.0005,5.508292186460222,8.03540176917106,5.332338735055794,30.45583928088704,4.3834050136429585,20.0,5.519067760562098,5.353158824868933,2.803660431125043,0.85,1656.529,0.021247197,False
13.001206635268378,0.001,0.1,10.0,0.001,7.330144244389494,1.6057702978991741,0.001,0.001,0.0001,0.0005,5.79687751869519,8.97372719656333,12.2798077212143,0.0,5.620556014930818,20.0,5.534445926788036,10.0,3.8506023737569,0.85,2545.176,0.024082586,False
5.210202132406484,0.001,0.1,10.0,0.001,6.252260590642042,1.7400014119949059,0.001,0.001,0.0001,0.0005,5.899139092131462,8.351929673813316,6.555035498230514,3.5458272531208563,2.141308031365999,20.0,4.802583797355992,0.0,0.0,0.85,930.6059,0.01459629,False
6.652271850074152,0.001,0.1,10.0,0.001,3.692187823561305,5.164930860648248,0.001,0.001,0.0001,0.0005,2.096147914822678,9.871281758307681,16.85428669033725,0.0,2.730303730135999,20.0,5.919247948704303,3.115954209468479,8.16991003125266,0.85,2140.1667,0.023421597,False
0.0,0.001,0.1,10.0,0.001,5.558084585983551,6.440115027458713,0.001,0.001,0.0001,0.0005,1.7266713723480667,10.0,0.0,19.14684933831371,20.0,20.0,0.0,0.0,0.0,0.0,430.77933,0.028099595,False
0.0,0.001,0.1,9.426646334786517,0.001,0.0,0.0,0.001,0.001,0.0001,0.0005,2.9014558338193757,1.34005169264139,0.0,77.14979036206763,0.5154695755809701,18.95922650342672,5.507970836129902,0.0,0.0,0.0,471.89084,0.047095492,False
50.0,0.001,0.1,10.0,0.001,0.0,7.666083791639615,0.001,0.001,0.0001,0.0005,3.2931376651121096,3.7913912744240674,5.091441348839741,98.48789215945159,5.1314213824126975,20.0,9.401080464015036,10.0,10.0,0.0,3893.1375,0.06380084,False
32.06782221653188,0.001,0.1,10.0,0.001,3.123531696750745,5.032920165344753,0.001,0.001,0.0001,0.0005,2.434940543118011,4.497939930319354,7.002844466353306,48.177346348467005,0.7538724460559549,19.190689091845158,4.722114934675319,6.596301195059883,9.036347103456903,0.85,2817.8638,0.024102954,False
0.8995174617760983,0.001,0.1,8.787782117004436,0.001,1.3924982680493316,0.0,0.001,0.001,0.0001,0.0005,0.9523441712719111,0.0,20.0,100.0,14.454983722310825,20.0,6.27986990198191,0.0,0.0,0.0,978.4361,0.048098788,False
3.3721476821028857,0.001,0.1,10.0,0.001,1.8183042687205453,1.5709735332425634,0.001,0.001,0.0001,0.0005,4.439748349022895,10.0,4.518799162853966,79.64088771084747,12.350922445105608,20.0,1.9251628179746132,0.0,0.0,0.85,590.66656,0.010473965,False
3.4554611960488693,0.001,0.1,9.61093934947893,0.001,0.2018203229861483,5.428470016024722,0.001,0.001,0.0001,0.0005,2.0126182459768,8.904696049901146,0.11504206670593004,92.66352698032584,9.130714386722886,19.000675912793746,5.15734178482835,0.0,0.0,0.589376,674.23145,0.023295958,True
0.0,0.001,0.1,9.695453402657595,0.001,0.0,0.0,0.001,0.001,0.0001,0.0005,3.1414617446136495,3.61528547904801,0.0,70.67476654176716,0.38114872682441125,19.741178881273477,6.4934078624664515,2.3673682643615606,0.0,0.0,766.9641,0.051396806,True
5.842527746833545,0.001,0.1,10.0,0.001,1.6180057383053574,6.015714048703029,0.001,0.001,0.0001,0.0005,4.909978078144861,0.888502406753502,3.0431761400326756,35.6621995820176,7.210873998087683,14.389066557409082,0.0,0.0,0.0,0.061769493,536.5178,0.0,False
16.65884880761248,0.001,0.1,9.922889237098058,0.001,0.0,0.14741907409947952,0.001,0.001,0.0001,0.0005,2.8498341764427506,4.326930390628572,2.127199944003456,100.0,5.8729583318914695,19.891852692680544,6.564002248331039,1.9172448570606222,2.9927347259894637,0.0,1422.1871,0.053895924,False
0.47121720334043005,0.001,0.1,4.27804266480215,0.001,1.2816809038753705,6.851862660635302,0.001,0.001,0.0001,0.0005,1.3807674410107253,1.6929903809319955,10.195406213257227,73.65706548626683,2.7409477690003152,15.851790923480621,2.440494703052521,1.209044910893199,3.934883816242027,0.48849478,1023.2256,0.014788238,False
5.826428450319066,0.001,0.1,10.0,0.001,6.481001682361573,5.322952083651006,0.001,0.001,0.0001,0.0005,4.614796313913921,2.3508685112250953,8.576763462702898,0.2116424917501306,5.863896901268789,20.0,6.200753180273826,10.0,4.29006027442008,0.85,2380.829,0.0244232,False
18.730808678744378,0.001,0.1,10.0,0.001,3.2955410910958656,0.04012051314731782,0.001,0.001,0.0001,0.0005,2.1327244117200643,2.697291738498234,13.801242151884335,27.827200837620538,10.492952702143691,20.0,6.81069713453775,10.0,10.0,0.85,3098.837,0.027544592,False
4.728737923248101,0.001,0.1,9.853483381555957,0.001,0.7516057497345623,5.478788177898641,0.001,0.001,0.0001,0.0005,1.773404249453185,8.931653370452443,1.936180001157968,77.59412721019334,9.202520922001208,19.38229263700513,5.197434557521011,6.146616643832941,2.903933596663766,0.85,1558.1669,0.020303754,False
6.228367722202647,0.001,0.1,9.516427495691351,0.001,2.478376006512058,6.096805483741823,0.001,0.001,0.0001,0.0005,4.2597800787133115,10.0,6.387824877688701,65.55943175284182,20.0,20.0,6.511089693369291,0.0,0.0,0.85,1087.3862,0.014734008,False
2.5845444966357043,0.001,0.1,8.482592752325779,0.001,0.011693680565847705,8.000762513268151,0.001,0.001,0.0001,0.0005,2.1549917221862174,10.0,2.352700906529402,100.0,20.0,20.0,3.8595723431635727,0.0,0.0,0.85,694.96735,0.010764353,False
4.2645950446548575,0.001,0.1,5.319144792289658,0.001,1.3994323129734778,1.028519409277254,0.001,0.001,0.0001,0.0005,1.891693933375308,0.0991342266412863,7.5635229278960505,47.089424546329155,7.766851576830001,18.629982058090985,0.3718244934613965,5.545008524955638,0.16900266566210542,0.77379817,956.1606,0.0,False
43.964173091539784,0.001,0.1,7.367174877668212,0.001,2.584578708649816,6.83061075259364,0.001,0.001,0.0001,0.0005,2.9363835085544157,6.154019522705879,9.512767988718476,31.422357972350763,8.282456158404855,18.24379726533122,5.827969466374333,4.326110679224713,5.251655830083938,0.85,2741.9001,0.0136896735,False
37.594805147624314,0.001,0.1,10.0,0.001,1.39108882755913,1.0281454794691907,0.001,0.001,0.0001,0.0005,2.49616104920715,7.035410674653222,8.352716702988824,0.0,14.219666424536062,20.0,7.2590870567375525,10.0,10.0,0.85,3470.36,0.027544592,False
5.092596379094718,0.001,0.1,10.0,0.001,1.4119700403926092,5.350422891797965,0.001,0.001,0.0001,0.0005,1.551646496443582,7.2196550912427,2.6877256950343513,60.05002993114833,7.953666132778916,19.69358972076885,5.319923362552123,0.0,0.0,0.85,782.239,0.014451123,False
6.087710740395841,0.001,0.1,10.0,0.001,2.379153813681948,7.493100861187056,0.001,0.001,0.0001,0.0005,4.548215598808076,10.0,6.206304888762907,45.52034016592065,10.38232726390828,20.0,5.892553970709562,0.8892487833108136,0.0,0.85,1128.5938,0.016093636,False
4.0074450639702945,0.001,0.1,10.0,0.001,1.5601046679316224,4.318873891662846,0.001,0.001,0.0001,0.0005,3.0250072886247894,9.575107514895178,4.286139478015313,62.52359001966838,8.277764896309872,20.0,4.646567287523663,0.0,0.0,0.85,770.8932,0.014440553,False
0.9904894193448048,0.001,0.1,10.0,0.001,0.3287516755726445,7.0294760118528625,0.001,0.001,0.0001,0.0005,2.808286880913415,10.0,5.5319193630957395,94.34893715815934,20.0,20.0,5.942937922021492,6.664532519170795,1.034649427512405,0.85,1566.8624,0.02073658,False
0.0,0.001,0.1,10.0,0.001,0.0,0.0,0.001,0.001,0.0001,0.0005,0.0,2.8766647652402124,0.0,80.99301754856768,0.0,20.0,5.021847890926585,0.0,0.0,0.0,395.27527,0.0,False
3.5298896274614404,0.001,0.1,10.0,0.001,1.3052786907138199,4.297969487168008,0.001,0.001,0.0001,0.0005,2.816174254270784,10.0,3.937471221018404,63.96675484530684,8.238068349338532,20.0,4.65323560926988,0.0,0.0,0.85,745.0609,0.01444721,False
2.1752332892330206,0.001,0.1,10.0,0.001,0.0,4.2174586767544975,0.001,0.001,0.0001,0.0005,3.1752348890092152,10.0,3.8957226476504547,71.78429049780402,8.149429911403326,20.0,6.183115174560168,0.0,0.0,6.2248345e-15,786.2042,0.050023995,True
18.476708910209137,0.001,0.1,10.0,0.001,0.785588962901445,5.332451441903982,0.001,0.001,0.0001,0.0005,2.2943619390263543,10.0,6.082677248736243,52.87714068828821,7.559937186089563,20.0,5.582007626732716,10.0,9.134319063482575,0.85,2856.3513,0.027072892,False
14.015067020087619,0.001,0.1,10.0,0.001,5.1807574718442915,0.0,0.001,0.001,0.0001,0.0005,2.8178171770824587,3.8102243343363105,15.822920154688013,4.316549516798987,7.926651680168245,20.0,5.671301980608261,0.0,8.937359647452379,0.0,1990.0886,0.056122016,False
28.989675792748248,0.001,0.1,10.0,0.001,5.0232014065228086,0.0,0.001,0.001,0.0001,0.0005,7.3532282322852875,7.732291685178865,4.873075292681399,36.2181141146345,10.644418467725396,20.0,6.769427692914018,10.0,10.0,0.0,3301.6736,0.06380084,False
2.7602406762964677,0.001,0.1,10.0,0.001,1.0639128943256977,1.0101196692871126,0.001,0.001,0.0001,0.0005,5.000787161197991,10.0,6.992132658801911,96.09800970701095,13.114374897467213,20.0,5.878464881249537,1.6087132535797897,0.8404099400722133,0.85,1075.0967,0.01735218,False
27.92521562165987,0.001,0.1,10.0,0.001,4.296298994842571,0.1275035588162014,0.001,0.001,0.0001,0.0005,10.0,9.880536966980669,6.841401650518014,64.53547668993748,12.357066751438936,20.0,5.0389020932609725,2.9472709248579947,7.035364668741267,0.85,2370.1438,0.02250071,False
1.6648886738433326,0.001,0.1,10.0,0.001,0.0,0.7563467413715679,0.001,0.001,0.0001,0.0005,7.159346946947319,5.4884607468722235,10.035425065915009,44.17432051956596,14.985431350978441,20.0,7.256925334093439,3.9423266293650743,1.670350331303303,0.0,1486.1616,0.055252686,False
1.701632118432724,0.001,0.1,10.0,0.001,1.2429155546935469,3.556394297905097,0.001,0.001,0.0001,0.0005,2.148207906881239,10.0,3.02978760129034,65.76755106967707,8.107838993060357,20.0,1.7645195231033604,0.0,0.0,0.85,478.95312,0.009967814,False
3.118271143360364,0.001,0.1,10.0,0.001,2.1492187047796256,1.2278479439995273,0.001,0.001,0.0001,0.0005,4.097817065356432,10.0,4.156609661883289,72.20233185476543,11.64345254594621,20.0,0.47822770884864757,0.0,0.0,0.85,480.14197,0.005913377,False
18.244155917385186,0.001,0.1,10.0,0.001,0.4084027588767037,8.625962887029134,0.001,0.001,0.0001,0.0005,4.4055006974947535,10.0,8.572662676519776,81.80342465186449,9.815214001141046,20.0,5.458356462150981,0.0,0.0,0.85,1331.7404,0.015038799,False
4.9915903036242835,0.001,0.1,10.0,0.001,4.093567003964344,5.53084003315233,0.001,0.001,0.0001,0.0005,2.5765983382909843,4.314959065439314,16.313808763624035,0.0,1.6909395139736287,20.0,5.3496296680067,6.926764055504457,6.261650851399975,0.85,2256.4216,0.024032328,False
3.894334986201676,0.001,0.1,9.368139703786765,0.001,0.9116133663198799,4.662075599202809,0.001,0.001,0.0001,0.0005,1.7864168354623793,10.0,1.5688548198922516,76.83550094618221,13.008921188244356,19.308960274660887,5.230191580102888,0.04113013155498629,0.16225762865381876,0.85,745.3851,0.012986775,False
4.20962402864135,0.001,0.1,9.736143945190959,0.001,0.7385864118500585,7.026702896369731,0.001,0.001,0.0001,0.0005,1.7104553910353892,10.0,4.792785724043181,78.39520323660368,17.414048025475367,20.0,5.656975445650875,5.1848691411327525,1.8299887078274744,0.85,1512.4745,0.02000378,False
3.5831020161101854,0.001,0.1,8.468050925577469,0.001,0.9802019371736286,0.7542615369290042,0.001,0.001,0.0001,0.0005,1.6656891913874807,10.0,5.21595236763161,91.67722374348189,13.36486972016284,20.0,5.2447111734778105,2.283679912562793,2.33473722131175,0.85,1120.2416,0.016195292,False
20.159200571324295,0.001,0.1,10.0,0.001,2.906379876629817,0.5332442000192971,0.001,0.001,0.0001,0.0005,6.903018995853598,3.7008629282782,11.341893912252177,4.759635068726274,11.324419075520373,20.0,8.056260386715735,10.0,4.938042313977456,0.85,2849.9412,0.02478639,False
20.53799284804673,0.001,0.1,10.0,0.001,2.968250737073813,0.0,0.001,0.001,0.0001,0.0005,6.597060598516359,3.486092468493826,10.822289672594787,0.0,11.023621218276068,20.0,8.295067111486588,10.0,8.860978339884207,0.0,3161.3286,0.06318302,False
3.4987169205745285,0.001,0.1,10.0,0.001,1.811891425082156,1.396592696245699,0.001,0.001,0.0001,0.0005,4.019175259165719,10.0,5.129221774180623,73.64336543958022,11.671922643484258,20.0,2.3971696722538622,0.0,0.0,0.85,621.82886,0.011729059,False
5.702026906229025,0.001,0.1,3.898759866709043,0.001,6.154481456059271,4.698618173156563,0.001,0.001,0.0001,0.0005,0.5244816491966077,3.798918347491085,15.866967328802117,95.26253234096549,7.037643970043165,12.980320109438644,2.4347203130435666,0.06067980682908723,0.8964157140839648,0.636654,968.5364,0.0,False
20.092279827576533,0.001,0.1,10.0,0.001,2.7412548120768436,0.5135907126860139,0.001,0.001,0.0001,0.0005,6.9395358629647745,1.7738561508332809,10.350489151273297,32.590983925714625,11.052365538568122,20.0,7.877820857623378,0.8263224440171473,0.0,0.85,1556.6503,0.016830245,False
20.66051078650822,0.001,0.1,10.0,0.001,2.405272875278316,0.0,0.001,0.001,0.0001,0.0005,2.298912891371212,6.3290808027704735,9.923980004119153,39.9771735787947,11.08479391392274,19.609935482654706,5.892331646259952,6.06582864357158,7.478155379595753,0.0,2439.4836,0.059786618,False
4.16014244342574,0.001,0.1,10.0,0.001,1.7770450686824333,1.1310483297602372,0.001,0.001,0.0001,0.0005,7.149364532644964,10.0,10.75635077545826,25.453151992663386,12.829564493256695,20.0,7.7725574256821295,6.262703780930696,4.890747872331636,0.85,2115.905,0.023176745,False
28.41503351744751,0.001,0.1,10.0,0.001,2.456242011455985,5.321554386352107,0.001,0.001,0.0001,0.0005,4.132178453141494,8.488549393922618,8.350335539286293,35.31031001647182,8.393181853790649,20.0,5.628740016195907,5.397845642877491,7.013193424910637,0.85,2604.7776,0.023785057,False
28.056409166102945,0.001,0.1,10.0,0.001,2.911255747867348,4.951329018984117,0.001,0.001,0.0001,0.0005,2.0020558414273557,4.644482235102649,1.7198232823679662,78.8430064192816,0.0,18.004217299499828,4.9065433709149495,2.1731029099782715,1.8679140315069418,0.0,1623.0839,0.049530257,False
4.674461968908389,0.001,0.1,10.0,0.001,3.8307868084942154,4.269591172428534,0.001,0.001,0.0001,0.0005,1.264903337503818,2.319083223621408,0.4633381240730238,72.46113975695849,3.1319690422320057,19.539466048040172,4.965335869498598,0.0,0.0,0.85,692.9705,0.0140428785,False
34.54590378995981,0.001,0.1,10.0,0.001,5.557250440478989,0.2972395935083173,0.001,0.001,0.0001,0.0005,1.9655454454879904,3.8365920853641553,8.86956456398907,35.1565171689508,12.394504580987471,20.0,2.261284412764628,0.0,2.071247169833942,0.85,1576.793,0.0145519655,False
3.108969830410052,0.001,0.1,10.0,0.001,1.6992645748890667,1.2650354246453648,0.001,0.001,0.0001,0.0005,3.5809755292075485,10.0,4.374165428963916,80.33836697302606,11.372118902339643,20.0,3.1205393303100672,0.0,0.0,0.85,627.396,0.012647589,False
0.0,0.001,0.1,9.219400866102873,0.001,0.0,0.0,0.001,0.001,0.0001,0.0005,0.31301881400310766,4.899100904606406,0.0,97.70308840253887,19.232005431994963,20.0,3.9886251464027405,0.0,0.0,0.0,397.8937,0.030562181,False
28.59451715187672,0.001,0.1,10.0,0.001,4.948643398558442,0.33044698188646643,0.001,0.001,0.0001,0.0005,4.462484545424914,7.620890545328491,6.883159562201881,58.035980492046015,10.198850111628936,20.0,5.852916856788135,4.111981130198209,8.511075317136008,0.85,2558.6829,0.024090765,False
29.030440945119473,0.001,0.1,10.0,0.001,4.808527574884918,0.3224396530664898,0.001,0.001,0.0001,0.0005,4.450444126497115,8.100211429480378,7.452773244947909,64.01268164996844,10.15114529086572,20.0,6.447651441253818,10.0,10.0,0.85,3282.8005,0.027544592,False
0.0,0.001,0.1,9.612616714208492,0.001,0.27087106478016776,3.3614953845727507,0.001,0.001,0.0001,0.0005,4.334910674987879,4.078530283932662,0.0,69.48147547626262,0.0,20.0,3.0506951105951763,0.0,0.0,0.0,424.9233,0.04305638,False
6.49792252531529,0.001,0.1,10.0,0.001,2.2370751226003946,4.735217038886507,0.001,0.001,0.0001,0.0005,3.178949263518367,9.257040694068824,5.322728528240031,64.32399119668789,8.836550889276701,20.0,6.474143509233729,2.1966489514308822,1.5822846587066874,0.85,1317.7517,0.01866602,False
28.636474524005862,0.001,0.1,10.0,0.001,4.675189717771803,0.011841451164263377,0.001,0.001,0.0001,0.0005,4.12478636502663,7.860377730448693,6.925499962686402,52.40283810221453,10.276948798347398,20.0,6.451975885874073,9.203823813760733,10.0,0.85,3173.9207,0.02720717,False
31.32976961335504,0.001,0.1,10.0,0.001,4.25327562457406,0.4266584357534498,0.001,0.001,0.0001,0.0005,5.269195031207961,10.0,7.091564765041292,100.0,9.854454146533309,20.0,7.993424212851883,0.012535718344622474,10.0,0.85,2507.6917,0.0228782,False
3.0693054317397666,0.001,0.1,10.0,0.001,0.884374406924417,4.1379657148605276,0.001,0.001,0.0001,0.0005,2.766399523916961,10.0,3.9208903376784106,80.60767261547936,12.540782619430452,20.0,5.581669877109886,6.989391833738202,3.2188058749311694,0.85,1700.2351,0.022280043,False
1.9064893879742917,0.001,0.1,10.0,0.001,0.9840049549789577,7.423250496149275,0.001,0.001,0.0001,0.0005,4.265913347405584,10.0,5.634801808992451,89.04527536850793,17.412432961589776,20.0,5.03226387789144,2.2520202410007117,0.3043776092983372,0.85,1105.3867,0.017109977,False
27.916165427496843,0.001,0.1,10.0,0.001,4.60141383012664,0.09107102105222714,0.001,0.001,0.0001,0.0005,4.453721663590782,7.600167737098824,6.40061442752015,85.24801303360975,10.7152334575395,20.0,5.275706783177259,0.0,3.2810109619493524,0.85,1685.7393,0.017459378,False
0.0,0.001,0.1,10.0,0.001,0.25013161447197846,7.456316537116083,0.001,0.001,0.0001,0.0005,4.788063028139314,10.0,5.898983337250854,94.7246588594834,16.77542639287391,19.639678505994134,4.570070645262649,0.8705712562432817,0.0,0.0,879.6758,0.049207844,False
3.1862755391969375,0.001,0.1,10.0,0.001,1.6320479318351722,3.5045342845410694,0.001,0.001,0.0001,0.0005,3.4428123530082013,10.0,4.115009632809197,71.6375150105666,9.617492998763979,20.0,3.2505514111512266,0.0,0.0,0.85,663.0,0.012812677,False
1.5873479508203239,0.001,0.1,9.865429622078038,0.001,1.1908868825354995,3.1998369761541805,0.001,0.001,0.0001,0.0005,2.9268839918501848,10.0,3.203943200339441,90.23713658927707,10.886493237665032,20.0,2.5130739188367093,0.0,0.0,0.85,540.5045,0.011630171,False
46.821185295930576,0.001,0.1,10.0,0.001,1.1844137546642481,7.903349469651561,0.001,0.001,0.0001,0.0005,3.5707974087166923,5.541153776977287,6.019815956333973,63.5351018474032,10.666755877141332,20.0,8.649066541007894,10.0,10.0,0.85,3847.4983,0.027544592,True
46.41246901373574,0.001,0.1,10.0,0.001,0.5504716502002932,8.034596990731492,0.001,0.001,0.0001,0.0005,1.9354467349726614,7.088415348978929,4.442001433677447,90.1874267312088,11.034375219753006,20.0,8.703269812681809,10.0,10.0,0.85,3774.2139,0.027544592,False
17.296157437875806,0.001,0.1,10.0,0.001,0.4093712357505496,5.754182705461624,0.001,0.001,0.0001,0.0005,1.6868434878580663,9.27527423499093,3.438563505550254,74.58633537018163,6.407706245879734,20.0,6.032723650047107,2.8506049176089365,1.048776281107291,0.85,1470.179,0.01859521,False
0.0,0.001,0.1,10.0,0.001,2.9925825219615163,6.275850672335105,0.001,0.001,0.0001,0.0005,6.798949726353465,6.403731637283958,15.80244225521662,62.20739363930179,3.909758785758436,20.0,4.869983377604629,10.0,10.0,0.0,2772.8215,0.06379935,False
0.0,0.001,0.1,10.0,0.001,0.0,4.321447505097565,0.001,0.001,0.0001,0.0005,4.275619239805416,3.1804250311812905,0.0,67.76558665299841,0.0,20.0,5.696280906131457,0.0,0.0,0.0,597.44434,0.049823686,False
4.537537731898045,0.001,0.1,10.0,0.001,1.2683098932415913,4.7144576275659045,0.001,0.001,0.0001,0.0005,2.9442326916915293,9.189907805265454,3.8768519172452636,72.46550505955987,9.043404752809586,20.0,5.96310757891383,3.6051338662042394,1.106584304952439,0.85,1280.3385,0.019224163,False
1.5486199107006806,0.001,0.1,9.988741108494036,0.001,0.9448544673830515,7.022287591181841,0.001,0.001,0.0001,0.0005,2.418468727802179,10.0,4.73811608195106,97.57195903996079,20.0,20.0,4.933124065497487,0.0,0.0,0.85,802.87274,0.0147053,False
14.534444764294802,0.001,0.1,10.0,0.001,0.0,0.2627368016078993,0.001,0.001,0.0001,0.0005,5.010485550726882,5.887304257994277,2.2107823101924127,78.28236839316443,3.519299688290603,20.0,6.410323438387407,1.134746296865053,3.802043346206936,0.0,1399.4581,0.05404721,False
4.334277899283149,0.001,0.1,10.0,0.001,4.749328692628311,1.7610980780481524,0.001,0.001,0.0001,0.0005,3.72733206723038,4.797980659028808,6.275155223950174,32.47313033780621,2.275734128636564,20.0,5.615110000246332,10.0,9.22735196138614,0.85,2541.92,0.027123583,True
0.0,0.001,0.1,10.0,0.001,6.207972468634871,5.1402404655509715,0.001,0.001,0.0001,0.0005,3.6960539703675668,0.0,7.012077118436309,11.386871148723184,1.6801997295484314,20.0,5.123754433079295,0.0,0.0,0.0,824.1806,0.049197935,False
30.093785944584944,0.001,0.1,10.0,0.001,4.678600807880684,0.5030406789472335,0.001,0.001,0.0001,0.0005,4.055509319748756,6.554487002919238,8.164388624065428,100.0,10.531679789552303,20.0,5.8705815005505695,10.0,10.0,0.85,3275.9563,0.027544592,False
3.4743039672944365,0.001,0.1,10.0,0.001,1.6467115895197428,1.4393770284341474,0.001,0.001,0.0001,0.0005,3.7827930560652874,10.0,4.795507291732094,77.0646436178173,11.80306376057085,20.0,2.5163407502345074,0.0,0.0,0.85,615.09656,0.011880381,False
2.4766853474206103,0.001,0.1,10.0,0.001,4.049802408355386,2.1503474408101955,0.001,0.001,0.0001,0.0005,4.671732334669083,1.0069201898556999,5.853531286149338,42.11631023778273,0.8161115271198088,20.0,5.6021625555055765,0.0,1.801343174150064,0.85,956.26746,0.016540151,False
3.5305273895644147,0.001,0.1,10.0,0.001,6.365151981225704,5.480166748088747,0.001,0.001,0.0001,0.0005,3.069589765179005,1.8016352084736016,7.981509592724888,40.598034646662626,6.0784018046506105,20.0,6.150216539093233,0.0,0.0,0.85,1006.9935,0.0153122945,False
3.637193723026602,0.001,0.1,10.0,0.001,1.4185470648570702,1.5198183573212316,0.001,0.001,0.0001,0.0005,3.764328586016071,10.0,6.058362552327674,68.20460331202092,12.052852577014049,20.0,5.517304909709219,5.481036918912618,3.116876709906737,0.85,1586.0754,0.021494111,False
1.5733938685417843,0.001,0.1,3.7324964057618795,0.001,10.0,2.929955571347298,0.001,0.001,0.0001,0.0005,3.8793161894059924,3.2086517956171163,18.25791426025689,25.07165831508717,15.317493966401424,20.0,0.68846816847208,0.43428280908314415,1.1258151299613095,0.5107356,995.25757,0.0,False
4.582895743026723,0.001,0.1,10.0,0.001,3.543327106099023,2.2705477238215472,0.001,0.001,0.0001,0.0005,2.7991263580915287,7.693349705963772,4.5516151548482755,61.610263841640254,5.25444318513398,20.0,4.459647372228919,0.0,0.0,0.85,758.899,0.01425397,False
0.8292911060555809,0.001,0.1,10.0,0.001,0.31523994047397197,3.6343122120473454,0.001,0.001,0.0001,0.0005,2.5231639668325965,10.0,3.2146566597564803,85.84077873285129,13.179307551837445,20.0,5.830310164502688,0.0,0.0,0.85,717.2311,0.015185834,False
1.9803482883993047,0.001,0.1,10.0,0.001,0.6284177301889584,3.8133246393766185,0.001,0.001,0.0001,0.0005,2.6861345909875602,10.0,3.8382761521325115,81.03042085387365,13.726612959917478,20.0,5.8488299552005465,4.492629595562856,2.2233189291666817,0.85,1368.555,0.020531842,True
3.153674363212164,0.001,0.1,10.0,0.001,1.363981308626594,1.435655544797107,0.001,0.001,0.0001,0.0005,4.226311621060208,10.0,5.129830498773068,77.74742186652944,11.676772883463267,20.0,5.132988883821387,0.1647730248474867,0.40598043229032793,0.85,825.05884,0.015444171,False
7.977991955191871,0.001,0.1,9.510716051859188,0.001,4.073287954859781,5.634055981862936,0.001,0.001,0.0001,0.0005,5.592355658039101,10.0,16.65867102249877,32.626335614891936,5.6292532539570885,20.0,5.626436522852172,4.077045212916554,5.98522780726843,0.85,2151.389,0.021497417,False
30.403311397736278,0.001,0.1,10.0,0.001,2.038493382086723,4.910267744729622,0.001,0.001,0.0001,0.0005,3.181439705420895,7.337176820361508,7.902540449560917,40.059445420988396,5.295775015344745,20.0,6.029860716692605,10.0,10.0,0.85,3287.0222,0.027544592,False
0.0,0.001,0.1,10.0,0.001,6.125416463637924,5.2927858166932715,0.001,0.001,0.0001,0.0005,3.129202549721128,2.4160300494016256,9.218245185521871,14.314901282585133,4.605648604575587,20.0,5.758624850771332,6.687629936165717,5.6167356185436415,0.0,1989.726,0.05962131,False
0.0,0.001,0.1,9.601748837759905,0.001,0.44612765449212244,3.220215481050672,0.001,0.001,0.0001,0.0005,0.6827028637562725,10.0,1.9901485497630198,80.62059699709303,13.391385683716274,20.0,2.289822218519361,0.0,0.0,0.0,413.23734,0.04061735,False
0.834581377416098,0.001,0.1,10.0,0.001,1.899623261142953,7.752546950069529,0.001,0.001,0.0001,0.0005,6.501976918376556,10.0,4.904937294147656,84.96573654310554,15.424837170660748,20.0,5.194846167372961,2.1968975118025442,0.0,0.85,1105.5936,0.016884422,False
0.0,0.001,0.1,9.762482679058783,0.001,4.686347869635261,5.085192204671484,0.001,0.001,0.0001,0.0005,3.5377674564786243,0.0,5.299550193503641,0.42512504589087485,0.0,20.0,5.208950393594742,0.0,0.2901731341063107,0.0,776.97723,0.049296606,False
30.526588228802815,0.001,0.1,10.0,0.001,0.0,6.555196780455245,0.001,0.001,0.0001,0.0005,2.0705425373593216,10.0,16.146844289812357,9.285631399072699,13.605428446198548,20.0,8.64287727872335,10.0,10.0,0.0,3625.9626,0.06380084,False
3.407185685290906,0.001,0.1,10.0,0.001,1.4079151066680122,7.176159738133723,0.001,0.001,0.0001,0.0005,3.8752999582067753,10.0,5.555427039953617,91.38398807976685,16.883720381780975,20.0,5.623421751718957,10.0,3.0726162244780397,0.85,2112.3496,0.023630474,False
16.619627153050104,0.001,0.1,10.0,0.001,1.8992952941012085,7.46183345126134,0.001,0.001,0.0001,0.0005,2.7877885554101045,10.0,14.335191407105288,20.439830929180488,17.708317479498813,20.0,6.7678942999531575,6.1253292178081455,6.000671361654922,0.85,2545.4297,0.0236645,False
2.9869633286207895,0.001,0.1,10.0,0.001,1.7540325918101458,1.2372935582212525,0.001,0.001,0.0001,0.0005,3.6155850610433777,10.0,3.739802012889584,79.36306628010648,11.759940480262754,20.0,0.5743037024338805,0.0,0.0,0.85,458.0263,0.0062168078,False
1.1319178378073496,0.001,0.1,10.0,0.001,6.534303074973718,5.299990795905899,0.001,0.001,0.0001,0.0005,2.717652102328702,1.7057408271987449,8.763925095159795,21.535136799369656,5.8906947693431935,20.0,6.409019332074413,5.748098695130422,5.366334176676364,0.85,1940.4436,0.02306507,False
0.5033178410887258,0.001,0.1,9.958467914733978,0.001,0.23841516298539878,0.10390183715663616,0.001,0.001,0.0001,0.0005,3.213403750729716,6.023164767511493,0.0,66.70279150718983,1.5000383346972104,20.0,6.068921892812927,2.372804852586273,0.03395926771650092,0.0,778.1271,0.052100595,True
3.3993379164854898,0.001,0.1,10.0,0.001,1.8968177954403254,1.3398022413015365,0.001,0.001,0.0001,0.0005,3.899406873039571,10.0,4.46733340706212,80.69075449751048,11.61879323337246,20.0,1.9245838214613524,0.0,0.0,0.85,574.9696,0.010472141,False
0.0,0.001,0.1,9.417491371192115,0.001,0.10221594501018974,6.245463427969096,0.001,0.001,0.0001,0.0005,2.840155784529074,10.0,0.0,86.91427704364287,9.114768942877308,19.533720527122384,4.538067479221667,0.0,0.0,1.7746602e-13,584.1851,0.04674536,False
3.501040174701944,0.001,0.1,10.0,0.001,1.8629066646889596,1.4150540230491164,0.001,0.001,0.0001,0.0005,3.8099804523384955,10.0,4.673563456985541,78.44675161949755,11.542868465162403,20.0,2.602077884194494,0.0,0.0,0.85,621.84467,0.01198925,False
4.11184992884609,0.001,0.1,10.0,0.001,1.4453249336181528,7.302214757315734,0.001,0.001,0.0001,0.0005,5.76160011846215,9.800534829925267,6.789618664400868,80.33854459209095,19.85243657235757,20.0,6.1356087704832705,0.0,0.0,0.85,1056.5421,0.015306519,False
3.422488815159309,0.001,0.1,10.0,0.001,1.618749334096602,1.1517777031106335,0.001,0.001,0.0001,0.0005,6.454879768630429,7.628261869968057,5.652881262733057,83.85720911724368,11.861094130945162,20.0,5.460090978253691,0.0,0.0,0.85,848.497,0.015039484,False
1.9568998784106575,0.001,0.1,10.0,0.001,0.8367732526457912,0.29433998012577556,0.001,0.001,0.0001,0.0005,6.440227871213815,0.0,3.0873343336193897,75.59927013459948,10.86169861529832,20.0,6.837241536982162,0.0,0.0,0.85,783.16235,0.015583878,False
27.94270061561472,0.001,0.1,10.0,0.001,1.6822682298423761,4.859918490317911,0.001,0.001,0.0001,0.0005,3.584635983215208,9.264657452442414,9.032995757430607,60.38302917731543,6.2791952270097315,20.0,5.7761608489984715,10.0,10.0,0.85,3247.4705,0.027544592,False
0.8045338686837169,0.001,0.1,9.27943145659211,0.001,6.2091850754344176,1.699888220411251,0.001,0.001,0.0001,0.0005,7.218866127595568,3.3104473856800394,10.195187815311368,71.62457619989932,18.034425097451997,15.375963284644554,5.578671847163004,0.16387504567039268,1.8000878510403355,0.8340328,1158.1603,0.00827092,False
3.873729494049294,0.001,0.1,10.0,0.001,6.413043549418875,5.6454738923287975,0.001,0.001,0.0001,0.0005,6.130866478270017,6.092612688665192,9.271682780254713,20.808359284723142,6.676757030423661,20.0,6.501751219614573,8.057915982705095,2.748920725684813,0.85,2113.3933,0.022618417,False
1.4279908451322165,0.001,0.1,10.0,0.001,2.259888619638853,7.751178123437359,0.001,0.001,0.0001,0.0005,2.35519695964827,10.0,4.47476873831109,54.65608868498314,13.996902245876122,20.0,5.341789305698368,0.0,0.0,0.85,838.4874,0.014992719,False
1.5906005377462678,0.001,0.1,10.0,0.001,6.3024809921121605,5.767715584061747,0.001,0.001,0.0001,0.0005,6.134829007407151,5.709464186897726,9.347162257900537,63.353765650938186,5.282631190270762,20.0,5.8846771663267905,5.062290122475986,1.8753747482593517,0.85,1669.5695,0.020567916,False
5.672259052196639,0.001,0.1,10.0,0.001,2.2143359354150567,4.665262941594403,0.001,0.001,0.0001,0.0005,0.19806762463686411,9.948037757972337,4.1667972638784825,100.0,9.027765501106625,20.0,7.468340228240898,0.0,0.0,0.75599945,948.3485,0.0,False
0.2556111028051728,0.001,0.1,5.978147167010132,0.001,2.8298474601482115,8.598273795831089,0.001,0.001,0.0001,0.0005,4.006347845973461,9.119519194424614,19.385739772600953,28.058367544940232,4.732280444392645,3.047823120226814,1.4462894791785557,1.510801947592255,0.7093720043470952,0.2649833,1075.8761,0.0027196133,False
4.627362364422279,0.001,0.1,10.0,0.001,3.544934209276716,2.1105057624322883,0.001,0.001,0.0001,0.0005,1.9364621043910246,10.0,4.666061494776993,52.572906438013774,5.366472190756423,20.0,4.05967711356447,0.0,0.0,0.85,727.3426,0.0138401,False
3.3772857334568376,0.001,0.1,10.0,0.001,1.8579033819574995,1.4164061427395955,0.001,0.001,0.0001,0.0005,4.460151224482701,9.453933254588309,4.509530989004763,78.81764992428924,11.573336843650953,20.0,2.835901651092022,0.0,0.0,0.85,640.2619,0.012286157,False
29.79965923836533,0.001,0.1,10.0,0.001,4.688722569401446,0.1992364559798174,0.001,0.001,0.0001,0.0005,1.8084007049116702,7.371342234826949,7.538110966952797,100.0,10.697418495509643,20.0,5.883272553875329,5.126423307620531,9.043310080179172,0.85,2682.0237,0.02489357,False
28.69894266838641,0.001,0.1,10.0,0.001,4.6175062402504965,0.9438835696460918,0.001,0.001,0.0001,0.0005,8.250077584846329,3.5816643457831376,7.5666406210414925,100.0,10.51301466258118,20.0,2.9779217682612207,0.0,0.0,0.85,1397.4839,0.012466494,False
1.1980207387721649,0.001,0.1,9.949120653971919,0.001,0.12243908131399153,3.9598337251320137,0.001,0.001,0.0001,0.0005,3.5689657925110567,5.4492120264723285,1.1554437082554927,82.43161967829377,2.214191264417221,19.590021591171507,6.459306586918033,3.372129894830513,0.029459692780664973,0.85,1009.20514,0.017574707,False
28.90960073222102,0.001,0.1,10.0,0.001,4.575069013805525,0.6916970543122519,0.001,0.001,0.0001,0.0005,7.8080543487569765,8.21293341139823,7.3907617507600225,100.0,10.245839378853475,20.0,6.612779342634138,6.023857011514796,7.867104632507162,0.85,2814.8777,0.024697304,False
4.156433563653676,0.001,0.1,10.0,0.001,0.8927410870671949,3.461944037221327,0.001,0.001,0.0001,0.0005,1.6008979206038862,6.660236993402479,15.761573073049375,0.0,0.0,20.0,8.062824314560007,10.0,8.370861168552343,0.0,2732.6187,0.062917165,False
3.690582856448584,0.001,0.1,10.0,0.001,1.4753391663666335,1.266501187938144,0.001,0.001,0.0001,0.0005,5.761602728310418,9.990674577087603,5.703335173647398,69.54133666712696,11.512090665095618,20.0,6.299352241225553,4.32608104061352,1.6393075953725489,0.85,1434.7584,0.020100098,False
3.6270330731411367,0.001,0.1,10.0,0.001,1.3547366883462169,3.8210134860725113,0.001,0.001,0.0001,0.0005,4.7710012610573935,10.0,3.537358780361342,73.29808394054534,12.756772204167346,20.0,5.129048321999331,3.4078965904508807,0.05116129505418693,0.85,1132.5737,0.017887479,False
0.9390738681236419,0.001,0.1,9.90469576199671,0.001,0.11322414314247341,4.0345380977906,0.001,0.001,0.0001,0.0005,3.5280785053258223,5.326011970428,0.7354780767416249,82.39530479003113,1.920334959333512,19.598768713036538,6.301753314774217,1.1108540603451484,0.0,0.85,770.7745,0.015593606,False
19.017482280111057,0.001,0.1,10.0,0.001,1.6683646538972319,9.275872832531487,0.001,0.001,0.0001,0.0005,1.708405088895141,3.025989268788117,10.422272347174374,46.5982405301593,12.997657431092309,20.0,5.030579600693975,0.0,0.0,0.85,1330.5527,0.014823875,False
2.931501188500699,0.001,0.1,10.0,0.001,1.089124328323325,0.57032571182439,0.001,0.001,0.0001,0.0005,3.791205042055767,5.837230658247261,1.67741816308048,37.19548160581626,6.655524749005357,20.0,6.272036670952316,1.8311308703729392,0.07316860162136533,0.85,886.1406,0.017072238,True
14.709483822128444,0.001,0.1,10.0,0.001,0.0,0.3325224650206787,0.001,0.001,0.0001,0.0005,2.844475481827833,6.7465475591051485,1.4986681340954175,93.10302968668506,6.162257065667928,19.450290870357968,6.254365666291852,2.320331049379899,3.8014490174905182,6.19302e-16,1460.4968,0.05402321,False
22.91279030231859,0.001,0.1,9.939292990274613,0.001,0.0,0.0,0.001,0.001,0.0001,0.0005,2.085277352264424,7.468455376536243,0.0,90.6068073237147,11.991209100311673,5.952298952827375,1.4101419505208326,0.0,0.15299949272120933,0.0,816.0869,0.022843216,False
2.8487732780710284,0.001,0.1,9.947096680677307,0.001,1.5048259897513554,3.768144091345718,0.001,0.001,0.0001,0.0005,1.2297866586672173,4.774946414381494,14.86000008888141,0.0,0.7670696547362189,20.0,6.913515138368415,0.0,0.6826625057819791,0.85,1071.1194,0.016082589,False
29.464095896772275,0.001,0.1,10.0,0.001,4.501242872245964,1.0375305553357548,0.001,0.001,0.0001,0.0005,7.877433319555005,10.0,7.885525642957743,100.0,10.34193002827427,20.0,6.86890521282201,10.0,10.0,0.85,3407.811,0.027544592,False
14.363189960627626,0.001,0.1,10.0,0.001,0.0,0.19927480563520383,0.001,0.001,0.0001,0.0005,4.533573129392128,6.757830715961655,1.0691774366435163,54.22638312246938,2.3726460751575877,20.0,6.673640123776888,5.822549873459948,5.067202324733379,0.0,1914.7627,0.05891544,False
16.332665502356058,0.001,0.1,10.0,0.001,1.011858486346563,1.528545560648224,0.001,0.001,0.0001,0.0005,4.803936845817303,7.58779368818427,5.981700012769467,60.06912307694796,6.827538679067632,20.0,6.24029519082923,5.812328933688585,3.493098194051682,0.85,1974.5603,0.021961484,False
31.334126190597228,0.001,0.1,10.0,0.001,4.763122248220577,1.1750180485703554,0.001,0.001,0.0001,0.0005,5.166960710241381,9.519514741236165,8.34007832864104,98.55090907214895,10.519708173854376,20.0,5.216653424647667,8.842996448140646,10.0,0.85,3206.9238,0.02705425,False
17.02449513880818,0.001,0.1,10.0,0.001,1.3350779161680597,5.47238801438584,0.001,0.001,0.0001,0.0005,2.3141194771975453,10.0,5.847524456507105,31.19113391518652,7.235549618078702,20.0,5.657808946035204,5.6608775747068485,4.61880281938631,0.85,2068.6162,0.022489635,False
17.49243102169819,0.001,0.1,10.0,0.001,0.0,5.714333074397157,0.001,0.001,0.0001,0.0005,1.5910457656857675,9.661969656641606,3.748687454940574,54.61754714191495,6.594935623925916,20.0,6.387419659134701,6.66419513517158,4.620204490403331,5.2814783e-15,2135.791,0.059140217,False
15.716433896736945,0.001,0.1,10.0,0.001,0.0,1.1450707540362715,0.001,0.001,0.0001,0.0005,4.3733064803722685,8.713597462417708,5.0892230992033385,45.13877475493108,6.043661827476512,20.0,7.18789246434131,10.0,7.530504446293018,0.0,2680.1797,0.062459875,False
28.609576358670353,0.001,0.1,10.0,0.001,0.0,7.9108343154893,0.001,0.001,0.0001,0.0005,6.4414371507087225,8.259013821785304,10.987220719909288,69.90987555055158,14.050795515594226,20.0,10.0,0.0,1.8687486042775372,0.0,2077.0676,0.053045977,False
0.8607892539978376,0.001,0.1,10.0,0.001,0.0,4.225545536303889,0.001,0.001,0.0001,0.0005,4.3876825334933205,9.427266348263172,1.8569652627067559,83.82524395507058,4.9974368822152595,20.0,6.246442819674202,1.5710476691674593,0.0,0.0,874.5875,0.051548474,False
0.0,0.001,0.1,10.0,0.001,6.034722018521865,5.510503584871145,0.001,0.001,0.0001,0.0005,4.385449180049232,5.856396517432403,9.96700883418248,3.2301637894542434,3.883184936843476,20.0,4.972290614875293,0.0,0.0,9.118802e-15,921.21674,0.048996557,False
0.0,0.001,0.1,10.0,0.001,0.0,3.7204675708418162,0.001,0.001,0.0001,0.0005,10.0,9.666673714763999,14.252097583979605,0.0,2.6455370087430436,20.0,6.2512881347941915,0.0,10.0,0.0,1860.7987,0.057092447,False
4.713393135014457,0.001,0.1,8.050486211521594,0.001,8.578177319880648,6.111890404441609,0.001,0.001,0.0001,0.0005,7.435048053339859,6.834783364267661,0.0910704074847434,76.0587897653143,13.959087973174892,13.379393412995944,1.789575291785165,3.465972531759167,6.802330979749708,0.46656594,1636.3083,0.022721682,False
1.4692575022363503,0.001,0.1,10.0,0.001,0.0,3.8489797815886266,0.001,0.001,0.0001,0.0005,2.708563807235757,10.0,2.7597172250797133,71.09519139054318,9.551208900379557,20.0,4.646002590419356,0.0,0.0,0.0,640.7112,0.048562746,False
2.393268642461493,0.001,0.1,10.0,0.001,0.0,4.213088662780782,0.001,0.001,0.0001,0.0005,4.0170596947798565,10.0,3.4152207196092843,64.27831213235655,8.74253451066412,20.0,6.3907996693962055,7.003605373685138,0.5031605490573773,0.0,1503.601,0.056498114,False
0.0346519754121718,0.001,0.1,10.0,0.001,0.0,3.635638748641734,0.001,0.001,0.0001,0.0005,7.105407037873251,8.809732412741457,10.333120183863848,0.0,2.325413644226625,20.0,5.746479984541136,0.0,0.0,0.0,885.8867,0.04984434,False
34.05342316354252,0.001,0.1,10.0,0.001,2.400351792545242,4.483140264712567,0.001,0.001,0.0001,0.0005,5.985856044056037,0.0,8.85558669139125,0.0,2.2390369773211436,20.0,7.028530492234552,10.0,10.0,0.85,3469.9348,0.027544592,False
0.0,0.001,0.1,10.0,0.001,0.0,0.0,0.001,0.001,0.0001,0.0005,7.801240077734823,9.5873227503992,0.0,66.04562092342286,1.6938462565358723,20.0,6.352525143227631,0.0,0.0,0.0,655.46704,0.0500937,False
1.9858584714971286,0.001,0.1,10.0,0.001,0.7966068363617306,0.0,0.001,0.001,0.0001,0.0005,3.4056963425517695,10.0,2.904406951641589,78.27253886659055,10.892155904112071,20.0,4.585003605445239,0.0,0.0,0.0,615.1052,0.048481647,False
0.8632404032858372,0.001,0.1,10.0,0.001,6.852798968102195,3.758079482044383,0.001,0.001,0.0001,0.0005,2.8042072054768847,0.9917445696759299,8.05369069553262,18.71361444674283,1.7163828830529124,20.0,5.542608485161845,0.0,0.06910120110463361,0.85,871.2866,0.015127516,False
3.45851647746679,0.001,0.1,10.0,0.001,0.8543446978738887,2.5182110515646503,0.001,0.001,0.0001,0.0005,3.7051513186409952,10.0,5.6237394281776005,61.08761080222409,10.590570784897281,20.0,5.605118988692851,2.2093732647713518,2.079229825605586,0.85,1192.3546,0.018731605,False
20.24285249421132,0.001,0.1,10.0,0.001,0.0,6.304336831552309,0.001,0.001,0.0001,0.0005,0.7388423197284426,10.0,0.0,47.81849292631384,18.880719942785415,20.0,6.400720876474387,0.0,0.0,0.0,1165.4049,0.05011353,False
29.652060355068272,0.001,0.1,10.0,0.001,5.070327475430965,0.0,0.001,0.001,0.0001,0.0005,3.4863195477304085,5.6701496152831075,8.612933107395174,0.0,10.749917852816386,20.0,6.474492932660758,10.0,10.0,0.0,3296.802,0.06380084,False
17.679838726032703,0.001,0.1,10.0,0.001,0.0,4.833976835914118,0.001,0.001,0.0001,0.0005,2.855720120446146,9.255142514660665,4.869211903656367,59.23754185462437,7.071093441909477,20.0,6.736563987539518,4.0605012809868315,0.9083263333657309,0.0,1653.0684,0.05453304,False
1.4290855980336619,0.001,0.1,9.887677602878913,0.001,0.13760725954723332,4.050755921985269,0.001,0.001,0.0001,0.0005,2.6124250882077966,10.0,2.244673171855652,68.23610163065433,7.247832890006122,20.0,5.27282026430774,0.0,0.0,0.85,663.9412,0.014797998,False
0.0,0.001,0.1,9.482923384591517,0.001,3.790172433330599,5.577075602535272,0.001,0.001,0.0001,0.0005,3.426249235337437,0.0,0.0,0.0,0.0,20.0,5.170338713836948,2.4404489500466697,2.4597560694621343,0.0,1052.8046,0.05288847,False
2.7675506457807693,0.001,0.1,10.0,0.001,0.5757724149916679,6.737094280493632,0.001,0.001,0.0001,0.0005,3.020562835263121,10.0,4.664325142519474,67.04904132206295,20.0,20.0,5.272202345068347,0.0,0.0,0.85,850.002,0.014965211,False
17.721058097865892,0.001,0.1,10.0,0.001,0.817181142833684,4.95201723938127,0.001,0.001,0.0001,0.0005,2.9453023192545857,9.865459312172861,5.0758938135469585,57.368923639036865,7.103100919590131,20.0,5.931158210971522,4.455353414442476,2.5343817972471254,0.85,1798.0731,0.0207089,False
1.8937952759068708,0.001,0.1,10.0,0.001,0.9839170019712385,0.0,0.001,0.001,0.0001,0.0005,2.8101068804850766,10.0,2.2722409360865443,80.16679547494878,11.54260192418481,20.0,3.0436987399876108,0.0,0.0,0.0,499.72174,0.04442468,False
1.9793442806418857,0.001,0.1,7.128577095960791,0.001,0.5104380127602877,2.473650268954346,0.001,0.001,0.0001,0.0005,8.100576523236104,8.850986133753182,9.426004349642929,96.28409101235445,7.681558350442526,7.55692366238279,8.452417060581993,4.764104923028091,7.794596162216923,0.73984915,2148.3726,0.0,False
1.5915111306681355,0.001,0.1,10.0,0.001,3.324658649983841,5.300744670990469,0.001,0.001,0.0001,0.0005,4.20959703120637,0.0,15.164940033010492,0.0,1.1337709209589004,20.0,5.21993363823343,9.627562101579766,9.62779136905513,0.85,2661.0002,0.027179414,False
7.4621908721534815,0.001,0.1,7.40607971980714,0.001,3.76795493283192,0.8011450373349076,0.001,0.001,0.0001,0.0005,2.7040052645157586,2.881204229283708,0.06532765653452534,68.11716670685985,13.842401486906308,16.697999682852174,6.260423230879754,0.21754795439410807,2.4665667011307484,0.33468238,1025.3427,0.029001234,False
11.847923729327276,0.001,0.1,10.0,0.001,0.7816530987529381,0.2341597964278374,0.001,0.001,0.0001,0.0005,6.80356526891576,9.160420576987702,3.9577625909249803,49.19817198162182,8.316571469481834,20.0,6.27929630988217,8.126118259758723,5.929872604179196,0.85,2261.1694,0.024516227,False
8.886151705621733,0.001,0.1,10.0,0.001,4.158015634337143,2.4317410322028836,0.001,0.001,0.0001,0.0005,5.016273866225029,8.517306081586256,5.150646061022522,85.34822602648869,6.881807710631007,20.0,3.703733030856923,0.0,0.0,0.85,890.9313,0.013388124,False
16.218048608368086,0.001,0.1,10.0,0.001,1.2900352092386473,6.257278711454839,0.001,0.001,0.0001,0.0005,3.582514707176714,10.0,5.586000693213178,61.084877001212035,9.879669337974981,20.0,6.009073400694853,10.0,6.9649644381000115,0.85,2703.1824,0.025890836,False
16.054778544340145,0.001,0.1,10.0,0.001,1.1326048388061085,6.728491767320749,0.001,0.001,0.0001,0.0005,3.823487119008825,10.0,5.672940326588351,47.62449193842782,20.0,20.0,5.8758468467636815,9.362781883657732,4.353362695746929,0.85,2465.093,0.024119023,False
9.698684167227015,0.001,0.1,10.0,0.001,4.443207673655981,1.5016458991087032,0.001,0.001,0.0001,0.0005,5.1721649000819,8.632502324333291,4.381068016874251,47.34032572607534,5.05897517526241,20.0,4.257858353727191,0.0,0.0,0.85,914.31256,0.014052544,False
41.569777055505895,0.001,0.1,10.0,0.001,0.7322459281175973,7.585323453941632,0.001,0.001,0.0001,0.0005,2.087617199572448,7.493573829859759,5.248796497482467,100.0,10.779837837337894,20.0,9.673295124355546,6.16167102352227,6.706630787895691,0.85,3114.62,0.024123382,False
0.24538659189145495,0.001,0.1,10.0,0.001,3.9752033722771407,2.11722364784105,0.001,0.001,0.0001,0.0005,7.893314293718781,10.0,4.947165567408352,100.0,7.180706278601219,20.0,4.335009337388718,0.0,0.0,0.2543839,775.03265,0.03804129,True
0.0,0.001,0.1,10.0,0.001,0.3895212331336081,4.677836209068308,0.001,0.001,0.0001,0.0005,0.5689013560120764,6.270278536440001,0.4897675768360773,58.78449357520268,3.8965028587115764,20.0,3.8914817001197823,0.0,0.0,3.830771e-13,463.56332,0.047098845,True
41.46868971741444,0.001,0.1,10.0,0.001,1.0349576818527841,7.35460201526068,0.001,0.001,0.0001,0.0005,2.479452800263663,7.285231297786691,5.852326978528107,100.0,11.015696255070031,20.0,10.0,10.0,10.0,0.85,3775.084,0.027544592,False
16.64304846511262,0.001,0.1,10.0,0.001,5.344506115653345,6.329374998598787,0.001,0.001,0.0001,0.0005,5.854186258272921,9.122117078648055,4.034917098681041,45.96503041944183,7.916000182441469,20.0,6.892916267758941,10.0,6.75503624184665,0.85,2830.9937,0.025776448,False
0.0,0.001,0.1,10.0,0.001,0.21999403676601464,0.0,0.001,0.001,0.0001,0.0005,6.980105091024091,8.276939876103215,0.6957857128146104,73.70023080503555,2.688899591389732,20.0,6.028024745241124,0.0,0.0,0.0,636.83856,0.04996018,False
14.139009166386964,0.001,0.1,10.0,0.001,1.2713734916544772,5.991410951417277,0.001,0.001,0.0001,0.0005,2.815341584107933,10.0,4.1832742712608155,61.16693604874318,8.632648517200336,20.0,5.674019619761573,0.0,0.0,0.85,1092.2523,0.015124051,False
21.10530946699539,0.001,0.1,10.0,0.001,7.187594061424942,6.481364240542456,0.001,0.001,0.0001,0.0005,5.218607203158985,2.6630043642040224,4.57938964494762,0.0,4.033735762783413,20.0,9.199765568125517,0.0,10.0,0.85,2408.4045,0.023014367,False
3.2649689608900476,0.001,0.1,10.0,0.001,1.5301338672811724,1.7736070613978479,0.001,0.001,0.0001,0.0005,4.923001094208422,10.0,4.385319234496055,85.60406679860884,11.754817771588597,20.0,1.541694657710768,0.0,0.0,0.85,567.50903,0.009265744,False
3.946905785392607,0.001,0.1,10.0,0.001,1.5583060330396505,1.8437659846442385,0.001,0.001,0.0001,0.0005,4.865558609250842,10.0,4.474816012409837,85.10093634737372,11.626543573087385,20.0,1.5208117156007417,0.0,0.0,0.85,584.3886,0.009199946,False
4.924847112197572,0.001,0.1,10.0,0.001,1.4798303686827416,1.9503734739625276,0.001,0.001,0.0001,0.0005,4.959744159127963,10.0,4.69352390989214,82.88070106136882,11.680520342775875,20.0,1.7268514305969684,0.0,0.0,0.85,626.8392,0.009849131,False
0.0,0.001,0.1,10.0,0.001,0.27666295139437885,0.3375601886695226,0.001,0.001,0.0001,0.0005,5.141531271169568,10.0,3.825805248799163,84.8909755198555,10.757928597931182,20.0,5.7493531447983415,1.9822194852482133,0.21830009079367454,1.9663297e-13,889.77576,0.05185717,True
0.0,0.001,0.1,10.0,0.001,9.29436718556084,8.290280373451166,0.001,0.001,0.0001,0.0005,1.0126655716363284,10.0,0.0,100.0,20.0,20.0,0.0,0.0,0.0,1.1307456e-14,521.9666,0.028099595,False
10.377922693205656,0.001,0.1,10.0,0.001,0.5018220758835643,0.0,0.001,0.001,0.0001,0.0005,6.058476987600962,6.559002486378237,2.1090158527497653,59.25374245484818,2.9720806641947033,20.0,6.492281214670176,1.6768080765481956,2.1636270427251207,0.0,1249.617,0.053398825,False
0.0,0.001,0.1,9.867736003600994,0.001,4.170190279431546,5.198274433904762,0.001,0.001,0.0001,0.0005,3.0888685051563036,0.0,0.48967072516348903,0.8748257330743248,0.24750017841693353,20.0,4.991732214442273,1.0989889164502653,1.1094858132652137,0.0,816.6787,0.051322266,False
0.0,0.001,0.1,10.0,0.001,0.12851479599906918,0.0,0.001,0.001,0.0001,0.0005,6.807686103830907,10.0,3.1277225523093657,88.96149504358476,8.623854584578188,20.0,5.8097652539261135,0.8424526678936738,0.0,0.0,771.81555,0.05076615,False
16.325976592656247,0.001,0.1,10.0,0.001,2.8695289689163603,5.707115947118966,0.001,0.001,0.0001,0.0005,4.372312201008292,10.0,3.74180502904291,43.41166893716925,6.550558428228107,20.0,5.019388922831053,10.0,10.0,0.85,2875.4949,0.027544592,False
0.0,0.001,0.1,10.0,0.001,7.183610110986161,1.9666891353232745,0.001,0.001,0.0001,0.0005,5.342334864552378,3.188206634631166,8.828837037343597,74.69095584747596,0.06749703809529553,20.0,4.899490688906078,0.0,0.0,7.4382385e-15,847.81104,0.048899766,False
4.635390995248292,0.001,0.1,1.0,0.001,1.3878782594714654,8.283561125158489,0.001,0.001,0.0001,0.0005,3.4119568511686604,10.0,4.4594392640098715,0.0,20.0,20.0,0.0,0.0,0.0,0.06955517,548.19305,0.0,False
9.306810150680013,0.001,0.1,10.0,0.001,4.13270295245361,2.5576014002265364,0.001,0.001,0.0001,0.0005,3.8315629992507985,7.425350279043873,5.04524650358758,73.99563285856871,6.625812698059538,20.0,3.6942416021420783,0.0,0.0,0.85,872.3807,0.013376072,False
0.0,0.001,0.1,10.0,0.001,3.970518626155071,6.822819092532184,0.001,0.001,0.0001,0.0005,6.224445796233966,10.0,5.27819894510859,70.34412591585178,11.907383415322048,20.0,5.283017133295887,10.0,6.336326289460019,0.0,2340.1194,0.061784294,False
14.852956337345336,0.001,0.1,10.0,0.001,1.7938020724665567,6.0007712641917585,0.001,0.001,0.0001,0.0005,3.4707617669296313,10.0,4.787898078401688,54.12208681810501,8.941552335161093,20.0,5.535011511867342,5.562683807905834,4.514115441276781,0.85,2016.243,0.022366049,False
0.0,0.001,0.1,9.04101180217524,0.001,0.0,0.0,0.001,0.001,0.0001,0.0005,0.0,10.0,0.0,83.81532488329312,15.843694338983255,20.0,3.63232945203744,0.0,0.0,0.0,377.19193,0.0,False
0.0,0.001,0.1,10.0,0.001,3.6412789095568394,5.509756795102959,0.001,0.001,0.0001,0.0005,3.3171836201336085,0.0630643819745932,1.1413603182998004,0.0,3.6489848668580245,20.0,5.203581259003448,3.697211418748649,0.00011715882589350742,3.5859204e-13,1007.34863,0.05271628,True
0.0,0.001,0.1,10.0,0.001,3.665897073740041,6.238737571089907,0.001,0.001,0.0001,0.0005,5.424090760862449,10.0,3.494465963758911,34.41379679154126,10.743679048917025,20.0,4.832517989224733,2.382376226336589,0.0,0.0,1023.3252,0.05124513,False
0.0,0.001,0.1,10.0,0.001,4.669374566759644,5.153369855664373,0.001,0.001,0.0001,0.0005,5.185007906339454,0.0,0.0,0.0,0.0,20.0,3.7808117166472983,0.0,0.0,2.2323172e-28,590.24677,0.042821568,False
44.89088252641327,0.001,0.1,10.0,0.001,0.5286381650622841,7.776354859247229,0.001,0.001,0.0001,0.0005,2.010495335244255,7.465373659532509,4.762194511976665,81.77028486068257,11.250595924326536,20.0,9.070972722623974,10.0,9.570913589180803,0.85,3731.6863,0.027310787,False
3.4522204106483025,0.001,0.1,10.0,0.001,1.5031347720318804,1.7274443896691014,0.001,0.001,0.0001,0.0005,3.475048829428034,10.0,3.626839049890675,75.34843557383581,12.411249276933564,20.0,0.0,0.0,0.0,0.85,434.82178,0.0017182719,False
44.97390952732105,0.001,0.1,10.0,0.001,0.8923273546989262,7.583983696510913,0.001,0.001,0.0001,0.0005,2.060121309042186,7.41048200613375,6.254381322050332,79.22701412066357,10.414498181587737,20.0,8.892641124561274,10.0,9.3836240657131,0.85,3740.4448,0.027208734,False
17.836803537775005,0.001,0.1,10.0,0.001,0.8980134264048257,5.563146491300507,0.001,0.001,0.0001,0.0005,2.653106539228708,8.921746076351049,4.006039993132379,61.32161991587639,5.308654551011667,20.0,6.267892795414437,1.641385692056281,0.0,0.85,1332.1196,0.016856749,False
5.5277132488061715,0.001,0.1,10.0,0.001,3.9436445382226144,2.70711848824911,0.001,0.001,0.0001,0.0005,3.5013476469611544,6.827463736558776,4.515092960474725,58.315969033306246,7.09579958925267,20.0,4.360383093459804,0.0,0.0,0.85,805.5687,0.014154884,False
14.486679279113671,0.001,0.1,10.0,0.001,0.0,0.0,0.001,0.001,0.0001,0.0005,4.084128200537139,5.574305235020627,1.561704089340499,55.43743579189935,1.3569170580770753,20.0,7.128495840386192,7.787520030079812,6.930701069862529,0.0,2268.3745,0.061191175,True
5.955640475075563,0.001,0.1,10.0,0.001,4.239161010954672,3.054991350681987,0.001,0.001,0.0001,0.0005,4.317465646944825,6.092718412198438,5.0975201032798,49.869338760401135,6.807280082271764,20.0,5.726811878870848,0.0,0.18429028568942712,0.85,950.00256,0.015292703,False
3.5962994855883563,0.001,0.1,10.0,0.001,1.2892024480230857,2.1351871041378487,0.001,0.001,0.0001,0.0005,3.708947194156126,10.0,4.881629000868462,73.16371996588566,12.05473985169126,20.0,3.4370848590640826,0.0,0.0,0.85,681.1523,0.013049536,False
1.4579936181038018,0.001,0.1,10.0,0.001,0.5829832479795415,4.552413062109037,0.001,0.001,0.0001,0.0005,3.9744374564841545,10.0,3.2550510918516355,64.15871483630123,4.034780637466627,20.0,6.046533987264172,1.057979814898235,0.0,0.85,866.0739,0.016292525,True
0.0,0.001,0.1,10.0,0.001,0.0,4.785213216464857,0.001,0.001,0.0001,0.0005,9.289708082719088,5.60839497309411,0.0,0.0,0.0,20.0,6.019795277801595,0.0,0.0,0.0,730.3137,0.049956795,False
1.5492527206830653,0.001,0.1,1.873774372712807,0.001,2.113049197591949,4.221302006203201,0.001,0.001,0.0001,0.0005,0.8954108195106725,6.545417192372092,1.2245052249312702,42.5766780950602,7.640336127212544,7.187002986015418,1.4476348286087093,0.23670832942233994,7.543662886158438,0.42725924,973.1703,0.0,False
4.0878087341880525,0.001,0.1,10.0,0.001,3.992640713408549,3.464021385721286,0.001,0.001,0.0001,0.0005,4.1932466537775435,6.090235942808274,2.9491760363172874,46.36920948070067,2.946160549728878,20.0,4.854445982680428,0.0,0.8068578409640872,0.85,846.6999,0.015447092,False
44.709461902495555,0.001,0.1,10.0,0.001,0.39526516794398636,7.903015988836404,0.001,0.001,0.0001,0.0005,1.8116408444258736,6.257965229197903,4.107685024710936,85.58626310913566,11.322599624400828,20.0,8.870443237890651,6.923373833767012,6.3311368937191155,0.85,3147.1787,0.02424159,False
31.409280501613683,0.001,0.1,10.0,0.001,6.939163011549402,5.031668361382451,0.001,0.001,0.0001,0.0005,0.0,0.0,3.4154995200881926,0.0,0.0,20.0,5.495247897486564,0.0,0.0,0.0,1444.0157,0.0,False
6.274515464434933,0.001,0.1,10.0,0.001,4.131312045548245,5.5127944007518135,0.001,0.001,0.0001,0.0005,4.110806401295851,4.52299513475878,4.6826027464179445,11.562806079389288,7.468680636678253,20.0,5.224147656205731,4.061082697537136,1.05966801447728,0.85,1400.7373,0.019264605,False
4.082193599819361,0.001,0.1,10.0,0.001,2.319041591000788,0.0,0.001,0.001,0.0001,0.0005,3.7113448458162503,0.0,0.21594830638328008,43.675767262529,4.153748368944687,20.0,5.473486906068144,0.0,1.9326207105005833,0.0,795.3067,0.051221542,False
5.112175518506653,0.001,0.1,10.0,0.001,0.12915249768031153,6.7252797524020504,0.001,0.001,0.0001,0.0005,4.34966618674961,10.0,6.44945028071762,68.40471450912987,20.0,20.0,4.842187541984334,3.682238907173861,7.701986107938001,0.85,1892.8726,0.023284882,True
31.70746761508998,0.001,0.1,10.0,0.001,5.37878306616046,0.325307321069565,0.001,0.001,0.0001,0.0005,3.0058376505161615,3.3258089296211555,8.910119544142395,26.342885428045598,10.008832774449427,20.0,6.078743633017959,5.845410745736341,10.0,0.85,2932.2373,0.025772035,False
3.7446852847685492,0.001,0.1,10.0,0.001,2.332359464699101,0.0,0.001,0.001,0.0001,0.0005,3.2785821782084614,0.5229530854446863,2.537731837981281,49.9998417766575,10.716957069932477,20.0,5.4401752495143345,0.0,5.583766591357971,0.0,1140.4967,0.053719554,False
12.986870473476971,0.001,0.1,7.660598453087533,0.001,0.6845590545948836,0.7637931142442163,0.001,0.001,0.0001,0.0005,1.745169422716273,3.3978166091553024,1.0685963091796133,0.65899298458883,19.124504896819495,13.67230607908597,6.265121061577544,6.349922255717879,2.4458320390600057,0.85,1686.6858,0.0058031715,False
3.98510047840335,0.001,0.1,10.0,0.001,1.4348915993944822,2.0828001484583267,0.001,0.001,0.0001,0.0005,3.9282674541447578,10.0,5.0201911670621,76.69099276854617,11.693809704057351,20.0,2.3575148011728797,0.0,0.0,0.85,632.06335,0.011678705,False
3.5626769584425464,0.001,0.1,9.191102300382235,0.001,1.313392150319188,2.1178436348140797,0.001,0.001,0.0001,0.0005,2.8157324100325107,10.0,4.1803939070234595,75.19225110343454,11.122857508475754,20.0,3.337308033944793,0.0,0.0,0.85,633.63635,0.011443769,False
14.32667078284347,0.001,0.1,4.597974692677694,0.001,1.2382624880060253,5.835390140686458,0.001,0.001,0.0001,0.0005,2.63868547600124,8.132166141900324,9.18400763607979,1.3309543749706327,8.848841562018267,8.290717303721442,2.096906833602526,0.6035301914827782,5.1391689900108615,0.5838657,1395.5278,0.0,False
5.588525140079241,0.001,0.1,10.0,0.001,3.9462281169054454,3.2904463634956125,0.001,0.001,0.0001,0.0005,3.351043279838949,0.0,3.150567852113424,0.0,5.541766038246529,20.0,5.046736222722394,0.0,0.0,0.85,798.46185,0.014840003,False
9.13823054718189,0.001,0.1,9.524753693818194,0.001,1.712532138613897,7.106365995588427,0.001,0.001,0.0001,0.0005,5.3785556752007135,2.846504503699439,19.916590260010544,66.44705276135129,3.3210507085213283,8.58237229543877,0.6305219571906433,0.5217516940027623,0.1559552553671384,0.6020527,1086.8057,0.0,False
0.0,0.001,0.1,10.0,0.001,4.734734797478922,5.595683911995425,0.001,0.001,0.0001,0.0005,3.146506813722514,0.0,0.0,0.0,0.0,20.0,3.7943362306585304,0.0,0.0,8.583378e-14,561.3804,0.042977024,False
0.0,0.001,0.1,10.0,0.001,0.0,0.0,0.001,0.001,0.0001,0.0005,5.837364786996818,8.079427922335931,0.0,21.46481007037405,0.357197671423382,20.0,6.309731859928124,2.848727010840395,0.0,0.0,870.7002,0.052630186,True
17.385495916049795,0.001,0.1,10.0,0.001,1.6403105047944777,0.3151865031585676,0.001,0.001,0.0001,0.0005,4.65934549254208,0.0,0.0,100.0,1.8924533735531726,20.0,4.96098583759154,0.0,0.0,0.0,919.9977,0.04898153,False
7.033861382341302,0.001,0.1,10.0,0.001,4.109531761536111,7.257772435861911,0.001,0.001,0.0001,0.0005,6.577068929247978,10.0,6.706665979604194,37.56223609064336,11.1253206908608,20.0,6.406740418899921,1.931636032429647,0.0,0.85,1359.381,0.017148856,False
24.51785794584423,0.001,0.1,10.0,0.001,0.0,6.3257849199682,0.001,0.001,0.0001,0.0005,1.7246983325184564,6.269836930633332,0.0,71.86840741358634,5.212836062678137,20.0,6.178525805478738,8.078173730824632,8.57636479177124,0.0,2655.3914,0.062197585,False
29.97213111547537,0.001,0.1,10.0,0.001,5.0146077439509575,0.17441068565027154,0.001,0.001,0.0001,0.0005,3.3597727288769716,7.2080148920624865,8.595843457384499,67.26268981615978,10.690530846216454,20.0,6.536240811949121,10.0,10.0,0.85,3312.8618,0.027532728,False
3.1248457499931126,0.001,0.1,10.0,0.001,0.963602926916849,1.4175648814525106,0.001,0.001,0.0001,0.0005,4.099759412922965,9.760193159435786,5.320408777036843,65.32752590151095,11.050791805343403,20.0,5.35472894764962,0.07292659015302819,0.7394627935346166,0.85,846.9464,0.015683062,False
3.871158503565712,0.001,0.1,10.0,0.001,3.434645611463484,3.536634269978307,0.001,0.001,0.0001,0.0005,3.2728161009619776,1.9352462951097404,2.0977902775506947,40.04828367852776,2.780955274616473,20.0,5.248256267759148,0.0,0.0,0.85,740.5432,0.014955745,False
3.7578496599144695,0.001,0.1,10.0,0.001,3.7898171017909528,1.2058121353823859,0.001,0.001,0.0001,0.0005,3.6505011507854093,2.491362227403013,2.9833591016252847,32.59621055700671,2.4189516455963713,20.0,5.7605703304110545,0.0,1.9865104265183986,0.85,919.829,0.016751258,False
3.5424241070327325,0.001,0.1,10.0,0.001,3.525509019797235,2.6393612956800454,0.001,0.001,0.0001,0.0005,2.9025725003356295,4.019924859957406,2.3225238578098093,51.8401465696489,3.868295448862537,20.0,4.4534815112122885,0.0,0.0,0.85,678.3302,0.014247815,False
2.604952867698991,0.001,0.1,10.0,0.001,0.0,5.0944620183999305,0.001,0.001,0.0001,0.0005,3.3364915053843562,10.0,4.617365518951534,68.68982541829587,11.160546973293462,20.0,6.2883368519994,7.765014785602288,3.9438395102331523,0.0,1884.4791,0.059362736,True
3.3339598656285427,0.001,0.1,10.0,0.001,0.9892118510241715,2.104500408315728,0.001,0.001,0.0001,0.0005,3.8620954435580486,10.0,5.478272190698639,64.3291179623638,11.12355409167204,20.0,5.137464524101063,0.1928594805286345,1.2521457361729793,0.85,903.60834,0.016160013,False
36.73394422998756,0.001,0.1,10.0,0.001,0.835424655039978,1.0166937752568903,0.001,0.001,0.0001,0.0005,4.911182008968174,10.0,7.284463495807644,0.0,9.76417452388537,20.0,7.904637046924142,10.0,10.0,0.85,3500.0896,0.027544592,False
0.0,0.001,0.1,10.0,0.001,5.677334612835388,0.0,0.001,0.001,0.0001,0.0005,0.0,0.0,0.0,34.731246055940105,0.0,20.0,3.518726159302606,0.0,0.0,0.0,401.24652,0.0,False
44.77262254604899,0.001,0.1,10.0,0.001,0.5366260598072037,7.539658232881203,0.001,0.001,0.0001,0.0005,2.877532878278503,7.509422140924301,6.08276234734106,65.29256586258654,9.493601956706332,20.0,8.275504396684031,10.0,8.865640547262311,0.85,3658.4473,0.026908958,False
5.00379675534138,0.001,0.1,10.0,0.001,4.705346359979584,0.1565808562831483,0.001,0.001,0.0001,0.0005,4.305029721412247,3.6797073442618733,6.853799488957563,41.38905097786295,5.452506273548724,20.0,6.208607164920715,3.9276887676438808,8.707253197847924,0.85,1986.1372,0.024162062,True
17.92633828106302,0.001,0.1,10.0,0.001,1.4895408734127167,5.376288580192602,0.001,0.001,0.0001,0.0005,2.4920973379457303,7.008835379502917,4.326277588041123,52.797927618014064,5.301842911761611,20.0,5.445646712956101,4.6046356189318525,2.8904388710968334,0.85,1795.9255,0.020933935,False
0.0,0.001,0.1,10.0,0.001,2.3381740426628688,0.0,0.001,0.001,0.0001,0.0005,4.570817621343121,0.0,0.0,46.89552684295163,0.0,20.0,5.809716174231254,0.0,0.0,0.0,564.8546,0.04987036,True
44.686909299711935,0.001,0.1,10.0,0.001,0.779989982923365,7.552141793324982,0.001,0.001,0.0001,0.0005,2.4393866238020383,6.687145170031975,6.659373791373674,65.63223104871162,9.264802821824208,20.0,7.94209171709381,5.286878762347262,6.311137417166499,0.85,2997.5183,0.023537142,False
4.8512713923035315,0.001,0.1,10.0,0.001,4.922944983391166,0.02113870497160913,0.001,0.001,0.0001,0.0005,3.9162818884409405,3.8926666650915727,7.563311524269986,26.551538908529594,3.310718435150808,20.0,6.315949836310013,2.4790922705442884,6.506644400828856,0.85,1681.1625,0.022151219,False
5.118958660870572,0.001,0.1,10.0,0.001,0.040698590827627,5.468621062913149,0.001,0.001,0.0001,0.0005,3.42728135762437,10.0,7.231887554714125,55.04691583381949,13.32237059265913,20.0,6.5015087720821025,10.0,9.103120738622401,0.85,2648.501,0.027055893,False
2.029669099668299,0.001,0.1,10.0,0.001,0.8473058330978116,0.0,0.001,0.001,0.0001,0.0005,4.752831560486806,8.117605809113966,1.9524311607900344,64.11146927825753,6.6771507350171895,20.0,5.279176446530034,0.0,0.0,0.0,645.7297,0.049404573,False
0.0,0.001,0.1,9.872107072634654,0.001,4.224329720497331,5.340558771123084,0.001,0.001,0.0001,0.0005,2.7522560882905287,0.0,0.0,0.01771257246665979,0.0,20.0,4.3993866237829256,0.0,0.0,0.0,575.4885,0.047998942,False
1.9936454859597317,0.001,0.1,9.641747436442913,0.001,3.2652374458860067,4.111465878832402,0.001,0.001,0.0001,0.0005,2.3936885117516633,0.0,0.0,32.116279055861256,0.0,20.0,4.0682335107495735,0.0,0.0,1.0405873e-15,552.75476,0.046125267,False
3.7304430246582663,0.001,0.1,10.0,0.001,1.4336073079412495,1.914720519955519,0.001,0.001,0.0001,0.0005,4.074267628234001,10.0,4.646657379039959,72.19654025721651,12.493596698219163,20.0,1.424368553750687,0.0,0.0,0.85,563.41986,0.008896076,False
21.435715658883346,0.001,0.1,10.0,0.001,0.0,6.463702589906976,0.001,0.001,0.0001,0.0005,1.8693966634100683,8.85378189917188,0.0,73.03992238239114,11.036779456290063,20.0,6.235524763960514,4.867274890343436,3.974945967280133,0.0,1951.3044,0.057187747,False
0.0,0.001,0.1,10.0,0.001,4.483643100021991,5.5654525293419805,0.001,0.001,0.0001,0.0005,3.3273381788327425,0.0,4.002197474342425,0.0,0.0,20.0,4.902263223620144,4.494643166051987,2.502528771976264,0.0,1329.4056,0.055309433,False
2.98108398945735,0.001,0.1,10.0,0.001,0.8479383738166506,0.7070772038005444,0.001,0.001,0.0001,0.0005,4.147397252308735,8.742952774134595,5.105688234670298,67.28980495111723,10.753792456341692,20.0,5.881278379966912,1.1732433025998958,0.7846721041191073,0.85,958.4866,0.016952848,False
4.553254843857432,0.001,0.1,10.0,0.001,3.6443823523908425,2.7932893408259822,0.001,0.001,0.0001,0.0005,4.112412299214256,4.731700195227862,4.2327071205053315,40.8813455795921,5.30997644652782,20.0,5.583385638692954,1.4075013096639977,2.7820657411089256,0.85,1200.152,0.018555492,False
3.53312535262376,0.001,0.1,10.0,0.001,1.1502943221455018,2.076324375671617,0.001,0.001,0.0001,0.0005,3.8811991584858525,10.0,5.412512792243277,66.02215793933921,11.316224026794506,20.0,4.837670309357824,0.0,0.1893613375606717,0.85,788.8851,0.014860127,False
4.956612248741268,0.001,0.1,10.0,0.001,0.46084729824707427,5.655362548440888,0.001,0.001,0.0001,0.0005,3.4074694514733728,10.0,6.767569404885472,67.21160627430352,13.49450961851829,20.0,6.081265350914963,10.0,8.288246263905945,0.85,2555.504,0.026611876,False
4.180465033440599,0.001,0.1,10.0,0.001,4.060496935922049,1.750107228035995,0.001,0.001,0.0001,0.0005,5.093377229085762,5.646713188931724,6.012487559951731,1.8967674381743473,5.134289881680512,20.0,5.807872931351593,0.0,6.097697864496436,0.85,1387.9579,0.0196174,False
7.020550803592183,0.001,0.1,1.611473373739329,0.001,7.537120704492302,2.4429555920904757,0.001,0.001,0.0001,0.0005,5.225679268014539,6.087705790771846,15.317924960851677,53.614219552149514,7.7524404797131865,14.705204333831524,2.3950486796448427,0.7094732712828095,1.2988110459057867,0.43076283,1146.4435,0.0,False
15.917925962951484,0.001,0.1,10.0,0.001,0.0,1.4762624946590348,0.001,0.001,0.0001,0.0005,3.916426323057936,0.0,4.974425177242848,75.47409603193555,3.432124431117287,20.0,8.86770027015052,0.0,0.0,0.0,1208.2202,0.051128566,False
3.9531764489798835,0.001,0.1,10.0,0.001,1.0662348886111028,5.023866982051944,0.001,0.001,0.0001,0.0005,3.226189609424668,8.699698682836564,8.364090668495619,56.809252351427254,6.045486172713755,20.0,6.065940851709693,1.5925457739598967,1.2472457281089029,0.85,1186.6692,0.017740967,False
4.523626188449276,0.001,0.1,10.0,0.001,3.46282682638736,2.6236563611489383,0.001,0.001,0.0001,0.0005,3.849759919459294,4.934300960948013,0.0,35.19115170102455,5.525476201914779,20.0,5.567898104291008,4.111138397891805,4.472756263953942,0.0,1487.3428,0.056628212,False
3.8851249378315265,0.001,0.1,9.971857578440668,0.001,1.4062072408100466,2.0260843640436264,0.001,0.001,0.0001,0.0005,4.01313866593285,10.0,4.987802371139543,72.89686932514658,12.429600221380912,20.0,2.1250737400067727,0.0,0.0,0.85,616.89996,0.0110025015,False
0.0,0.001,0.1,10.0,0.001,0.0,0.0,0.001,0.001,0.0001,0.0005,5.091815956384222,6.798325277268086,0.0,74.79982020067042,3.5608896003257815,20.0,4.073011440447311,0.0,0.0,0.0,459.75674,0.047671445,False
1.708222522567612,0.001,0.1,10.0,0.001,0.0,4.544716155639923,0.001,0.001,0.0001,0.0005,3.5804269295263254,5.307270132458752,8.302387491847604,52.39611024342936,0.0,20.0,7.06654875834089,0.9953073445611982,0.0,0.0,985.26025,0.051411588,False
5.454103615029017,0.001,0.1,10.0,0.001,5.438808572509524,3.249408001331895,0.001,0.001,0.0001,0.0005,2.8831789341730554,4.4391511150092375,15.145427196235365,3.5774827049604925,9.290768652147749,20.0,6.637738214344941,0.0,4.458029559113784,0.85,1546.5576,0.01881315,False
21.01738235154024,0.001,0.1,10.0,0.001,6.850424384018274,8.412070160239779,0.001,0.001,0.0001,0.0005,5.558869135406049,8.80707133511201,10.234033432060848,17.678122896241586,7.996133180728778,20.0,7.278806653602674,0.0,4.904921420284749,0.85,2067.4368,0.019376302,False
17.367497245792432,0.001,0.1,10.0,0.001,1.4658702833933523,4.906799922128143,0.001,0.001,0.0001,0.0005,2.6841192079163774,4.749007264065129,0.0,67.70362028963835,1.5700413551095544,20.0,5.132954367261544,2.3356918963024147,5.177246286823333,0.0,1621.1495,0.055463035,False
45.403293502347445,0.001,0.1,10.0,0.001,0.44444199981379195,8.119931088403938,0.001,0.001,0.0001,0.0005,1.471253776275419,6.158281347934773,11.223068658808224,93.50743749725451,9.827950241386255,20.0,6.754271068932567,10.0,10.0,0.85,3756.1658,0.027544592,False
2.906142235427398,0.001,0.1,10.0,0.001,6.607680327240236,1.3487256560415433,0.001,0.001,0.0001,0.0005,2.2063788228325993,8.775083803387929,11.786768109818137,0.0,1.870304964963285,20.0,4.58688940029772,10.0,9.543287947613734,0.85,2598.079,0.027295735,True
0.0,0.001,0.1,10.0,0.001,6.001839042690388,4.3870619217925295,0.001,0.001,0.0001,0.0005,6.1353421962532,4.7667767843468205,2.525800250270207,67.49264273359307,0.0,20.0,4.3069014010398705,0.0,0.0,0.0,722.2726,0.048111897,False
16.17658627669865,0.001,0.1,10.0,0.001,2.2746424022204366,0.0,0.001,0.001,0.0001,0.0005,2.5063115448758517,0.0,5.780631910160748,30.732046047346046,3.463861103120311,20.0,5.535630542971281,0.0,8.173638434393583,0.0,1673.0236,0.055540625,False
1.0727469365937985,0.001,0.1,10.0,0.001,0.31253312177823456,0.7013410908172245,0.001,0.001,0.0001,0.0005,5.25869166374204,9.886947258696864,0.0,82.20994554248315,8.706813630305843,20.0,5.694164683121854,0.0,1.1167907299931066,0.0,722.4368,0.05071119,False
2.129535598760822,0.001,0.1,10.0,0.001,0.4839305691541722,0.6286482861920301,0.001,0.001,0.0001,0.0005,0.0,8.949359453859456,10.15102559843031,89.81283470759259,16.24118175617778,20.0,4.35324921321852,0.0,0.0,0.0,707.92004,0.0,False
1.0133765962494006,0.001,0.1,10.0,0.001,5.933979339158642,3.1625299897625463,0.001,0.001,0.0001,0.0005,1.4506216008638857,5.64072031553567,17.25879728028185,0.0,4.42770318527316,20.0,7.181528089886494,0.0,4.34470741894468,0.85,1480.8625,0.018950488,False
1.9152250500558108,0.001,0.1,10.0,0.001,0.45457066081231423,0.0763666070480239,0.001,0.001,0.0001,0.0005,5.287741811751193,8.037265094761544,2.5618646668420753,55.32409407150053,6.9417590357357986,20.0,6.272288630360942,2.1214674286217896,0.23635577285745293,0.85,937.3531,0.017440798,True
10.288118909288038,0.001,0.1,10.0,0.001,0.0,0.0,0.001,0.001,0.0001,0.0005,3.8720269650555172,4.572424153334763,0.0,15.842745274679107,0.0,20.0,7.878363500003692,2.71809192642623,1.302025330106674,0.0,1248.3922,0.054210063,False
1.7932045095134175,0.001,0.1,10.0,0.001,1.2531490681745021,0.2381173302285282,0.001,0.001,0.0001,0.0005,3.922575052281043,9.649427934251348,1.3891937127330432,69.38382487591942,8.84454053219217,20.0,3.676640914767228,0.0,0.0,0.85,538.89154,0.013353723,True
17.348032964776657,0.001,0.1,10.0,0.001,1.7017395029897608,5.396698910759961,0.001,0.001,0.0001,0.0005,3.132036036294354,8.728611344576885,5.862167852886591,46.64175193149912,8.580155489812197,20.0,5.164092433657224,3.1129107927455513,2.685538568591964,0.85,1674.8849,0.019718615,False
3.6148500680833036,0.001,0.1,10.0,0.001,0.5479592053271855,0.3472335312254594,0.001,0.001,0.0001,0.0005,4.270118118139762,7.158133160522613,5.640472613329485,43.67133067016165,10.351768412950172,20.0,7.020708890471522,7.0489407347804445,3.185987979762162,0.85,1776.3707,0.022460027,False
29.671767815244372,0.001,0.1,10.0,0.001,5.3760216109085395,0.0,0.001,0.001,0.0001,0.0005,2.132955317245276,6.899272734442117,8.075137865577533,19.22854070829032,10.632836206309463,20.0,6.8191087949047535,10.0,10.0,0.0,3291.2852,0.06380084,True
0.7403293431309128,0.001,0.1,10.0,0.001,0.6736429806968398,0.0,0.001,0.001,0.0001,0.0005,4.656599157132979,9.410344191079183,0.03682322384374925,65.38946887784121,4.738688902568902,20.0,3.8551918773021985,0.0,0.0,0.0,482.2784,0.046984375,False
3.9576562614613633,0.001,0.1,10.0,0.001,3.547223530554216,3.085447684274221,0.001,0.001,0.0001,0.0005,3.834841385231634,3.9674126612222507,4.227239235020665,47.100971207135586,4.264434321866122,20.0,5.273905901059041,2.1563171540565294,1.5330891909599589,0.85,1128.7458,0.01811708,False
6.857241202326285,0.001,0.1,10.0,0.001,0.34711334579373354,0.0,0.001,0.001,0.0001,0.0005,3.5908831889977497,2.055280564739233,16.011686348500803,0.0,8.077927990162458,20.0,8.967633414083053,0.6809566429744583,2.8642456016692575,0.0,1520.4409,0.05408315,False
0.7286679856706684,0.001,0.1,10.0,0.001,3.7891088539367517,7.183230748114387,0.001,0.001,0.0001,0.0005,2.160185649056771,10.0,2.4659429257065906,85.36152398376741,19.150030501631452,20.0,4.654708396255432,0.0,0.0,0.7553852,769.1449,0.018298026,True
4.4919716016594915,0.001,0.1,10.0,0.001,3.3494277941731774,5.783370080386467,0.001,0.001,0.0001,0.0005,3.7594529201315225,7.556402764674088,4.286286405389333,48.32764901439457,8.409167615819332,20.0,5.122331085896407,7.710441744317778,2.7841570893652317,0.85,1819.5502,0.022309972,False
30.29841726805673,0.001,0.1,10.0,0.001,4.917760447566185,0.8144064918182972,0.001,0.001,0.0001,0.0005,3.3193526086729186,7.673126752869436,8.743059949313398,65.03190717736271,10.015151490087288,20.0,6.433574111636609,10.0,10.0,0.85,3325.8997,0.027544592,False
25.89957629922705,0.001,0.1,10.0,0.001,0.0,6.287990025175429,0.001,0.001,0.0001,0.0005,2.117211289241915,5.167693878307931,0.0,73.41176685335216,3.181854867677058,20.0,6.215363608672458,10.0,10.0,0.0,2979.574,0.06380084,False
4.818349140928169,0.001,0.1,10.0,0.001,3.7189089440435676,2.5100491574899135,0.001,0.001,0.0001,0.0005,2.853537040312879,6.981024553984369,4.600940947418717,70.74670772455738,6.531014338488856,20.0,3.350820569991111,0.0,0.0,0.85,707.62866,0.012939998,False
36.48627835592231,0.001,0.1,10.0,0.001,0.6248870154961937,1.7411129223208195,0.001,0.001,0.0001,0.0005,3.841427335981079,8.934906215570296,7.035572865659452,0.0,6.951910421603447,20.0,8.208475907908943,10.0,10.0,0.85,3483.8667,0.027544592,False
3.7660206455819814,0.001,0.1,9.788122687099447,0.001,1.4495908600113028,1.9324365857886199,0.001,0.001,0.0001,0.0005,4.316908863906075,10.0,4.516206391496192,66.43284376862479,12.343468035836514,20.0,1.45946397845934,0.0,0.0,0.85,566.84216,0.008243708,False
3.6552394361721823,0.001,0.1,1.1218485957724853,0.001,1.0196228532443132,2.470519506354964,0.001,0.001,0.0001,0.0005,0.654439221555456,0.0791955171577167,0.35711773738232344,79.33692653859816,7.154054095500156,18.52247115656922,0.12238426302961694,7.591869002235715,1.9376795306459058,0.4526949,1069.5303,0.0,False
15.77381609484394,0.001,0.1,10.0,0.001,0.5230225210524116,0.958229292623485,0.001,0.001,0.0001,0.0005,4.370452949450552,5.889134630506274,3.427230391263465,76.10438502899851,6.083441871339744,20.0,6.76794169438288,7.109301178029691,6.027857417615593,0.85,2228.1104,0.024148837,False
0.0,0.001,0.1,10.0,0.001,0.0,0.0,0.001,0.001,0.0001,0.0005,6.750269206654139,9.193077017644564,0.0,83.33414716921992,3.180484185589288,20.0,5.772376505096998,0.0,0.0,0.0,602.9874,0.049854998,False
17.8033043669413,0.001,0.1,10.0,0.001,6.808197098700306,0.0599401608587315,0.001,0.001,0.0001,0.0005,3.71403374498007,4.344568597198063,10.209619638095644,4.809471145814735,1.5591311316235834,20.0,6.666465256018234,10.0,0.0,0.85,2267.769,0.021667993,False
29.687530077218288,0.001,0.1,10.0,0.001,5.388521753987957,0.0,0.001,0.001,0.0001,0.0005,2.149809314630812,6.818820003410709,7.9364823844259655,37.202051608692045,10.79247533682839,20.0,6.905336577211801,10.0,10.0,0.0,3294.79,0.06380084,False
4.386277864774896,0.001,0.1,10.0,0.001,3.2615787060832413,5.360446799528407,0.001,0.001,0.0001,0.0005,3.7837626477613,6.12115420626254,3.8905662897245237,48.156338920610374,6.924581286140664,20.0,5.148671716900109,3.8262034635220274,1.4953459057358902,0.85,1327.1135,0.01939598,False
3.165546927877288,0.001,0.1,10.0,0.001,6.717801874769478,3.2278927055666657,0.001,0.001,0.0001,0.0005,4.104356068748319,6.429419217007744,9.897232841703131,20.09608112525363,3.8725902621029284,20.0,4.95512592621436,3.2825052531692345,4.047765705164881,0.85,1591.4095,0.020719795,False
3.134245736483264,0.001,0.1,10.0,0.001,3.352265082250107,4.778290434026685,0.001,0.001,0.0001,0.0005,3.441478226210339,2.0274098304956265,2.9058595440638295,36.65859745391734,2.005717383275888,20.0,5.191783660250553,1.8872100056770282,0.7283955469654992,0.85,992.7115,0.01721683,False
18.470310734550743,0.001,0.1,10.0,0.001,6.606322482549098,0.0,0.001,0.001,0.0001,0.0005,2.172207205793054,2.8308208593969346,9.174084441226785,0.0,0.0,20.0,6.89217157205948,10.0,3.483962352540927,0.0,2510.4597,0.06025496,False
2.436626946974509,0.001,0.1,10.0,0.001,0.07967596112026182,4.3981886088317435,0.001,0.001,0.0001,0.0005,3.6236860564200013,9.40943914147246,3.8118715348465173,63.73941128581942,7.647422550708693,20.0,6.222397002655981,3.563766255861176,1.5863206527439728,0.85,1261.3901,0.019671911,True
30.245516757636093,0.001,0.1,10.0,0.001,5.092720083896326,0.014889157693676663,0.001,0.001,0.0001,0.0005,2.344349344769768,7.322121789444823,8.556947172610025,78.0259385303521,11.192212993647681,20.0,6.655781881165138,10.0,10.0,0.85,3306.9194,0.027544592,False
6.020416962562623,0.001,0.1,3.591548590317183,0.001,6.0678950425559295,5.807006124958677,0.001,0.001,0.0001,0.0005,1.4382314585661604,2.2080101785475836,10.320659449805342,12.527391933289294,16.566765123713544,18.330584408726814,5.821865069376183,0.34348825806725336,0.9642256862461198,0.85,1155.9286,0.0007644023,False
45.03163195605679,0.001,0.1,10.0,0.001,0.7660312226491679,7.615514783470937,0.001,0.001,0.0001,0.0005,2.740423349734362,6.9852929039430585,6.364838432114725,77.33278992301533,9.344879394387672,20.0,8.082672246218833,10.0,8.666963530082995,0.85,3643.4136,0.026818234,False
0.0,0.001,0.1,10.0,0.001,6.686976143607004,0.0,0.001,0.001,0.0001,0.0005,5.438028705221646,2.1506516531561912,15.820485660465394,16.288146762193726,0.0,20.0,5.518032425752132,5.245945325017235,5.481997681744657,0.0,1911.7347,0.058245145,False
16.843386609079413,0.001,0.1,10.0,0.001,1.69830778421413,2.6356167541395568,0.001,0.001,0.0001,0.0005,4.244857178776563,5.761445138511075,7.513519800233461,57.493276770729715,10.820501207807279,20.0,5.75488047247097,10.0,7.1442674464307085,0.85,2699.0542,0.025988536,False
17.73102075451414,0.001,0.1,10.0,0.001,2.1710330036621017,0.6203567991954929,0.001,0.001,0.0001,0.0005,3.315354736122545,4.126917413664332,7.332708201782482,40.711892895211754,11.35185878339881,20.0,5.5787380867524465,10.0,10.0,0.85,2884.8708,0.027544592,False
0.12642340548745076,0.001,0.1,10.0,0.001,0.21773966725079583,0.4356385287291478,0.001,0.001,0.0001,0.0005,4.797143778265961,7.4334371979193055,0.0,71.25208682336903,4.217175916128191,20.0,3.747211357413044,0.0,0.0,0.0,453.53326,0.04664377,False
3.5491880619770892,0.001,0.1,10.0,0.001,6.663514152566371,2.906089725565657,0.001,0.001,0.0001,0.0005,3.843684860706335,5.963688508251871,14.150634868107252,2.627248569301906,4.1457066216078475,20.0,4.739020004321242,0.0,3.7464078485168013,0.85,1333.5365,0.01756822,False
30.88330625198294,0.001,0.1,10.0,0.001,4.416022934373801,1.8220130152833143,0.001,0.001,0.0001,0.0005,4.581910406583344,9.457333117416265,5.833777631505518,12.981720440174543,9.566453460798213,20.0,7.071013374920421,10.0,9.702238793474503,0.85,3332.0557,0.027382344,False
0.0,0.001,0.1,10.0,0.001,2.476521554659193,0.0,0.001,0.001,0.0001,0.0005,3.8527953736342777,0.0,0.0,63.75893486605345,0.0,20.0,6.086809392982834,0.0,4.342748564006169,8.9655354e-14,919.14667,0.053132717,True
2.0192874375595147,0.001,0.1,10.0,0.001,1.2566821893666575,1.2884024167673753,0.001,0.001,0.0001,0.0005,3.3358332772056083,10.0,0.6705322183170483,77.06064415779117,10.80051784794512,20.0,2.8426841694019274,0.0,0.0,0.85,493.31494,0.01229477,False
30.221475794832266,0.001,0.1,10.0,0.001,4.924806311653169,1.9369470709237893,0.001,0.001,0.0001,0.0005,8.836493820870052,10.0,1.2977026377937042,97.09453085431028,10.547058461967524,20.0,6.511875075634652,0.0,5.727727123925714,0.85,2036.9559,0.019640878,False
3.635472582277189,0.001,0.1,10.0,0.001,3.5644088145655677,6.711476185693764,0.001,0.001,0.0001,0.0005,3.582226370201921,7.044587770474012,9.167298689422399,20.03723249603887,4.356511514092008,20.0,5.714615349053229,9.508170494494854,5.373432576991107,0.85,2315.5923,0.02477569,False
28.751134534318073,0.001,0.1,10.0,0.001,5.686981477154005,0.0,0.001,0.001,0.0001,0.0005,2.0858106695747,6.9703562330406665,4.25744702800949,0.0,11.312021842821506,20.0,7.194875505846775,10.0,10.0,0.0,3220.5703,0.06380084,False
5.221403881455349,0.001,0.1,10.0,0.001,3.8894973316769916,2.947690776214951,0.001,0.001,0.0001,0.0005,3.815322139495925,4.854122692037145,7.76267583292869,40.95396436482764,6.769254214070393,20.0,5.83663599742372,5.205758428942406,4.429332783294948,0.85,1796.9177,0.022181682,False
28.682300575016605,0.001,0.1,10.0,0.001,4.438769530876919,2.1312341812578364,0.001,0.001,0.0001,0.0005,6.272384377800757,7.34038810444586,11.817981797248224,38.96227219679565,8.311353513365892,20.0,2.8478346114989983,0.0,3.083002143462391,0.85,1712.4117,0.016258905,False
25.415253821537682,0.001,0.1,10.0,0.001,0.9280443046058074,7.155139869055716,0.001,0.001,0.0001,0.0005,3.34654755642183,7.614826266956674,20.0,0.0,10.60484663615076,20.0,3.587422294991289,0.0,4.235620124693037,0.85,1919.8167,0.017449647,False
17.104890978249603,0.001,0.1,10.0,0.001,1.4164760099214062,2.4132267160925003,0.001,0.001,0.0001,0.0005,5.150488145578943,0.0,0.0,82.32161886568275,11.965282437446023,20.0,6.338783754871347,10.0,7.546134994747117,0.0,2606.8806,0.062468395,False
4.934949485613131,0.001,0.1,10.0,0.001,6.359499596800715,3.6459237508209776,0.001,0.001,0.0001,0.0005,4.354293222641347,6.531284930735967,13.827134543088961,19.595692287609243,10.665769972628388,20.0,5.505781034044576,0.0,4.117313041845902,0.85,1475.1248,0.018128699,False
1.924823205311238,0.001,0.1,10.0,0.001,0.0,0.0,0.001,0.001,0.0001,0.0005,5.656830206121521,7.364671166103191,2.6062548821369376,51.49059868288405,5.801403932844027,20.0,7.065037397910611,6.19317676651851,2.5753392473581744,0.0,1544.4019,0.05766375,True
14.563059763565473,0.001,0.1,10.0,0.001,0.0,0.0,0.001,0.001,0.0001,0.0005,1.8552440877517276,0.0,0.0,0.0,0.0,20.0,9.05564019058138,0.003928879504998499,1.5272936457934576,0.0,1130.8042,0.052425765,False
3.8632613042446238,0.001,0.1,9.590520446153027,0.001,1.408608668818806,2.0391674425976776,0.001,0.001,0.0001,0.0005,4.2312833132886185,10.0,4.646714855200088,66.20498209166725,12.24914886783247,20.0,1.9408334347284308,0.0,0.0,0.85,598.9607,0.009048851,False
30.311509873536224,0.001,0.1,10.0,0.001,4.905743066553797,0.8368120092724495,0.001,0.001,0.0001,0.0005,3.9936251746347184,7.921779226889103,8.09448950242327,65.96812933054174,10.365202580596339,20.0,6.5115704506388,10.0,10.0,0.85,3332.5042,0.027544592,False
1.766604304597366,0.001,0.1,10.0,0.001,6.790963061041214,1.6271788489089252,0.001,0.001,0.0001,0.0005,4.429339909825702,4.118097848974152,9.375576328729515,21.867096853112614,0.0,20.0,4.977821605135722,1.7438025792726355,2.2552249878601414,0.0,1220.6309,0.052890018,False
20.18885652421379,0.001,0.1,10.0,0.001,0.0,6.592954601729257,0.001,0.001,0.0001,0.0005,1.9366771765736295,7.529650022809374,0.0,68.77104412558755,8.135382900534518,20.0,6.529357140219138,1.1234066065146633,0.04058940415801267,0.0,1266.1211,0.051327933,False
15.794149245518602,0.001,0.1,10.0,0.001,1.2666483623150335,0.0,0.001,0.001,0.0001,0.0005,3.75836204316868,1.765934653285484,2.2978971456540505,63.61739055047334,4.985814965265794,20.0,6.827402932919968,10.0,10.0,0.0,2762.965,0.06380084,True
27.671394034114762,0.001,0.1,10.0,0.001,0.3203922678825999,7.078190012554558,0.001,0.001,0.0001,0.0005,3.364111485605318,7.048486556323214,13.16232200700525,55.38316344104781,11.741780872842023,20.0,6.970973438851573,5.973120954216028,8.594260599701878,0.85,2931.1577,0.025071545,False
17.002027976819143,0.001,0.1,10.0,0.001,6.2507782470344715,0.0,0.001,0.001,0.0001,0.0005,0.4474285329362455,0.12327180434002183,9.069382132393313,0.0,0.0,20.0,6.713529968022071,3.2752567675544073,8.533707364693436,0.0,2192.9365,0.044003155,False
7.093181139711004,0.001,0.1,10.0,0.001,0.0,0.0,0.001,0.001,0.0001,0.0005,5.306936962605042,0.0,0.0,100.0,0.0,20.0,8.44178261965365,0.0,0.0,0.0,861.33386,0.05095332,False
2.8160308931455638,0.001,0.1,10.0,0.001,1.0039694907963912,1.0255184630639487,0.001,0.001,0.0001,0.0005,4.59583424190722,9.320870058889074,3.793132602490143,60.41644025444833,9.847777977528565,20.0,5.332237454901856,0.0,0.48964663044217654,0.85,777.59894,0.015381593,False
3.0966967884391114,0.001,0.1,10.0,0.001,0.7596049969322795,1.0376573610535875,0.001,0.001,0.0001,0.0005,4.775195634766504,8.28518600084453,4.5235878905064535,44.011615529510024,9.52069070645434,20.0,6.091897310265378,1.8720704433432258,2.1520649652894357,0.85,1147.5123,0.01870132,True
2.7221045729420865,0.001,0.1,10.0,0.001,6.724756526280196,2.6834498110034066,0.001,0.001,0.0001,0.0005,3.9650486199172024,5.657551335702594,9.864308285250033,21.636945129639564,2.296638276401905,20.0,4.986706341483476,1.706445845292495,3.4074649326898223,0.85,1364.3044,0.018996838,False
5.20196571004294,0.001,0.1,10.0,0.001,1.3995257459199877,6.78634974955188,0.001,0.001,0.0001,0.0005,3.694258275460831,10.0,5.654973842134457,73.10184155827577,13.199072570043421,20.0,4.991046377905607,0.0,0.0,0.85,919.28827,0.014784413,False
20.558638192944738,0.001,0.1,6.117042621861701,0.001,4.463970340957669,1.5537049213909615,0.001,0.001,0.0001,0.0005,6.713340070524182,7.866131027829145,7.71970938823764,98.35438783320187,2.060290390100075,7.816807652628591,2.087370319971044,0.5570159105717472,0.3154794405524488,0.5415249,1171.3126,0.0,False
17.590067462652886,0.001,0.1,10.0,0.001,2.170984906564068,5.025179881342493,0.001,0.001,0.0001,0.0005,3.1434937940691787,4.092807094876594,5.39010554345867,64.30704182254685,6.765723232192849,20.0,5.177906571470339,10.0,8.905020551731274,0.85,2791.0645,0.02694795,False
20.607060731419327,0.001,0.1,10.0,0.001,0.0,6.139353400087581,0.001,0.001,0.0001,0.0005,2.1088702060669093,6.22250762105451,2.2829372575091815,82.98002413612579,6.563611972918969,20.0,6.516592866722597,9.41981615598468,6.043049164789648,0.0,2561.4307,0.061403498,False
5.392069722239338,0.001,0.1,10.0,0.001,3.1730889425145357,5.539041462061302,0.001,0.001,0.0001,0.0005,3.5118568618884796,7.023757150204203,4.268439133858017,44.93531517257777,6.3790499079476,20.0,5.0987089810398825,7.825633630250311,3.544503028083434,0.85,1889.8923,0.022814173,True
3.495302806208668,0.001,0.1,10.0,0.001,2.5971249405583077,0.0,0.001,0.001,0.0001,0.0005,3.8028986556839977,0.3482613981171845,1.9320739662668198,52.549715938092376,4.165321111234838,20.0,5.885061986209329,0.4200316512086635,2.556060107201901,0.0,939.921,0.05235199,False
19.032359941433388,0.001,0.1,10.0,0.001,0.0,6.421711112411851,0.001,0.001,0.0001,0.0005,1.9868283524187356,5.111094185005733,0.12029532043896224,94.46151935089405,6.027418101826326,20.0,6.4345035269900155,1.3330526866530226,0.9086836578644799,0.0,1307.4526,0.05215523,False
0.0,0.001,0.1,10.0,0.001,7.191654795237293,0.0,0.001,0.001,0.0001,0.0005,5.717189147466266,0.0,13.233036404425311,73.67445653881357,0.0,20.0,5.329670180886117,0.0,0.0,2.7432292e-14,925.6482,0.049471706,False
6.689628329643272,0.001,0.1,10.0,0.001,4.254035785580911,3.0802230590615967,0.001,0.001,0.0001,0.0005,3.4132681346380567,7.545220593635186,6.0842825979470385,57.150144716158515,5.497027516460815,19.711481808491673,5.972231757353283,0.0,0.8880087032112132,0.85,1044.0312,0.015452202,False
44.500711360618,0.001,0.1,10.0,0.001,0.0,7.434541533433563,0.001,0.001,0.0001,0.0005,4.372529771578981,9.999999735312617,5.281084214718299,59.016658657950714,8.96883320364699,20.0,9.260375348660151,10.0,9.548223180832698,0.0,3774.3333,0.06355579,False
12.356640962592277,0.001,0.1,10.0,0.001,1.9259515512465042,0.0,0.001,0.001,0.0001,0.0005,2.8107189944441284,0.0,0.0,61.704962949863685,0.0,20.0,5.8182962422240605,0.0,3.154947264722664,0.0,1066.4418,0.05220475,False
3.7751895235189665,0.001,0.1,10.0,0.001,3.02734601866626,4.9598936006920535,0.001,0.001,0.0001,0.0005,3.1760122167376674,3.3278963389489,3.00926642627904,40.918528730846674,5.023458301483572,20.0,4.9547149256606335,3.4054777608472597,1.813098208819959,0.85,1229.5825,0.019235713,True
2.082265180932229,0.001,0.1,10.0,0.001,1.3820341100398235,1.1342332105005448,0.001,0.001,0.0001,0.0005,3.2195502843147854,10.0,2.1642435046192854,77.01202082071231,11.065219547963064,20.0,2.2493167767660043,0.0,0.0,0.85,487.80075,0.011495301,False
25.07821654587507,0.001,0.1,10.0,0.001,1.6036301161964026,7.547371834640153,0.001,0.001,0.0001,0.0005,3.7567644312486492,9.034344524266661,12.805034375106658,65.29541561770074,12.108044173334541,20.0,5.2452672088851475,10.0,9.752533317549684,0.85,3273.8474,0.02740975,False
0.0,0.001,0.1,10.0,0.001,4.446849702182835,5.276383424805404,0.001,0.001,0.0001,0.0005,3.0151555466753277,0.2670049061143654,2.79133462669631,0.0,1.386539496708721,20.0,4.9016942876668885,3.199380272316676,2.2859949873702536,0.0,1159.6118,0.05408612,False
1.8964517965800343,0.001,0.1,10.0,0.001,0.03683070462408965,6.72116950503904,0.001,0.001,0.0001,0.0005,3.147328467382739,10.0,4.221750517195221,100.0,20.0,20.0,5.344897047490117,0.0,0.0,0.85,816.66614,0.014993947,False
34.43435290964445,0.001,0.1,10.0,0.001,3.4068307188728038,3.8894138242302425,0.001,0.001,0.0001,0.0005,7.549907326156513,10.0,5.8953857606602575,0.0,7.85918399945825,20.0,10.0,10.0,10.0,0.85,3691.1028,0.027544592,False
1.3189073079698586,0.001,0.1,10.0,0.001,1.3296374624747016,1.3511205733337301,0.001,0.001,0.0001,0.0005,3.422905582252072,10.0,2.3168526787821984,77.83186736003141,10.65538220686748,20.0,3.097085896285398,0.0,0.0,0.85,530.4941,0.012617808,False
3.20965471038688,0.001,0.1,10.0,0.001,1.3403548271658485,1.7980620068415445,0.001,0.001,0.0001,0.0005,4.2622682468014155,10.0,4.502111010895314,70.19351163092001,10.57447488740025,20.0,4.370636615365261,0.0,0.7056375554151815,0.85,778.8411,0.015017776,False
8.294861399565939,0.001,0.1,10.0,0.001,2.189485782157636,6.02878243434426,0.001,0.001,0.0001,0.0005,3.7429657155971467,10.0,4.149532758086024,58.31136525716657,7.443232861399419,20.0,5.264007642299325,0.0,0.0,0.85,961.90906,0.014961971,False
0.0,0.001,0.1,10.0,0.001,0.0,5.272937554714032,0.001,0.001,0.0001,0.0005,5.144444422388121,10.0,0.0,38.36802296241588,9.961506991167099,19.33549011206686,5.200866916974013,0.0,0.8951133139216517,0.0,728.1023,0.04920178,False
4.373477980555227,0.001,0.1,10.0,0.001,1.3408610604074473,2.3036652174618077,0.001,0.001,0.0001,0.0005,4.436015898812056,10.0,5.888829405036895,66.13142754615278,10.830517962607525,20.0,4.478434572030343,0.0,0.0,0.85,798.2022,0.014272723,False
3.658803468323428,0.001,0.1,10.0,0.001,1.46449217663052,1.8174690666455926,0.001,0.001,0.0001,0.0005,4.1538207447375095,10.0,4.338889508582151,72.34137552287636,11.531736711920889,20.0,0.5008936353157516,0.0,0.0,0.85,496.29654,0.005984961,False
21.356599697225413,0.001,0.1,10.0,0.001,2.844242038883749,2.992788269078131,0.001,0.001,0.0001,0.0005,6.029329577440534,4.023372425156227,7.57270888542458,51.36144148870796,7.7285037689296265,20.0,5.248159023168306,10.0,10.0,0.85,3050.7886,0.027544592,False
11.966378538874094,0.001,0.1,3.7418806060853553,0.001,0.4123931594445964,3.61492320660421,0.001,0.001,0.0001,0.0005,2.599740981890095,6.3625423456653385,8.898095059671927,39.08448963222215,6.127846081755598,4.6647815156607235,0.12274214356412434,3.332901076733667,0.0,0.34092003,977.0355,0.0,False
28.056439085389034,0.001,0.1,10.0,0.001,5.964320155709265,0.0,0.001,0.001,0.0001,0.0005,1.7905008662454618,6.169368386861521,6.514170223496064,0.0,9.127062587053299,20.0,6.965842066472496,10.0,10.0,0.0,3227.3567,0.06380084,False
0.0,0.001,0.1,9.706624053424942,0.001,2.0145862514143396,4.493023782806894,0.001,0.001,0.0001,0.0005,2.905571543715437,6.091230153610572,1.931498055121639,41.88979282991991,4.667112073804187,20.0,4.609914395080647,0.0,0.5061277815616497,0.0,649.8596,0.048740856,False
2.0543539084512363,0.001,0.1,6.986950853494562,0.001,2.17870831944242,1.6103009079925314,0.001,0.001,0.0001,0.0005,5.304677823473546,0.5450477990627155,3.2318198034865397,92.84361049466143,17.3856012010407,2.8915825503217967,3.7096762440305047,5.5962961010304735,3.7400689601246047,0.4228588,1443.9861,0.0,False
24.8314778807262,0.001,0.1,10.0,0.001,7.207911681551124,2.7210848372092937,0.001,0.001,0.0001,0.0005,5.753522179733604,6.3109613377633265,10.132341822901129,21.178435893518976,6.789896349661943,20.0,9.551827727084582,10.0,7.36673320104927,0.85,3316.0815,0.026089313,False
22.085963216973774,0.001,0.1,10.0,0.001,1.042929629084206,7.709724009246216,0.001,0.001,0.0001,0.0005,3.6753915543616316,7.904982998545819,13.828192598172853,37.60350494548265,11.393941098205431,20.0,5.6428198365791165,10.0,10.0,0.85,3253.5754,0.027536739,False
6.96509045467332,0.001,0.1,4.519744130783057,0.001,0.6196302498793069,1.6716627357372371,0.001,0.001,0.0001,0.0005,7.644479487097327,8.703972674980418,18.534535721705115,21.558756101797098,12.451730131596648,14.08739682652943,2.845260663927034,0.3305668381035614,0.7533961179664262,0.72453743,1107.2408,0.0,False
36.42447042340925,0.001,0.1,10.0,0.001,3.4607721993703553,2.405171912073352,0.001,0.001,0.0001,0.0005,2.1913765585337526,4.971075196254542,7.883006498357843,17.259592228356198,8.265213633325972,20.0,7.562647232968466,10.0,10.0,0.85,3484.6597,0.027544592,False
3.003134431867754,0.001,0.1,10.0,0.001,1.3739431655960415,1.7975131925417631,0.001,0.001,0.0001,0.0005,3.9519232242627527,10.0,3.7959133167827086,69.0534733254122,10.908707334075771,20.0,3.421605496147672,0.0,0.0,0.85,640.3769,0.013029881,False
3.1647712930463685,0.001,0.1,10.0,0.001,3.3556336625329175,2.2435810520607347,0.001,0.001,0.0001,0.0005,3.918381007351761,4.639254069734438,4.165297438064756,46.0491604682387,4.061807463600967,20.0,5.352831692021188,0.26867786488589157,2.4127316246057324,0.85,993.2767,0.017230779,False
4.13038244205763,0.001,0.1,10.0,0.001,1.2110054002312696,2.2920559875632844,0.001,0.001,0.0001,0.0005,4.5748819844890685,9.68616878135764,5.461097803799145,54.38259720406031,11.185993348363022,20.0,4.899408220482122,0.42720662684714905,2.5004753677986673,0.85,1049.582,0.017284602,False
16.508637071723555,0.001,0.1,10.0,0.001,0.4490931806507386,0.5486778893080251,0.001,0.001,0.0001,0.0005,3.5524499984847657,5.152772344361089,2.898226127551281,48.90741137442521,6.18781756020002,20.0,6.874619550980023,8.24184667912178,7.518725802691808,0.85,2438.9524,0.025447465,False
2.3002749384623637,0.001,0.1,10.0,0.001,0.7096548985701605,1.280709726377835,0.001,0.001,0.0001,0.0005,4.413965994134243,8.794216163031054,4.575068510660249,54.086138710269424,10.25713121547819,20.0,5.938284551913061,5.142485978517635,3.8908660555709726,0.85,1564.8807,0.021843424,True
2.933924876628173,0.001,0.1,9.13267729156388,0.001,1.4904945496195872,1.6001567750348547,0.001,0.001,0.0001,0.0005,2.51881044144449,10.0,2.9442189052756502,62.95971695117232,11.82772079892051,20.0,0.0,0.0,0.0,0.85,379.15103,0.0010477854,False
0.0,0.001,0.1,9.66129356295402,0.001,4.480029833449255,5.106442627973927,0.001,0.001,0.0001,0.0005,3.4190324795377336,0.0,0.05910668699369883,0.0,0.0,20.0,4.38651225606197,0.0,0.0,3.6723415e-14,587.6831,0.04744466,False
3.988589546510398,0.001,0.1,9.546287010500167,0.001,1.3322290258697036,2.178261964972955,0.001,0.001,0.0001,0.0005,4.1789924995358545,10.0,5.010752240667895,62.00772474777164,12.031529269063157,20.0,3.182108388126632,0.0,0.0,0.85,684.4255,0.011896153,False
1.5065122484402458,0.001,0.1,10.0,0.001,0.6512340973524949,1.0774054358349798,0.001,0.001,0.0001,0.0005,4.589663978858147,9.406862189307384,3.506069591758816,61.32839942449646,9.75549426383599,20.0,5.71027818714033,1.4720033223529436,1.8436213201269718,0.85,1003.72656,0.017981563,True
1.3829890959464204,0.001,0.1,10.0,0.001,6.8363898494486275,1.2258866984985493,0.001,0.001,0.0001,0.0005,4.618450453807141,4.4046100586883,9.016896598813968,29.20881575025751,0.0,20.0,4.88409814456174,2.0576266084017405,1.120684260025003,0.0,1134.8875,0.052282713,False
13.710025126174116,0.001,0.1,10.0,0.001,2.1573902098106927,1.6522487630877027,0.001,0.001,0.0001,0.0005,5.0838617992152155,2.1608524433456675,4.762019456398373,2.355595138520246,11.710863191496832,20.0,5.612183477073995,0.0,5.514616935066416,0.85,1495.26,0.01913675,False
0.2911259582459615,0.001,0.1,10.0,0.001,1.9644271420163926,4.3067094549586,0.001,0.001,0.0001,0.0005,5.039980974144298,7.91525970263443,16.263228401691684,8.084617032293963,3.338743620955664,20.0,5.161568968599979,0.0,7.856023594515156,0.30180034,1619.8987,0.042942557,True
1.742404198579766,0.001,0.1,10.0,0.001,4.857187905432036,5.800450074145763,0.001,0.001,0.0001,0.0005,2.4187660206577015,9.14220734800394,15.270640687687266,31.738231985209286,6.442038801762977,20.0,5.5630170020655285,10.0,9.577079028017115,0.85,2772.1145,0.027314147,False
0.9112586846212187,0.001,0.1,10.0,0.001,0.5356761336234477,0.9390629490099279,0.001,0.001,0.0001,0.0005,4.7632549579122365,9.4827833411379,2.8146530655027773,66.14443795385247,9.086108563894799,20.0,5.591582944248605,0.0,0.844010772489282,0.85,747.8672,0.01576828,True
22.20327311896933,0.001,0.1,10.0,0.001,1.1183081208677865,6.950215457731038,0.001,0.001,0.0001,0.0005,2.5439776174482196,6.9758047100612135,7.069649255941624,46.486984828602466,8.375535922154997,20.0,4.78077527068668,10.0,10.0,0.85,3016.3962,0.027544592,False
2.5275778630578367,0.001,0.1,10.0,0.001,0.425310979681538,0.0,0.001,0.001,0.0001,0.0005,4.219078042610685,8.894560773191403,4.013838787587402,76.56045072441117,10.311591739857008,20.0,6.704511124991484,3.3145580618984205,1.2639987970378888,0.0,1192.8153,0.054187573,False
0.9204047672746327,0.001,0.1,10.0,0.001,0.5753513660842747,0.0,0.001,0.001,0.0001,0.0005,3.966087207107191,9.864509709003324,1.2047295792558919,88.04233585599009,9.372090726850114,20.0,4.31980599966551,0.0,0.0,0.0,539.9042,0.048129056,False
45.40063401087167,0.001,0.1,10.0,0.001,0.0,7.381917144643449,0.001,0.001,0.0001,0.0005,3.844814045368668,8.722522450602748,3.3943608849082763,73.63208787947569,10.238228525474893,20.0,9.662769389356956,10.0,10.0,0.0,3805.109,0.06380084,False
2.088333649294999,0.001,0.1,9.670502064079079,0.001,0.6217043821319755,2.627229469314281,0.001,0.001,0.0001,0.0005,3.6908964532253323,10.0,2.481584007975868,69.49433641147482,9.176586805002374,20.0,4.57691796184362,0.0,0.0,0.85,650.04846,0.013747841,False
1.1382203933130532,0.001,0.1,9.187214120278664,0.001,0.9040265673348659,2.41018644076749,0.001,0.001,0.0001,0.0005,2.9861213480095694,10.0,0.9652345760046627,79.17108278844438,9.37223816903465,20.0,2.8630632775018694,0.0,0.0,0.85,476.27582,0.010502329,False
5.301663781410532,0.001,0.1,10.0,0.001,4.674827327713248,0.0,0.001,0.001,0.0001,0.0005,3.4574953422927046,4.465227943735555,6.423853601546201,39.13034138833296,5.241650628627246,20.0,6.12488594230122,0.0,3.7889713948809827,0.0,1201.7627,0.052767467,False
2.150575685143997,0.001,0.1,10.0,0.001,5.118643680794381,4.407248052904337,0.001,0.001,0.0001,0.0005,2.1068590937653084,1.278342144951337,9.180255572450607,0.0,4.215345572809905,20.0,5.490044139572893,3.1324173384807388,4.671017265331318,0.85,1556.1917,0.021242432,True
1.6625050713597485,0.001,0.1,9.575947863326451,0.001,1.323453249011127,5.261457374099438,0.001,0.001,0.0001,0.0005,3.621563204251249,0.0,18.985286451759276,0.0,2.813686081973632,20.0,5.694606275156286,0.0,0.0,0.85,1054.9456,0.014499985,False
2.1219358649380413,0.001,0.1,10.0,0.001,0.0,2.7922913477567644,0.001,0.001,0.0001,0.0005,6.263048670626138,0.3466060630524249,1.5257166005653628,7.038562027233186,4.081975274167141,20.0,7.223242749004949,0.7601921274642518,0.0,0.0,855.29224,0.051282074,False
35.92713217976262,0.001,0.1,10.0,0.001,0.0,4.811196470524872,0.001,0.001,0.0001,0.0005,3.1161702683441055,10.0,7.284158381972889,33.97627908685038,7.264442857079105,20.0,8.58553374216742,10.0,10.0,0.0,3533.5876,0.06380084,False
16.51494120201589,0.001,0.1,10.0,0.001,6.042034940298948,0.0,0.001,0.001,0.0001,0.0005,0.349259467929878,9.679986573209767,9.558844672646273,0.0,5.83284265992728,20.0,5.5715003947665345,5.888416736782139,0.0,1.5488053e-16,1727.2617,0.034186248,False
2.0987779852743467,0.001,0.1,9.336056806018146,0.001,1.1415887585415472,2.485249104824731,0.001,0.001,0.0001,0.0005,3.0335114083192884,10.0,2.2026893343697904,74.60380408685346,9.817685995805824,20.0,3.2027259359767246,0.0,0.0,0.85,554.6196,0.011537926,False
5.743118766768789,0.001,0.1,10.0,0.001,6.462518812306664,4.174940936234577,0.001,0.001,0.0001,0.0005,3.3345101930529104,6.363635290616861,10.33921903202515,16.312348382355278,6.599505535753595,20.0,6.726753195902556,10.0,5.078290562841811,0.85,2482.391,0.02486281,False
2.4779213125323243,0.001,0.1,10.0,0.001,2.1505681535846377,0.0,0.001,0.001,0.0001,0.0005,2.8772633160337286,4.34906563334054,2.495634422736933,99.49170039627523,9.78859493344094,20.0,5.419686676138754,0.0,0.0,0.0,660.8055,0.04959139,False
36.215241206983144,0.001,0.1,10.0,0.001,0.9336491474981377,0.0,0.001,0.001,0.0001,0.0005,2.1958749868220298,8.182847283439534,7.648977926671173,26.427340010724375,13.152775938657221,20.0,8.235917585335416,9.45450580629784,10.0,1.607951e-13,3400.2917,0.06356791,True
