growth_rate,cost,production,n_batch,n_start,n_candidates,init_growth_rate,init_cost,init_production
0.85,2903.955,0.0031729832,100,50,15,0.85,2210.8624803400003,0.021073837077251217
0.85,1709.2594,0.0025041413,100,50,15,0.85,2210.8624803400003,0.021073837077251217
0.53782624,2247.1902,0.0,100,50,15,0.85,2210.8624803400003,0.021073837077251217
0.35178006,2394.4033,0.0,100,50,15,0.85,2210.8624803400003,0.021073837077251217
0.34713534,2548.5352,0.0,100,50,15,0.85,2210.8624803400003,0.021073837077251217
0.85,2375.3604,0.002651045,100,50,15,0.85,2210.8624803400003,0.021073837077251217
0.85,2451.3503,0.008331327,100,50,15,0.85,2210.8624803400003,0.021073837077251217
0.6955043,2459.9714,0.0,100,50,15,0.85,2210.8624803400003,0.021073837077251217
0.85,3189.014,0.015854439,100,50,15,0.85,2210.8624803400003,0.021073837077251217
0.70559657,1352.5525,0.0,100,50,15,0.85,2210.8624803400003,0.021073837077251217
0.28799573,1501.084,0.0,100,50,15,0.85,2210.8624803400003,0.021073837077251217
0.7023415,2032.7579,0.0,100,50,15,0.85,2210.8624803400003,0.021073837077251217
0.36064652,2504.7942,0.0,100,50,15,0.85,2210.8624803400003,0.021073837077251217
0.29430005,2045.9052,0.0,100,50,15,0.85,2210.8624803400003,0.021073837077251217
0.6984149,1466.3713,0.0,100,50,15,0.85,2210.8624803400003,0.021073837077251217
0.702663,2580.9053,0.0,100,50,15,0.85,2210.8624803400003,0.021073837077251217
0.5981775,3044.9514,0.0,100,50,15,0.85,2210.8624803400003,0.021073837077251217
0.85,2861.179,0.010321951,100,50,15,0.85,2210.8624803400003,0.021073837077251217
0.29442906,2021.0454,0.0,100,50,15,0.85,2210.8624803400003,0.021073837077251217
0.85,1797.1151,0.0042581586,100,50,15,0.85,2210.8624803400003,0.021073837077251217
0.85,2908.6675,0.006527694,100,50,15,0.85,2210.8624803400003,0.021073837077251217
0.8166726,1915.2244,0.0,100,50,15,0.85,2210.8624803400003,0.021073837077251217
0.19693072,2403.004,0.0,100,50,15,0.85,2210.8624803400003,0.021073837077251217
0.85,1884.5096,0.012847394,100,50,15,0.85,2210.8624803400003,0.021073837077251217
0.8193855,1891.6337,0.010843085,100,50,15,0.85,2210.8624803400003,0.021073837077251217
0.61451983,1587.5251,0.0,100,50,15,0.85,2210.8624803400003,0.021073837077251217
0.85,2997.4548,0.013144352,100,50,15,0.85,2210.8624803400003,0.021073837077251217
0.6155533,1594.0249,0.0,100,50,15,0.85,2210.8624803400003,0.021073837077251217
0.23317252,2640.6943,0.0,100,50,15,0.85,2210.8624803400003,0.021073837077251217
0.85,2471.459,0.008497353,100,50,15,0.85,2210.8624803400003,0.021073837077251217
0.85,2944.2542,0.0058126226,100,50,15,0.85,2210.8624803400003,0.021073837077251217
0.69484353,1624.9381,0.0,100,50,15,0.85,2210.8624803400003,0.021073837077251217
0.4715375,1897.0375,0.0,100,50,15,0.85,2210.8624803400003,0.021073837077251217
0.85,2081.3794,0.0020357294,100,50,15,0.85,2210.8624803400003,0.021073837077251217
0.71452427,2521.4,0.0,100,50,15,0.85,2210.8624803400003,0.021073837077251217
0.3855214,2733.4844,0.0,100,50,15,0.85,2210.8624803400003,0.021073837077251217
0.56914544,2008.8452,0.0,100,50,15,0.85,2210.8624803400003,0.021073837077251217
0.22135575,2284.2703,0.0,100,50,15,0.85,2210.8624803400003,0.021073837077251217
0.41602713,2846.9866,0.0,100,50,15,0.85,2210.8624803400003,0.021073837077251217
0.85,1909.6011,0.014180677,100,50,15,0.85,2210.8624803400003,0.021073837077251217
0.70032626,1755.6671,0.0,100,50,15,0.85,2210.8624803400003,0.021073837077251217
0.7871537,2473.3833,0.0,100,50,15,0.85,2210.8624803400003,0.021073837077251217
0.85,2840.5176,0.011930666,100,50,15,0.85,2210.8624803400003,0.021073837077251217
0.25695524,1280.4641,0.0,100,50,15,0.85,2210.8624803400003,0.021073837077251217
0.85,2088.2908,0.0034439482,100,50,15,0.85,2210.8624803400003,0.021073837077251217
0.468556,2271.4539,0.0,100,50,15,0.85,2210.8624803400003,0.021073837077251217
0.85,2568.7366,0.0018196704,100,50,15,0.85,2210.8624803400003,0.021073837077251217
0.85,2384.945,0.015031699,100,50,15,0.85,2210.8624803400003,0.021073837077251217
0.44875517,1949.3026,0.0,100,50,15,0.85,2210.8624803400003,0.021073837077251217
0.16528945,2309.9272,0.0,100,50,15,0.85,2210.8624803400003,0.021073837077251217
0.0,1015.38446,0.0,100,50,15,0.85,2210.8624803400003,0.021073837077251217
0.0,1156.7668,0.0,100,50,15,0.85,2210.8624803400003,0.021073837077251217
0.85,3408.0486,0.0005361923,100,50,15,0.85,2210.8624803400003,0.021073837077251217
0.0,1155.7607,0.0,100,50,15,0.85,2210.8624803400003,0.021073837077251217
0.0,1315.3004,0.051674075,100,50,15,0.85,2210.8624803400003,0.021073837077251217
0.85,2195.285,0.0030170917,100,50,15,0.85,2210.8624803400003,0.021073837077251217
0.0,1083.9331,0.0,100,50,15,0.85,2210.8624803400003,0.021073837077251217
0.0,1679.0403,0.05206711,100,50,15,0.85,2210.8624803400003,0.021073837077251217
0.0,2403.666,0.05196689,100,50,15,0.85,2210.8624803400003,0.021073837077251217
0.85,2999.9807,0.01734275,100,50,15,0.85,2210.8624803400003,0.021073837077251217
0.0,1507.9191,0.05303818,100,50,15,0.85,2210.8624803400003,0.021073837077251217
0.0,1410.1724,0.051104113,100,50,15,0.85,2210.8624803400003,0.021073837077251217
0.0,358.73746,0.0,100,50,15,0.85,2210.8624803400003,0.021073837077251217
0.0,1200.9766,0.0,100,50,15,0.85,2210.8624803400003,0.021073837077251217
0.0,1281.3673,0.002235167,100,50,15,0.85,2210.8624803400003,0.021073837077251217
0.85,3221.2742,0.017543485,100,50,15,0.85,2210.8624803400003,0.021073837077251217
0.85,3094.5242,0.020298334,100,50,15,0.85,2210.8624803400003,0.021073837077251217
1.5425727e-14,519.62726,0.025663273,100,50,15,0.85,2210.8624803400003,0.021073837077251217
0.0,484.8987,2.4840072e-06,100,50,15,0.85,2210.8624803400003,0.021073837077251217
0.85,1859.334,0.011563864,100,50,15,0.85,2210.8624803400003,0.021073837077251217
0.66616863,1570.6246,0.0,100,50,15,0.85,2210.8624803400003,0.021073837077251217
0.0,872.45746,0.028099595,100,50,15,0.85,2210.8624803400003,0.021073837077251217
0.0,433.8033,0.0,100,50,15,0.85,2210.8624803400003,0.021073837077251217
0.0,3343.0854,0.058864858,100,50,15,0.85,2210.8624803400003,0.021073837077251217
3.2291887e-30,1040.4772,0.030074583,100,50,15,0.85,2210.8624803400003,0.021073837077251217
0.85,3003.5254,0.017454965,100,50,15,0.85,2210.8624803400003,0.021073837077251217
0.0,1206.13,0.04796707,100,50,15,0.85,2210.8624803400003,0.021073837077251217
0.0,634.27386,0.037090864,100,50,15,0.85,2210.8624803400003,0.021073837077251217
0.0,987.50604,0.033825003,100,50,15,0.85,2210.8624803400003,0.021073837077251217
0.85,1909.5244,0.007456001,100,50,15,0.85,2210.8624803400003,0.021073837077251217
0.25520232,640.2914,0.0,100,50,15,0.85,2210.8624803400003,0.021073837077251217
5.289936e-14,1213.0748,0.036307596,100,50,15,0.85,2210.8624803400003,0.021073837077251217
0.0,1051.6947,0.043913517,100,50,15,0.85,2210.8624803400003,0.021073837077251217
0.0,854.56714,0.0,100,50,15,0.85,2210.8624803400003,0.021073837077251217
0.72152746,1297.5874,0.0,100,50,15,0.85,2210.8624803400003,0.021073837077251217
0.0,2338.8342,0.056169376,100,50,15,0.85,2210.8624803400003,0.021073837077251217
0.0,2774.3516,0.05463479,100,50,15,0.85,2210.8624803400003,0.021073837077251217
0.0,2095.613,0.052264947,100,50,15,0.85,2210.8624803400003,0.021073837077251217
0.85,1698.9845,0.0098779,100,50,15,0.85,2210.8624803400003,0.021073837077251217
3.200087e-17,2525.3423,1.3451743e-05,100,50,15,0.85,2210.8624803400003,0.021073837077251217
0.0,583.18726,0.0,100,50,15,0.85,2210.8624803400003,0.021073837077251217
0.0,898.4228,0.0022389896,100,50,15,0.85,2210.8624803400003,0.021073837077251217
0.0,603.05927,0.03490056,100,50,15,0.85,2210.8624803400003,0.021073837077251217
0.0,1875.1675,0.055641048,100,50,15,0.85,2210.8624803400003,0.021073837077251217
0.0,1675.1671,0.04256193,100,50,15,0.85,2210.8624803400003,0.021073837077251217
0.0,429.78018,0.0,100,50,15,0.85,2210.8624803400003,0.021073837077251217
0.0,546.93945,0.042189527,100,50,15,0.85,2210.8624803400003,0.021073837077251217
0.0,1794.4281,0.054453153,100,50,15,0.85,2210.8624803400003,0.021073837077251217
0.0,633.62286,0.04959152,100,50,15,0.85,2210.8624803400003,0.021073837077251217
0.0,1443.5813,0.048773427,100,50,15,0.85,2210.8624803400003,0.021073837077251217
0.0,465.91788,0.029914398,100,50,15,0.85,2210.8624803400003,0.021073837077251217
0.0,587.54156,0.038567413,100,50,15,0.85,2210.8624803400003,0.021073837077251217
0.0,468.6172,0.045023438,100,50,15,0.85,2210.8624803400003,0.021073837077251217
0.0,1451.4885,0.02726248,100,50,15,0.85,2210.8624803400003,0.021073837077251217
0.8343132,2808.6584,0.0,100,50,15,0.85,2210.8624803400003,0.021073837077251217
0.0,617.7505,0.047020715,100,50,15,0.85,2210.8624803400003,0.021073837077251217
0.0,516.6564,0.02133905,100,50,15,0.85,2210.8624803400003,0.021073837077251217
0.0,2736.394,0.057924118,100,50,15,0.85,2210.8624803400003,0.021073837077251217
0.0,564.8777,0.03934212,100,50,15,0.85,2210.8624803400003,0.021073837077251217
0.0,2268.3784,0.049481638,100,50,15,0.85,2210.8624803400003,0.021073837077251217
0.5639167,756.66455,0.0,100,50,15,0.85,2210.8624803400003,0.021073837077251217
0.0,1102.4386,0.05109205,100,50,15,0.85,2210.8624803400003,0.021073837077251217
0.0,445.45367,0.046167072,100,50,15,0.85,2210.8624803400003,0.021073837077251217
0.0,1202.1525,0.05463901,100,50,15,0.85,2210.8624803400003,0.021073837077251217
0.0,843.75104,0.04165289,100,50,15,0.85,2210.8624803400003,0.021073837077251217
2.2482877e-14,518.7538,0.017221473,100,50,15,0.85,2210.8624803400003,0.021073837077251217
1.483332e-13,458.18372,0.016351683,100,50,15,0.85,2210.8624803400003,0.021073837077251217
0.0,1554.426,0.04935425,100,50,15,0.85,2210.8624803400003,0.021073837077251217
0.85,2463.8333,0.0011787077,100,50,15,0.85,2210.8624803400003,0.021073837077251217
0.0,742.9921,0.026911503,100,50,15,0.85,2210.8624803400003,0.021073837077251217
0.0,1376.8601,0.029740104,100,50,15,0.85,2210.8624803400003,0.021073837077251217
0.85,1456.5359,0.00034566427,100,50,15,0.85,2210.8624803400003,0.021073837077251217
0.0,1112.8214,0.04447098,100,50,15,0.85,2210.8624803400003,0.021073837077251217
0.6238103,1512.9437,0.0,100,50,15,0.85,2210.8624803400003,0.021073837077251217
0.0,1483.3188,0.05286916,100,50,15,0.85,2210.8624803400003,0.021073837077251217
0.0,557.0661,0.044888347,100,50,15,0.85,2210.8624803400003,0.021073837077251217
0.85,1424.1494,0.016636929,100,50,15,0.85,2210.8624803400003,0.021073837077251217
1.7944165e-16,1468.2723,0.04642755,100,50,15,0.85,2210.8624803400003,0.021073837077251217
0.0,792.53705,0.04484891,100,50,15,0.85,2210.8624803400003,0.021073837077251217
0.0,869.5978,0.04918536,100,50,15,0.85,2210.8624803400003,0.021073837077251217
0.0,444.97314,0.007706142,100,50,15,0.85,2210.8624803400003,0.021073837077251217
0.0,1485.5709,0.05003096,100,50,15,0.85,2210.8624803400003,0.021073837077251217
0.0,842.68256,0.05019625,100,50,15,0.85,2210.8624803400003,0.021073837077251217
0.0,441.51138,0.0,100,50,15,0.85,2210.8624803400003,0.021073837077251217
0.32156485,1411.8397,0.0,100,50,15,0.85,2210.8624803400003,0.021073837077251217
0.7692962,1912.4574,0.0,100,50,15,0.85,2210.8624803400003,0.021073837077251217
0.0,3462.4873,0.060833417,100,50,15,0.85,2210.8624803400003,0.021073837077251217
0.0,931.3183,0.02163777,100,50,15,0.85,2210.8624803400003,0.021073837077251217
2.5218932e-17,332.07516,0.0,100,50,15,0.85,2210.8624803400003,0.021073837077251217
0.12783855,2177.3066,0.0,100,50,15,0.85,2210.8624803400003,0.021073837077251217
6.759559e-14,698.61975,0.047964178,100,50,15,0.85,2210.8624803400003,0.021073837077251217
0.85,918.31903,0.010457677,100,50,15,0.85,2210.8624803400003,0.021073837077251217
0.0,705.7556,0.044323776,100,50,15,0.85,2210.8624803400003,0.021073837077251217
0.85,2031.4349,0.022437518,100,50,15,0.85,2210.8624803400003,0.021073837077251217
8.658261e-17,655.9815,0.0025301536,100,50,15,0.85,2210.8624803400003,0.021073837077251217
0.85,1670.7339,0.0156933,100,50,15,0.85,2210.8624803400003,0.021073837077251217
0.85,1707.9886,0.018492159,100,50,15,0.85,2210.8624803400003,0.021073837077251217
0.52497935,1041.083,0.0,100,50,15,0.85,2210.8624803400003,0.021073837077251217
0.0,1036.6606,0.02393128,100,50,15,0.85,2210.8624803400003,0.021073837077251217
0.0,1066.1163,0.050048202,100,50,15,0.85,2210.8624803400003,0.021073837077251217
0.0,1391.3975,0.049694125,100,50,15,0.85,2210.8624803400003,0.021073837077251217
0.0,430.44824,0.008871246,100,50,15,0.85,2210.8624803400003,0.021073837077251217
0.0,741.7291,0.03736779,100,50,15,0.85,2210.8624803400003,0.021073837077251217
0.0,3172.8765,0.06380084,100,50,15,0.85,2210.8624803400003,0.021073837077251217
0.7186064,2280.7817,0.0,100,50,15,0.85,2210.8624803400003,0.021073837077251217
0.0,1499.4943,0.049832363,100,50,15,0.85,2210.8624803400003,0.021073837077251217
2.230088e-16,452.8451,0.0,100,50,15,0.85,2210.8624803400003,0.021073837077251217
0.0,652.9531,0.04188522,100,50,15,0.85,2210.8624803400003,0.021073837077251217
0.85,2252.4312,0.008768393,100,50,15,0.85,2210.8624803400003,0.021073837077251217
0.0,834.1327,0.043933585,100,50,15,0.85,2210.8624803400003,0.021073837077251217
0.0,1758.375,0.053271405,100,50,15,0.85,2210.8624803400003,0.021073837077251217
0.85,1065.1747,0.0075005833,100,50,15,0.85,2210.8624803400003,0.021073837077251217
0.85,1632.2914,0.015284832,100,50,15,0.85,2210.8624803400003,0.021073837077251217
0.0,535.9238,0.019785503,100,50,15,0.85,2210.8624803400003,0.021073837077251217
0.85,892.3784,0.0085894335,100,50,15,0.85,2210.8624803400003,0.021073837077251217
0.0,491.00098,0.031329,100,50,15,0.85,2210.8624803400003,0.021073837077251217
0.5034362,428.08786,0.0,100,50,15,0.85,2210.8624803400003,0.021073837077251217
0.0,970.10394,0.045483217,100,50,15,0.85,2210.8624803400003,0.021073837077251217
0.0,729.85956,0.03853122,100,50,15,0.85,2210.8624803400003,0.021073837077251217
0.0,2153.833,0.054247316,100,50,15,0.85,2210.8624803400003,0.021073837077251217
0.0,727.1912,0.04705774,100,50,15,0.85,2210.8624803400003,0.021073837077251217
6.2972354e-13,595.43384,0.04131654,100,50,15,0.85,2210.8624803400003,0.021073837077251217
3.7200996e-13,1169.0535,0.049316064,100,50,15,0.85,2210.8624803400003,0.021073837077251217
0.0,1604.6627,0.051186338,100,50,15,0.85,2210.8624803400003,0.021073837077251217
0.85,1510.5842,0.017744923,100,50,15,0.85,2210.8624803400003,0.021073837077251217
0.0,1639.1565,0.042205002,100,50,15,0.85,2210.8624803400003,0.021073837077251217
0.85,1941.6201,0.014622649,100,50,15,0.85,2210.8624803400003,0.021073837077251217
0.85,1590.3914,0.009476554,100,50,15,0.85,2210.8624803400003,0.021073837077251217
0.0,948.03925,0.047731694,100,50,15,0.85,2210.8624803400003,0.021073837077251217
0.85,1626.0103,0.006337504,100,50,15,0.85,2210.8624803400003,0.021073837077251217
0.85,1103.9066,0.005384023,100,50,15,0.85,2210.8624803400003,0.021073837077251217
0.85,1463.7091,0.0063398792,100,50,15,0.85,2210.8624803400003,0.021073837077251217
0.0,925.6443,0.05036251,100,50,15,0.85,2210.8624803400003,0.021073837077251217
9.620828e-13,1180.1017,0.052570194,100,50,15,0.85,2210.8624803400003,0.021073837077251217
0.85,825.9425,0.005612592,100,50,15,0.85,2210.8624803400003,0.021073837077251217
0.0,441.00363,0.04886417,100,50,15,0.85,2210.8624803400003,0.021073837077251217
0.85,2667.8093,0.024836808,100,50,15,0.85,2210.8624803400003,0.021073837077251217
0.005563388,1219.0077,0.0472492,100,50,15,0.85,2210.8624803400003,0.021073837077251217
0.113487475,953.9364,0.035926677,100,50,15,0.85,2210.8624803400003,0.021073837077251217
0.0,668.9704,0.022622427,100,50,15,0.85,2210.8624803400003,0.021073837077251217
0.85,1357.1451,0.011470011,100,50,15,0.85,2210.8624803400003,0.021073837077251217
0.85,2123.1702,0.01673932,100,50,15,0.85,2210.8624803400003,0.021073837077251217
0.0,719.8046,0.025510035,100,50,15,0.85,2210.8624803400003,0.021073837077251217
0.730706,1161.8728,0.0,100,50,15,0.85,2210.8624803400003,0.021073837077251217
0.85,1972.33,0.015291879,100,50,15,0.85,2210.8624803400003,0.021073837077251217
0.0,936.4663,0.04766772,100,50,15,0.85,2210.8624803400003,0.021073837077251217
0.0,512.0028,0.020759735,100,50,15,0.85,2210.8624803400003,0.021073837077251217
0.85,1252.979,0.0050869416,100,50,15,0.85,2210.8624803400003,0.021073837077251217
0.85,1351.1678,0.018511029,100,50,15,0.85,2210.8624803400003,0.021073837077251217
0.0,974.0894,0.028471472,100,50,15,0.85,2210.8624803400003,0.021073837077251217
3.699319e-14,990.6957,0.053828064,100,50,15,0.85,2210.8624803400003,0.021073837077251217
0.85,1189.033,0.008518108,100,50,15,0.85,2210.8624803400003,0.021073837077251217
0.799856,1358.3346,0.0,100,50,15,0.85,2210.8624803400003,0.021073837077251217
0.85,978.1489,0.012850149,100,50,15,0.85,2210.8624803400003,0.021073837077251217
0.0,462.43677,0.048494495,100,50,15,0.85,2210.8624803400003,0.021073837077251217
0.85,1285.9883,0.012237494,100,50,15,0.85,2210.8624803400003,0.021073837077251217
0.85,909.4845,0.00872722,100,50,15,0.85,2210.8624803400003,0.021073837077251217
0.85,2512.9656,0.020858489,100,50,15,0.85,2210.8624803400003,0.021073837077251217
0.85,1596.851,0.013354843,100,50,15,0.85,2210.8624803400003,0.021073837077251217
0.85,2543.931,0.024366755,100,50,15,0.85,2210.8624803400003,0.021073837077251217
0.85,1071.7607,0.01522185,100,50,15,0.85,2210.8624803400003,0.021073837077251217
0.85,739.49414,0.0111774,100,50,15,0.85,2210.8624803400003,0.021073837077251217
0.85,1958.3262,0.020814266,100,50,15,0.85,2210.8624803400003,0.021073837077251217
0.82974917,1104.9586,0.0,100,50,15,0.85,2210.8624803400003,0.021073837077251217
0.8461348,831.2451,0.0,100,50,15,0.85,2210.8624803400003,0.021073837077251217
0.42954174,649.5058,0.0,100,50,15,0.85,2210.8624803400003,0.021073837077251217
0.2778226,783.4269,0.0,100,50,15,0.85,2210.8624803400003,0.021073837077251217
0.85,893.821,0.0006890313,100,50,15,0.85,2210.8624803400003,0.021073837077251217
0.85,848.369,0.015504961,100,50,15,0.85,2210.8624803400003,0.021073837077251217
2.230088e-16,789.3053,0.0,100,50,15,0.85,2210.8624803400003,0.021073837077251217
0.85,1084.356,0.015812919,100,50,15,0.85,2210.8624803400003,0.021073837077251217
0.0,1824.9138,0.056984175,100,50,15,0.85,2210.8624803400003,0.021073837077251217
0.85,3090.0474,0.007551771,100,50,15,0.85,2210.8624803400003,0.021073837077251217
0.85,1148.3229,0.016840443,100,50,15,0.85,2210.8624803400003,0.021073837077251217
2.230088e-16,623.6302,0.0,100,50,15,0.85,2210.8624803400003,0.021073837077251217
0.0,352.95633,0.028099595,100,50,15,0.85,2210.8624803400003,0.021073837077251217
0.85,1519.9637,0.014994345,100,50,15,0.85,2210.8624803400003,0.021073837077251217
0.0,635.9318,0.0049581775,100,50,15,0.85,2210.8624803400003,0.021073837077251217
0.85,1426.1089,0.017865716,100,50,15,0.85,2210.8624803400003,0.021073837077251217
0.85,2294.043,0.0027817914,100,50,15,0.85,2210.8624803400003,0.021073837077251217
0.0,801.3277,0.0498368,100,50,15,0.85,2210.8624803400003,0.021073837077251217
0.0,428.1268,0.047426693,100,50,15,0.85,2210.8624803400003,0.021073837077251217
0.85,3183.8284,0.02645242,100,50,15,0.85,2210.8624803400003,0.021073837077251217
0.85,3030.4036,0.025099326,100,50,15,0.85,2210.8624803400003,0.021073837077251217
0.8497008,767.36273,0.0,100,50,15,0.85,2210.8624803400003,0.021073837077251217
0.85,2612.4265,0.025964765,100,50,15,0.85,2210.8624803400003,0.021073837077251217
0.85,1253.3206,0.016829977,100,50,15,0.85,2210.8624803400003,0.021073837077251217
0.85,2146.8945,0.021882912,100,50,15,0.85,2210.8624803400003,0.021073837077251217
4.514836e-15,2585.6208,0.058484104,100,50,15,0.85,2210.8624803400003,0.021073837077251217
0.85,934.0902,0.0068771127,100,50,15,0.85,2210.8624803400003,0.021073837077251217
0.85,1675.8129,0.020034213,100,50,15,0.85,2210.8624803400003,0.021073837077251217
0.0,1369.2911,0.053354084,100,50,15,0.85,2210.8624803400003,0.021073837077251217
0.0,612.5656,0.038108088,100,50,15,0.85,2210.8624803400003,0.021073837077251217
0.85,979.0922,0.014049567,100,50,15,0.85,2210.8624803400003,0.021073837077251217
0.0,2281.2788,0.05619288,100,50,15,0.85,2210.8624803400003,0.021073837077251217
0.85,1292.5275,0.011299889,100,50,15,0.85,2210.8624803400003,0.021073837077251217
0.85,1567.8285,0.019743368,100,50,15,0.85,2210.8624803400003,0.021073837077251217
0.85,2636.0142,0.023003923,100,50,15,0.85,2210.8624803400003,0.021073837077251217
0.0,716.24365,0.05085529,100,50,15,0.85,2210.8624803400003,0.021073837077251217
0.0,688.3046,0.03502353,100,50,15,0.85,2210.8624803400003,0.021073837077251217
0.0,678.398,0.05121612,100,50,15,0.85,2210.8624803400003,0.021073837077251217
2.3845406e-13,736.07825,0.03639533,100,50,15,0.85,2210.8624803400003,0.021073837077251217
0.85,1609.2993,0.006848059,100,50,15,0.85,2210.8624803400003,0.021073837077251217
0.85,1380.0701,0.016594982,100,50,15,0.85,2210.8624803400003,0.021073837077251217
0.85,1390.0068,0.009082142,100,50,15,0.85,2210.8624803400003,0.021073837077251217
0.85,1064.5463,0.0031389496,100,50,15,0.85,2210.8624803400003,0.021073837077251217
0.85,1732.4427,0.017926395,100,50,15,0.85,2210.8624803400003,0.021073837077251217
0.85,1001.52435,0.014791444,100,50,15,0.85,2210.8624803400003,0.021073837077251217
0.0,679.2119,0.04786372,100,50,15,0.85,2210.8624803400003,0.021073837077251217
0.0,420.0258,0.043946315,100,50,15,0.85,2210.8624803400003,0.021073837077251217
0.85,1247.6185,0.015702114,100,50,15,0.85,2210.8624803400003,0.021073837077251217
0.0,907.52844,0.03926083,100,50,15,0.85,2210.8624803400003,0.021073837077251217
0.85,773.2958,0.008812564,100,50,15,0.85,2210.8624803400003,0.021073837077251217
0.0,739.48126,0.0058582183,100,50,15,0.85,2210.8624803400003,0.021073837077251217
0.0,497.51602,0.0028266234,100,50,15,0.85,2210.8624803400003,0.021073837077251217
0.0,876.47034,0.014932188,100,50,15,0.85,2210.8624803400003,0.021073837077251217
0.85,930.41693,0.013972166,100,50,15,0.85,2210.8624803400003,0.021073837077251217
0.0,656.4671,0.032854848,100,50,15,0.85,2210.8624803400003,0.021073837077251217
0.0,573.16473,0.04224247,100,50,15,0.85,2210.8624803400003,0.021073837077251217
0.0,1092.843,0.01938918,100,50,15,0.85,2210.8624803400003,0.021073837077251217
0.0,699.8113,0.007973204,100,50,15,0.85,2210.8624803400003,0.021073837077251217
0.0,655.2875,0.038628582,100,50,15,0.85,2210.8624803400003,0.021073837077251217
0.77559483,883.004,0.0,100,50,15,0.85,2210.8624803400003,0.021073837077251217
0.0,1190.4778,0.03462813,100,50,15,0.85,2210.8624803400003,0.021073837077251217
0.85,1703.401,0.016803067,100,50,15,0.85,2210.8624803400003,0.021073837077251217
0.85,1483.6982,0.018563708,100,50,15,0.85,2210.8624803400003,0.021073837077251217
0.85,881.80054,0.014583538,100,50,15,0.85,2210.8624803400003,0.021073837077251217
0.0012210642,1315.5079,0.043762352,100,50,15,0.85,2210.8624803400003,0.021073837077251217
0.85,694.5984,0.0095835095,100,50,15,0.85,2210.8624803400003,0.021073837077251217
0.85,827.12634,0.009805646,100,50,15,0.85,2210.8624803400003,0.021073837077251217
0.0,2575.5513,0.054750267,100,50,15,0.85,2210.8624803400003,0.021073837077251217
0.0,1017.502,0.044982366,100,50,15,0.85,2210.8624803400003,0.021073837077251217
0.0,475.10077,0.046988588,100,50,15,0.85,2210.8624803400003,0.021073837077251217
0.85,920.35846,0.013871555,100,50,15,0.85,2210.8624803400003,0.021073837077251217
0.85,1254.9858,0.010327266,100,50,15,0.85,2210.8624803400003,0.021073837077251217
0.0,726.7086,0.051063664,100,50,15,0.85,2210.8624803400003,0.021073837077251217
0.85,1603.854,0.016850479,100,50,15,0.85,2210.8624803400003,0.021073837077251217
0.85,1539.7858,0.014535491,100,50,15,0.85,2210.8624803400003,0.021073837077251217
0.2631531,1214.2373,0.033198304,100,50,15,0.85,2210.8624803400003,0.021073837077251217
0.0,3765.3047,0.0628552,100,50,15,0.85,2210.8624803400003,0.021073837077251217
0.85,869.3533,0.015163469,100,50,15,0.85,2210.8624803400003,0.021073837077251217
0.85,1904.2495,0.02042063,100,50,15,0.85,2210.8624803400003,0.021073837077251217
0.85,1370.8586,0.018102393,100,50,15,0.85,2210.8624803400003,0.021073837077251217
0.85,1216.8843,0.01581904,100,50,15,0.85,2210.8624803400003,0.021073837077251217
0.0,1588.7096,0.054848008,100,50,15,0.85,2210.8624803400003,0.021073837077251217
0.0,675.0081,0.050088286,100,50,15,0.85,2210.8624803400003,0.021073837077251217
0.85,1974.9668,0.019998133,100,50,15,0.85,2210.8624803400003,0.021073837077251217
0.5601309,1099.5035,0.0,100,50,15,0.85,2210.8624803400003,0.021073837077251217
0.0,1524.637,0.045943,100,50,15,0.85,2210.8624803400003,0.021073837077251217
0.0,923.4894,0.049878877,100,50,15,0.85,2210.8624803400003,0.021073837077251217
3.0799363e-15,2602.1501,0.05734939,100,50,15,0.85,2210.8624803400003,0.021073837077251217
0.0,1152.9055,0.048643846,100,50,15,0.85,2210.8624803400003,0.021073837077251217
0.85,915.0752,0.014646907,100,50,15,0.85,2210.8624803400003,0.021073837077251217
0.0,490.6971,0.047329407,100,50,15,0.85,2210.8624803400003,0.021073837077251217
0.42990378,1905.4617,0.0,100,50,15,0.85,2210.8624803400003,0.021073837077251217
3.6722126e-32,1373.5941,0.051919147,100,50,15,0.85,2210.8624803400003,0.021073837077251217
0.0,899.0358,0.0443232,100,50,15,0.85,2210.8624803400003,0.021073837077251217
0.85,631.3703,0.0017182719,100,50,15,0.85,2210.8624803400003,0.021073837077251217
0.0,859.9453,0.0,100,50,15,0.85,2210.8624803400003,0.021073837077251217
0.24212338,1109.3826,0.0,100,50,15,0.85,2210.8624803400003,0.021073837077251217
0.0,559.3795,0.009163031,100,50,15,0.85,2210.8624803400003,0.021073837077251217
7.860545e-29,1249.5582,0.027277734,100,50,15,0.85,2210.8624803400003,0.021073837077251217
0.0,1555.148,0.0570577,100,50,15,0.85,2210.8624803400003,0.021073837077251217
0.85,2144.316,0.021587234,100,50,15,0.85,2210.8624803400003,0.021073837077251217
0.85,1159.2795,0.011453463,100,50,15,0.85,2210.8624803400003,0.021073837077251217
0.85,1528.1538,0.002702961,100,50,15,0.85,2210.8624803400003,0.021073837077251217
5.975944e-14,478.4305,0.048575114,100,50,15,0.85,2210.8624803400003,0.021073837077251217
0.85,3097.188,0.022672944,100,50,15,0.85,2210.8624803400003,0.021073837077251217
0.0,738.85913,0.009693537,100,50,15,0.85,2210.8624803400003,0.021073837077251217
0.85,1133.72,0.011718946,100,50,15,0.85,2210.8624803400003,0.021073837077251217
0.85,2548.785,0.024277268,100,50,15,0.85,2210.8624803400003,0.021073837077251217
0.85,3306.0916,0.025792377,100,50,15,0.85,2210.8624803400003,0.021073837077251217
0.85,1932.7803,0.020986274,100,50,15,0.85,2210.8624803400003,0.021073837077251217
0.85,644.19617,0.0017075568,100,50,15,0.85,2210.8624803400003,0.021073837077251217
0.85,2142.3315,0.024711963,100,50,15,0.85,2210.8624803400003,0.021073837077251217
0.0,2553.0068,0.05980712,100,50,15,0.85,2210.8624803400003,0.021073837077251217
0.85,1533.7255,0.017864661,100,50,15,0.85,2210.8624803400003,0.021073837077251217
0.85,1793.7483,0.020269897,100,50,15,0.85,2210.8624803400003,0.021073837077251217
0.85,1312.51,0.017592056,100,50,15,0.85,2210.8624803400003,0.021073837077251217
0.0,1404.9661,0.053948496,100,50,15,0.85,2210.8624803400003,0.021073837077251217
0.85,2677.5679,0.024931516,100,50,15,0.85,2210.8624803400003,0.021073837077251217
0.0,906.9772,0.051364474,100,50,15,0.85,2210.8624803400003,0.021073837077251217
0.0,1028.3607,0.049344532,100,50,15,0.85,2210.8624803400003,0.021073837077251217
7.131992e-30,762.8675,0.048658017,100,50,15,0.85,2210.8624803400003,0.021073837077251217
0.0,1622.017,0.056684274,100,50,15,0.85,2210.8624803400003,0.021073837077251217
0.85,2588.6653,0.023789803,100,50,15,0.85,2210.8624803400003,0.021073837077251217
0.0,596.76605,0.0,100,50,15,0.85,2210.8624803400003,0.021073837077251217
0.85,1102.0243,0.014561194,100,50,15,0.85,2210.8624803400003,0.021073837077251217
0.0,514.83093,0.040087353,100,50,15,0.85,2210.8624803400003,0.021073837077251217
0.85,710.27075,0.013574384,100,50,15,0.85,2210.8624803400003,0.021073837077251217
0.85,3086.2222,0.010903606,100,50,15,0.85,2210.8624803400003,0.021073837077251217
0.85,2798.9963,0.023765976,100,50,15,0.85,2210.8624803400003,0.021073837077251217
0.85,1706.3728,0.019174831,100,50,15,0.85,2210.8624803400003,0.021073837077251217
0.85,2731.5825,0.023520641,100,50,15,0.85,2210.8624803400003,0.021073837077251217
0.0,1375.9006,0.0,100,50,15,0.85,2210.8624803400003,0.021073837077251217
0.85,1363.6542,0.020336052,100,50,15,0.85,2210.8624803400003,0.021073837077251217
0.0,2113.4612,0.0,100,50,15,0.85,2210.8624803400003,0.021073837077251217
0.0,707.3752,0.049768325,100,50,15,0.85,2210.8624803400003,0.021073837077251217
0.85,2963.1711,0.025025083,100,50,15,0.85,2210.8624803400003,0.021073837077251217
1.8279176e-13,810.68604,0.04516624,100,50,15,0.85,2210.8624803400003,0.021073837077251217
0.85,1728.5717,0.018876428,100,50,15,0.85,2210.8624803400003,0.021073837077251217
0.0,516.28076,0.038518947,100,50,15,0.85,2210.8624803400003,0.021073837077251217
0.85,2182.604,0.021417726,100,50,15,0.85,2210.8624803400003,0.021073837077251217
0.0,1621.1047,0.053304352,100,50,15,0.85,2210.8624803400003,0.021073837077251217
0.0,733.9954,0.049609754,100,50,15,0.85,2210.8624803400003,0.021073837077251217
0.85,2522.8555,0.02323599,100,50,15,0.85,2210.8624803400003,0.021073837077251217
0.0,1299.9404,0.05561647,100,50,15,0.85,2210.8624803400003,0.021073837077251217
0.85,3577.4453,0.027544592,100,50,15,0.85,2210.8624803400003,0.021073837077251217
1.2976383e-13,1035.9469,0.05262328,100,50,15,0.85,2210.8624803400003,0.021073837077251217
0.85,1314.3973,0.014948571,100,50,15,0.85,2210.8624803400003,0.021073837077251217
0.85,1012.009,0.014183301,100,50,15,0.85,2210.8624803400003,0.021073837077251217
0.0,2265.0557,0.060735945,100,50,15,0.85,2210.8624803400003,0.021073837077251217
0.85,1405.5273,0.015113906,100,50,15,0.85,2210.8624803400003,0.021073837077251217
0.0,695.4948,0.039733853,100,50,15,0.85,2210.8624803400003,0.021073837077251217
3.426834e-13,685.04175,0.04923596,100,50,15,0.85,2210.8624803400003,0.021073837077251217
0.85,2531.852,0.026680103,100,50,15,0.85,2210.8624803400003,0.021073837077251217
0.85,1156.1681,0.0152159985,100,50,15,0.85,2210.8624803400003,0.021073837077251217
0.85,1072.031,0.014980918,100,50,15,0.85,2210.8624803400003,0.021073837077251217
0.0,645.61414,0.050521243,100,50,15,0.85,2210.8624803400003,0.021073837077251217
0.0,593.91437,0.049504034,100,50,15,0.85,2210.8624803400003,0.021073837077251217
0.85,2783.991,0.027544592,100,50,15,0.85,2210.8624803400003,0.021073837077251217
0.85,1921.6582,0.020218557,100,50,15,0.85,2210.8624803400003,0.021073837077251217
0.85,2239.4844,0.023537971,100,50,15,0.85,2210.8624803400003,0.021073837077251217
0.85,1432.7719,0.015812581,100,50,15,0.85,2210.8624803400003,0.021073837077251217
0.0,773.06134,0.0,100,50,15,0.85,2210.8624803400003,0.021073837077251217
0.85,1634.2081,0.019018175,100,50,15,0.85,2210.8624803400003,0.021073837077251217
0.85,2017.2169,0.019307364,100,50,15,0.85,2210.8624803400003,0.021073837077251217
0.0,386.05783,0.04275291,100,50,15,0.85,2210.8624803400003,0.021073837077251217
0.85,2625.6487,0.02177,100,50,15,0.85,2210.8624803400003,0.021073837077251217
0.85,3136.5146,0.027449539,100,50,15,0.85,2210.8624803400003,0.021073837077251217
0.85,3022.0583,0.027544592,100,50,15,0.85,2210.8624803400003,0.021073837077251217
0.85,2386.127,0.023828005,100,50,15,0.85,2210.8624803400003,0.021073837077251217
0.85,794.3367,0.015398205,100,50,15,0.85,2210.8624803400003,0.021073837077251217
0.85,2026.443,0.022420015,100,50,15,0.85,2210.8624803400003,0.021073837077251217
0.0,1079.2428,0.051565316,100,50,15,0.85,2210.8624803400003,0.021073837077251217
0.85,3223.7087,0.027544592,100,50,15,0.85,2210.8624803400003,0.021073837077251217
0.85,3256.6821,0.027544592,100,50,15,0.85,2210.8624803400003,0.021073837077251217
0.85,3090.234,0.027544592,100,50,15,0.85,2210.8624803400003,0.021073837077251217
0.85,828.676,0.010570211,100,50,15,0.85,2210.8624803400003,0.021073837077251217
0.85,613.26276,0.011710378,100,50,15,0.85,2210.8624803400003,0.021073837077251217
0.85,919.63586,0.014422196,100,50,15,0.85,2210.8624803400003,0.021073837077251217
0.85,973.1916,0.015498408,100,50,15,0.85,2210.8624803400003,0.021073837077251217
0.0,3307.4978,0.06380084,100,50,15,0.85,2210.8624803400003,0.021073837077251217
0.85,1761.9106,0.019502198,100,50,15,0.85,2210.8624803400003,0.021073837077251217
0.85,3326.2188,0.024331274,100,50,15,0.85,2210.8624803400003,0.021073837077251217
0.85,885.9289,0.00917073,100,50,15,0.85,2210.8624803400003,0.021073837077251217
0.0,344.05154,0.04149543,100,50,15,0.85,2210.8624803400003,0.021073837077251217
0.85,1129.8784,0.010598856,100,50,15,0.85,2210.8624803400003,0.021073837077251217
0.85,1760.7272,0.007107789,100,50,15,0.85,2210.8624803400003,0.021073837077251217
0.85,1471.7811,0.020819882,100,50,15,0.85,2210.8624803400003,0.021073837077251217
0.85,1295.3192,0.01866407,100,50,15,0.85,2210.8624803400003,0.021073837077251217
0.85,1751.7296,0.01671217,100,50,15,0.85,2210.8624803400003,0.021073837077251217
0.85,1444.4982,0.01779202,100,50,15,0.85,2210.8624803400003,0.021073837077251217
0.22497714,1028.7507,0.028098594,100,50,15,0.85,2210.8624803400003,0.021073837077251217
0.85,1020.9999,0.0011435575,100,50,15,0.85,2210.8624803400003,0.021073837077251217
0.85,1380.4645,0.018458778,100,50,15,0.85,2210.8624803400003,0.021073837077251217
0.85,3186.8838,0.027544592,100,50,15,0.85,2210.8624803400003,0.021073837077251217
0.0,782.41327,0.014328477,100,50,15,0.85,2210.8624803400003,0.021073837077251217
4.5647924e-14,841.78516,0.031342447,100,50,15,0.85,2210.8624803400003,0.021073837077251217
0.0,595.6809,0.03649008,100,50,15,0.85,2210.8624803400003,0.021073837077251217
0.85,1369.2837,0.0156155545,100,50,15,0.85,2210.8624803400003,0.021073837077251217
0.85,1400.3248,0.016007133,100,50,15,0.85,2210.8624803400003,0.021073837077251217
0.85,2160.6182,0.01822231,100,50,15,0.85,2210.8624803400003,0.021073837077251217
0.0,548.1211,0.049479514,100,50,15,0.85,2210.8624803400003,0.021073837077251217
0.0,1834.2432,0.057840005,100,50,15,0.85,2210.8624803400003,0.021073837077251217
0.85,1225.9447,0.016071307,100,50,15,0.85,2210.8624803400003,0.021073837077251217
0.81037545,1209.5812,0.0,100,50,15,0.85,2210.8624803400003,0.021073837077251217
4.1193255e-14,2148.6663,0.05725801,100,50,15,0.85,2210.8624803400003,0.021073837077251217
0.85,2586.2705,0.025537375,100,50,15,0.85,2210.8624803400003,0.021073837077251217
0.85,2913.7148,0.025392598,100,50,15,0.85,2210.8624803400003,0.021073837077251217
0.0,809.7557,0.04974071,100,50,15,0.85,2210.8624803400003,0.021073837077251217
0.85,3186.5527,0.026181066,100,50,15,0.85,2210.8624803400003,0.021073837077251217
0.85,1331.2087,0.012855158,100,50,15,0.85,2210.8624803400003,0.021073837077251217
0.85,3149.0173,0.026280802,100,50,15,0.85,2210.8624803400003,0.021073837077251217
0.85,2786.9817,0.025069013,100,50,15,0.85,2210.8624803400003,0.021073837077251217
4.967231e-15,2019.7299,0.059394352,100,50,15,0.85,2210.8624803400003,0.021073837077251217
0.80012596,414.95956,0.0,100,50,15,0.85,2210.8624803400003,0.021073837077251217
0.85,1037.1046,0.016409663,100,50,15,0.85,2210.8624803400003,0.021073837077251217
0.85,1029.331,0.015818948,100,50,15,0.85,2210.8624803400003,0.021073837077251217
0.0,2914.269,0.06257643,100,50,15,0.85,2210.8624803400003,0.021073837077251217
0.85,556.4099,0.008033505,100,50,15,0.85,2210.8624803400003,0.021073837077251217
0.0,559.9232,0.045806196,100,50,15,0.85,2210.8624803400003,0.021073837077251217
0.85,882.21484,0.0139321,100,50,15,0.85,2210.8624803400003,0.021073837077251217
0.85,2340.9788,0.025515929,100,50,15,0.85,2210.8624803400003,0.021073837077251217
0.85,945.15234,0.013955064,100,50,15,0.85,2210.8624803400003,0.021073837077251217
0.85,737.0948,0.0017182719,100,50,15,0.85,2210.8624803400003,0.021073837077251217
0.85,813.591,0.0010764082,100,50,15,0.85,2210.8624803400003,0.021073837077251217
0.0,1249.5712,0.054501608,100,50,15,0.85,2210.8624803400003,0.021073837077251217
0.85,889.18744,0.01314267,100,50,15,0.85,2210.8624803400003,0.021073837077251217
0.85,2206.7397,0.022633053,100,50,15,0.85,2210.8624803400003,0.021073837077251217
0.0,1186.3673,0.055132188,100,50,15,0.85,2210.8624803400003,0.021073837077251217
0.85,1095.1777,0.015550858,100,50,15,0.85,2210.8624803400003,0.021073837077251217
0.29317805,427.91733,0.0,100,50,15,0.85,2210.8624803400003,0.021073837077251217
0.85,2921.2354,0.026519677,100,50,15,0.85,2210.8624803400003,0.021073837077251217
0.85,3147.1873,0.026084106,100,50,15,0.85,2210.8624803400003,0.021073837077251217
0.85,2824.3557,0.025839822,100,50,15,0.85,2210.8624803400003,0.021073837077251217
0.85,1610.6503,0.019342855,100,50,15,0.85,2210.8624803400003,0.021073837077251217
0.0,461.57794,0.04691238,100,50,15,0.85,2210.8624803400003,0.021073837077251217
0.0,3180.914,0.062710166,100,50,15,0.85,2210.8624803400003,0.021073837077251217
0.85,2501.1797,0.019742506,100,50,15,0.85,2210.8624803400003,0.021073837077251217
0.0,979.78143,0.053046152,100,50,15,0.85,2210.8624803400003,0.021073837077251217
0.0,1952.5643,0.060004555,100,50,15,0.85,2210.8624803400003,0.021073837077251217
0.0,3684.5137,0.06339144,100,50,15,0.85,2210.8624803400003,0.021073837077251217
0.32794094,1404.5927,0.024857983,100,50,15,0.85,2210.8624803400003,0.021073837077251217
0.0,3681.8154,0.06380084,100,50,15,0.85,2210.8624803400003,0.021073837077251217
0.0,952.548,0.05271787,100,50,15,0.85,2210.8624803400003,0.021073837077251217
0.85,1400.4336,0.018140955,100,50,15,0.85,2210.8624803400003,0.021073837077251217
0.67431366,1538.3574,0.027977277,100,50,15,0.85,2210.8624803400003,0.021073837077251217
0.85,1186.7908,0.017581584,100,50,15,0.85,2210.8624803400003,0.021073837077251217
0.85,1551.2919,0.011049815,100,50,15,0.85,2210.8624803400003,0.021073837077251217
0.85,682.9276,0.015293948,100,50,15,0.85,2210.8624803400003,0.021073837077251217
0.54369384,393.72955,0.0,100,50,15,0.85,2210.8624803400003,0.021073837077251217
0.0,1281.8126,0.054030035,100,50,15,0.85,2210.8624803400003,0.021073837077251217
0.0,1766.4257,0.056321424,100,50,15,0.85,2210.8624803400003,0.021073837077251217
0.85,1227.9259,0.015614524,100,50,15,0.85,2210.8624803400003,0.021073837077251217
0.0,1006.2453,0.04988864,100,50,15,0.85,2210.8624803400003,0.021073837077251217
0.0,1642.1744,0.056258164,100,50,15,0.85,2210.8624803400003,0.021073837077251217
0.85,992.88745,0.015160956,100,50,15,0.85,2210.8624803400003,0.021073837077251217
0.85,3444.4004,0.026857313,100,50,15,0.85,2210.8624803400003,0.021073837077251217
0.85,1817.2606,0.016121682,100,50,15,0.85,2210.8624803400003,0.021073837077251217
0.13963322,1111.2548,0.04743037,100,50,15,0.85,2210.8624803400003,0.021073837077251217
0.85,886.85345,0.011118552,100,50,15,0.85,2210.8624803400003,0.021073837077251217
0.0,1971.0232,0.058401495,100,50,15,0.85,2210.8624803400003,0.021073837077251217
0.85,1136.3914,0.015504129,100,50,15,0.85,2210.8624803400003,0.021073837077251217
0.0,3326.613,0.06380084,100,50,15,0.85,2210.8624803400003,0.021073837077251217
0.85,833.1151,0.014959981,100,50,15,0.85,2210.8624803400003,0.021073837077251217
8.083764e-17,1041.2878,0.050158136,100,50,15,0.85,2210.8624803400003,0.021073837077251217
0.0,1727.3549,0.058477644,100,50,15,0.85,2210.8624803400003,0.021073837077251217
0.85,1435.2488,0.019131057,100,50,15,0.85,2210.8624803400003,0.021073837077251217
1.5158358e-13,1072.993,0.05314429,100,50,15,0.85,2210.8624803400003,0.021073837077251217
0.61618805,985.1603,0.0,100,50,15,0.85,2210.8624803400003,0.021073837077251217
0.85,1708.2047,0.02154392,100,50,15,0.85,2210.8624803400003,0.021073837077251217
0.0,1960.8368,0.058340482,100,50,15,0.85,2210.8624803400003,0.021073837077251217
0.6069356,1301.1508,0.0,100,50,15,0.85,2210.8624803400003,0.021073837077251217
0.85,912.1159,0.015998239,100,50,15,0.85,2210.8624803400003,0.021073837077251217
0.0,2286.4497,0.06166588,100,50,15,0.85,2210.8624803400003,0.021073837077251217
0.85,1139.8108,0.017396856,100,50,15,0.85,2210.8624803400003,0.021073837077251217
0.0,763.5357,0.048718642,100,50,15,0.85,2210.8624803400003,0.021073837077251217
0.85,1965.3917,0.023288224,100,50,15,0.85,2210.8624803400003,0.021073837077251217
0.85,1063.1085,0.016046485,100,50,15,0.85,2210.8624803400003,0.021073837077251217
0.0,1092.2509,0.048254155,100,50,15,0.85,2210.8624803400003,0.021073837077251217
0.0,1167.8833,0.046383195,100,50,15,0.85,2210.8624803400003,0.021073837077251217
0.0,1575.092,0.054264784,100,50,15,0.85,2210.8624803400003,0.021073837077251217
0.85,846.7051,0.013590739,100,50,15,0.85,2210.8624803400003,0.021073837077251217
0.85,1305.5676,0.015883356,100,50,15,0.85,2210.8624803400003,0.021073837077251217
0.85,875.8916,0.012332544,100,50,15,0.85,2210.8624803400003,0.021073837077251217
0.54843867,1072.5422,0.0,100,50,15,0.85,2210.8624803400003,0.021073837077251217
0.0,3535.5095,0.063749805,100,50,15,0.85,2210.8624803400003,0.021073837077251217
0.015810627,537.3842,0.0,100,50,15,0.85,2210.8624803400003,0.021073837077251217
0.0,865.8066,0.04887288,100,50,15,0.85,2210.8624803400003,0.021073837077251217
0.0,460.5361,0.04909924,100,50,15,0.85,2210.8624803400003,0.021073837077251217
0.85,2191.7996,0.02492124,100,50,15,0.85,2210.8624803400003,0.021073837077251217
0.6995789,486.24353,0.0,100,50,15,0.85,2210.8624803400003,0.021073837077251217
0.5128332,1261.8121,0.0,100,50,15,0.85,2210.8624803400003,0.021073837077251217
0.85,678.2876,0.014055369,100,50,15,0.85,2210.8624803400003,0.021073837077251217
0.0,3732.3718,0.063340425,100,50,15,0.85,2210.8624803400003,0.021073837077251217
0.0,381.46942,0.04697621,100,50,15,0.85,2210.8624803400003,0.021073837077251217
0.0,734.78986,0.0390125,100,50,15,0.85,2210.8624803400003,0.021073837077251217
0.85,707.7778,0.0017182719,100,50,15,0.85,2210.8624803400003,0.021073837077251217
0.85,593.4812,0.0012506478,100,50,15,0.85,2210.8624803400003,0.021073837077251217
0.85,3075.259,0.025335876,100,50,15,0.85,2210.8624803400003,0.021073837077251217
0.85,1073.3287,0.015448372,100,50,15,0.85,2210.8624803400003,0.021073837077251217
0.85,1588.3811,0.020420503,100,50,15,0.85,2210.8624803400003,0.021073837077251217
0.85,1149.7997,0.015899992,100,50,15,0.85,2210.8624803400003,0.021073837077251217
0.0,1458.3844,0.036635727,100,50,15,0.85,2210.8624803400003,0.021073837077251217
0.85,909.18475,0.012512596,100,50,15,0.85,2210.8624803400003,0.021073837077251217
0.85,782.74023,0.014358034,100,50,15,0.85,2210.8624803400003,0.021073837077251217
0.85,954.1915,0.015017959,100,50,15,0.85,2210.8624803400003,0.021073837077251217
0.85,550.203,0.0146141965,100,50,15,0.85,2210.8624803400003,0.021073837077251217
0.0,543.01825,0.0,100,50,15,0.85,2210.8624803400003,0.021073837077251217
0.85,1347.3054,0.019969404,100,50,15,0.85,2210.8624803400003,0.021073837077251217
0.0,647.48895,0.0,100,50,15,0.85,2210.8624803400003,0.021073837077251217
0.85,1062.7979,0.017491195,100,50,15,0.85,2210.8624803400003,0.021073837077251217
0.85,1010.6583,0.017661912,100,50,15,0.85,2210.8624803400003,0.021073837077251217
0.0,678.7564,0.04955585,100,50,15,0.85,2210.8624803400003,0.021073837077251217
0.85,804.6946,0.0001431797,100,50,15,0.85,2210.8624803400003,0.021073837077251217
0.0,1144.5155,0.049126927,100,50,15,0.85,2210.8624803400003,0.021073837077251217
0.0,1547.2628,0.05244298,100,50,15,0.85,2210.8624803400003,0.021073837077251217
0.0,2786.0496,0.061793786,100,50,15,0.85,2210.8624803400003,0.021073837077251217
0.85,2517.504,0.023714518,100,50,15,0.85,2210.8624803400003,0.021073837077251217
0.85,2796.1794,0.025832558,100,50,15,0.85,2210.8624803400003,0.021073837077251217
5.64295e-16,2501.314,0.06288984,100,50,15,0.85,2210.8624803400003,0.021073837077251217
0.0,748.1014,0.0,100,50,15,0.85,2210.8624803400003,0.021073837077251217
0.85,2819.01,0.027544592,100,50,15,0.85,2210.8624803400003,0.021073837077251217
0.85,2199.5564,0.016611574,100,50,15,0.85,2210.8624803400003,0.021073837077251217
0.85,3036.115,0.027544592,100,50,15,0.85,2210.8624803400003,0.021073837077251217
0.8398313,1175.2834,0.0,100,50,15,0.85,2210.8624803400003,0.021073837077251217
0.85,1700.0314,0.021273559,100,50,15,0.85,2210.8624803400003,0.021073837077251217
0.85,2201.8445,0.02186932,100,50,15,0.85,2210.8624803400003,0.021073837077251217
0.85,2701.8074,0.027544592,100,50,15,0.85,2210.8624803400003,0.021073837077251217
0.85,524.9538,0.010075841,100,50,15,0.85,2210.8624803400003,0.021073837077251217
0.85,3806.583,0.02741775,100,50,15,0.85,2210.8624803400003,0.021073837077251217
0.85,1044.3654,0.01694936,100,50,15,0.85,2210.8624803400003,0.021073837077251217
0.85,3881.7456,0.027544592,100,50,15,0.85,2210.8624803400003,0.021073837077251217
0.85,786.34033,0.0111026745,100,50,15,0.85,2210.8624803400003,0.021073837077251217
0.0,854.28986,0.05245287,100,50,15,0.85,2210.8624803400003,0.021073837077251217
0.85,788.079,0.013318407,100,50,15,0.85,2210.8624803400003,0.021073837077251217
0.23521566,900.91174,0.0,100,50,15,0.85,2210.8624803400003,0.021073837077251217
0.16694711,2086.3396,0.025929319,100,50,15,0.85,2210.8624803400003,0.021073837077251217
0.85,590.77203,0.0104887225,100,50,15,0.85,2210.8624803400003,0.021073837077251217
0.85,1806.439,0.021634562,100,50,15,0.85,2210.8624803400003,0.021073837077251217
0.85,1840.7938,0.020608578,100,50,15,0.85,2210.8624803400003,0.021073837077251217
0.85,1614.549,0.020873087,100,50,15,0.85,2210.8624803400003,0.021073837077251217
0.0,3636.577,0.06380084,100,50,15,0.85,2210.8624803400003,0.021073837077251217
0.85,948.97186,0.014410733,100,50,15,0.85,2210.8624803400003,0.021073837077251217
0.85,1145.4517,0.015133002,100,50,15,0.85,2210.8624803400003,0.021073837077251217
4.660468e-16,2558.8433,0.06380084,100,50,15,0.85,2210.8624803400003,0.021073837077251217
0.85,2730.149,0.027544592,100,50,15,0.85,2210.8624803400003,0.021073837077251217
0.85,673.36694,0.014640027,100,50,15,0.85,2210.8624803400003,0.021073837077251217
0.85,417.50946,0.0069388575,100,50,15,0.85,2210.8624803400003,0.021073837077251217
0.85,3238.0386,0.027544592,100,50,15,0.85,2210.8624803400003,0.021073837077251217
0.85,3370.4465,0.026687872,100,50,15,0.85,2210.8624803400003,0.021073837077251217
0.85,483.33038,0.012697089,100,50,15,0.85,2210.8624803400003,0.021073837077251217
0.85,788.6163,0.015295123,100,50,15,0.85,2210.8624803400003,0.021073837077251217
0.85,852.26483,0.015625654,100,50,15,0.85,2210.8624803400003,0.021073837077251217
0.85,1442.1952,0.01749375,100,50,15,0.85,2210.8624803400003,0.021073837077251217
0.0,1494.234,0.053816445,100,50,15,0.85,2210.8624803400003,0.021073837077251217
0.85,1314.847,0.011611586,100,50,15,0.85,2210.8624803400003,0.021073837077251217
0.85,874.61,0.013036398,100,50,15,0.85,2210.8624803400003,0.021073837077251217
0.85,3016.791,0.027177006,100,50,15,0.85,2210.8624803400003,0.021073837077251217
0.85,1126.4458,0.018449983,100,50,15,0.85,2210.8624803400003,0.021073837077251217
0.85,3719.4187,0.027544592,100,50,15,0.85,2210.8624803400003,0.021073837077251217
0.85,1954.3014,0.022737049,100,50,15,0.85,2210.8624803400003,0.021073837077251217
0.0,1552.1351,0.04584337,100,50,15,0.85,2210.8624803400003,0.021073837077251217
0.0,446.32367,0.048207212,100,50,15,0.85,2210.8624803400003,0.021073837077251217
0.85,958.43475,0.016874848,100,50,15,0.85,2210.8624803400003,0.021073837077251217
1.406256e-13,483.42877,0.04130165,100,50,15,0.85,2210.8624803400003,0.021073837077251217
0.85,667.225,0.0145022115,100,50,15,0.85,2210.8624803400003,0.021073837077251217
0.85,951.35657,0.016926263,100,50,15,0.85,2210.8624803400003,0.021073837077251217
0.85,1181.5371,0.018286884,100,50,15,0.85,2210.8624803400003,0.021073837077251217
0.85,1520.9019,0.020712439,100,50,15,0.85,2210.8624803400003,0.021073837077251217
0.85,2217.3354,0.023518113,100,50,15,0.85,2210.8624803400003,0.021073837077251217
0.85,2841.388,0.021831315,100,50,15,0.85,2210.8624803400003,0.021073837077251217
0.72815603,1055.922,0.0,100,50,15,0.85,2210.8624803400003,0.021073837077251217
0.85,2680.2268,0.025324492,100,50,15,0.85,2210.8624803400003,0.021073837077251217
0.0,2313.4675,0.06245885,100,50,15,0.85,2210.8624803400003,0.021073837077251217
0.0,3783.703,0.039471783,100,50,15,0.85,2210.8624803400003,0.021073837077251217
0.2945377,1022.99976,0.0,100,50,15,0.85,2210.8624803400003,0.021073837077251217
0.85,1073.7155,0.01273578,100,50,15,0.85,2210.8624803400003,0.021073837077251217
0.0,496.87454,0.04557987,100,50,15,0.85,2210.8624803400003,0.021073837077251217
0.0,1336.41,0.053096548,100,50,15,0.85,2210.8624803400003,0.021073837077251217
0.0,714.79785,0.049967006,100,50,15,0.85,2210.8624803400003,0.021073837077251217
0.85,542.71857,0.006275656,100,50,15,0.85,2210.8624803400003,0.021073837077251217
0.56435174,961.1319,0.0,100,50,15,0.85,2210.8624803400003,0.021073837077251217
0.0,3260.823,0.062378418,100,50,15,0.85,2210.8624803400003,0.021073837077251217
0.6806462,432.8946,0.0,100,50,15,0.85,2210.8624803400003,0.021073837077251217
0.0,2625.3643,0.0,100,50,15,0.85,2210.8624803400003,0.021073837077251217
0.0,567.1777,0.047534257,100,50,15,0.85,2210.8624803400003,0.021073837077251217
0.85,2964.815,0.02657847,100,50,15,0.85,2210.8624803400003,0.021073837077251217
0.85,871.7789,0.015013298,100,50,15,0.85,2210.8624803400003,0.021073837077251217
0.85,1942.0072,0.0229843,100,50,15,0.85,2210.8624803400003,0.021073837077251217
0.85,2352.9707,0.02350498,100,50,15,0.85,2210.8624803400003,0.021073837077251217
0.85,911.2912,0.016817635,100,50,15,0.85,2210.8624803400003,0.021073837077251217
2.7699063e-14,823.6235,0.028099595,100,50,15,0.85,2210.8624803400003,0.021073837077251217
0.0,3462.5264,0.06380084,100,50,15,0.85,2210.8624803400003,0.021073837077251217
0.85,995.8553,0.015340598,100,50,15,0.85,2210.8624803400003,0.021073837077251217
0.0,1439.1974,0.05394267,100,50,15,0.85,2210.8624803400003,0.021073837077251217
0.85,1213.401,0.018205697,100,50,15,0.85,2210.8624803400003,0.021073837077251217
0.85,1060.6665,0.016407402,100,50,15,0.85,2210.8624803400003,0.021073837077251217
0.0,636.4888,0.045776475,100,50,15,0.85,2210.8624803400003,0.021073837077251217
0.0,420.02414,0.044178918,100,50,15,0.85,2210.8624803400003,0.021073837077251217
0.0,1272.7329,0.053539507,100,50,15,0.85,2210.8624803400003,0.021073837077251217
0.0,3144.2656,0.0635734,100,50,15,0.85,2210.8624803400003,0.021073837077251217
0.0,1593.9117,0.054458037,100,50,15,0.85,2210.8624803400003,0.021073837077251217
0.0,3176.0825,0.060841817,100,50,15,0.85,2210.8624803400003,0.021073837077251217
0.85,490.46213,0.0017182719,100,50,15,0.85,2210.8624803400003,0.021073837077251217
0.85,1808.5857,0.011180784,100,50,15,0.85,2210.8624803400003,0.021073837077251217
0.0,654.0099,0.04543728,100,50,15,0.85,2210.8624803400003,0.021073837077251217
0.0,1582.0591,0.026291687,100,50,15,0.85,2210.8624803400003,0.021073837077251217
0.0,824.9466,0.046662316,100,50,15,0.85,2210.8624803400003,0.021073837077251217
0.85,2588.259,0.026640415,100,50,15,0.85,2210.8624803400003,0.021073837077251217
0.85,728.65686,0.012946028,100,50,15,0.85,2210.8624803400003,0.021073837077251217
0.0,3287.2625,0.06380084,100,50,15,0.85,2210.8624803400003,0.021073837077251217
0.85,858.7678,0.01517993,100,50,15,0.85,2210.8624803400003,0.021073837077251217
0.0,337.42865,0.044263802,100,50,15,0.85,2210.8624803400003,0.021073837077251217
0.85,1641.963,0.020981245,100,50,15,0.85,2210.8624803400003,0.021073837077251217
0.0,2065.676,0.058647446,100,50,15,0.85,2210.8624803400003,0.021073837077251217
0.0924925,2996.302,0.0,100,50,15,0.85,2210.8624803400003,0.021073837077251217
0.0,1869.6854,0.0,100,50,15,0.85,2210.8624803400003,0.021073837077251217
0.85,1920.56,0.022204302,100,50,15,0.85,2210.8624803400003,0.021073837077251217
0.85,2385.544,0.020777578,100,50,15,0.85,2210.8624803400003,0.021073837077251217
0.11349388,999.863,0.023450863,100,50,15,0.85,2210.8624803400003,0.021073837077251217
0.72956353,893.7596,0.02120985,100,50,15,0.85,2210.8624803400003,0.021073837077251217
0.85,2520.3062,0.025487838,100,50,15,0.85,2210.8624803400003,0.021073837077251217
0.85,3307.3484,0.026641972,100,50,15,0.85,2210.8624803400003,0.021073837077251217
0.85,2506.2263,0.026412113,100,50,15,0.85,2210.8624803400003,0.021073837077251217
0.85,1138.7642,0.010289365,100,50,15,0.85,2210.8624803400003,0.021073837077251217
0.0,2232.4395,0.05510987,100,50,15,0.85,2210.8624803400003,0.021073837077251217
0.85,2499.3018,0.0231608,100,50,15,0.85,2210.8624803400003,0.021073837077251217
0.0,2004.6516,0.05680825,100,50,15,0.85,2210.8624803400003,0.021073837077251217
0.85,2021.7812,0.021831667,100,50,15,0.85,2210.8624803400003,0.021073837077251217
0.0,777.73816,0.048571788,100,50,15,0.85,2210.8624803400003,0.021073837077251217
0.85,973.1496,0.0155651765,100,50,15,0.85,2210.8624803400003,0.021073837077251217
0.0,1371.9906,0.048806265,100,50,15,0.85,2210.8624803400003,0.021073837077251217
0.0,885.8331,0.049366266,100,50,15,0.85,2210.8624803400003,0.021073837077251217
0.85,915.7947,0.015262367,100,50,15,0.85,2210.8624803400003,0.021073837077251217
0.85,631.8933,0.013663176,100,50,15,0.85,2210.8624803400003,0.021073837077251217
0.85,1781.9321,0.015134603,100,50,15,0.85,2210.8624803400003,0.021073837077251217
0.11833853,1910.9708,0.04916823,100,50,15,0.85,2210.8624803400003,0.021073837077251217
0.85,976.14325,0.009886988,100,50,15,0.85,2210.8624803400003,0.021073837077251217
0.85,682.19385,0.0149532845,100,50,15,0.85,2210.8624803400003,0.021073837077251217
0.0,1868.659,0.05529992,100,50,15,0.85,2210.8624803400003,0.021073837077251217
0.85,555.13666,0.01178055,100,50,15,0.85,2210.8624803400003,0.021073837077251217
0.85,3317.0605,0.027544592,100,50,15,0.85,2210.8624803400003,0.021073837077251217
0.0,1074.4808,0.052927494,100,50,15,0.85,2210.8624803400003,0.021073837077251217
0.0,2744.8044,0.06295582,100,50,15,0.85,2210.8624803400003,0.021073837077251217
0.85,693.793,0.014288241,100,50,15,0.85,2210.8624803400003,0.021073837077251217
0.85,803.2654,0.015356236,100,50,15,0.85,2210.8624803400003,0.021073837077251217
0.85,3223.0764,0.027544592,100,50,15,0.85,2210.8624803400003,0.021073837077251217
0.85,626.81885,0.013052112,100,50,15,0.85,2210.8624803400003,0.021073837077251217
0.85,1242.5103,0.015336534,100,50,15,0.85,2210.8624803400003,0.021073837077251217
0.85,1009.9851,0.015826972,100,50,15,0.85,2210.8624803400003,0.021073837077251217
0.85,1755.119,0.021390725,100,50,15,0.85,2210.8624803400003,0.021073837077251217
0.0,1273.9237,0.05364765,100,50,15,0.85,2210.8624803400003,0.021073837077251217
0.85,3723.159,0.027544592,100,50,15,0.85,2210.8624803400003,0.021073837077251217
0.85,983.5402,0.017460687,100,50,15,0.85,2210.8624803400003,0.021073837077251217
0.85,569.0148,0.00795201,100,50,15,0.85,2210.8624803400003,0.021073837077251217
0.70298326,568.4967,0.0,100,50,15,0.85,2210.8624803400003,0.021073837077251217
0.85,843.43335,0.015705148,100,50,15,0.85,2210.8624803400003,0.021073837077251217
0.85,789.4831,0.015167626,100,50,15,0.85,2210.8624803400003,0.021073837077251217
0.85,453.9261,0.013144517,100,50,15,0.85,2210.8624803400003,0.021073837077251217
0.85,2765.2368,0.026703693,100,50,15,0.85,2210.8624803400003,0.021073837077251217
0.85,2032.8978,0.022548323,100,50,15,0.85,2210.8624803400003,0.021073837077251217
0.85,718.58954,0.015199963,100,50,15,0.85,2210.8624803400003,0.021073837077251217
0.85,852.34717,0.014919017,100,50,15,0.85,2210.8624803400003,0.021073837077251217
0.85,3571.4937,0.026933039,100,50,15,0.85,2210.8624803400003,0.021073837077251217
0.85,727.86505,0.0017182719,100,50,15,0.85,2210.8624803400003,0.021073837077251217
0.85,1239.8077,0.012267652,100,50,15,0.85,2210.8624803400003,0.021073837077251217
0.85,3003.6572,0.027544592,100,50,15,0.85,2210.8624803400003,0.021073837077251217
0.0,671.46747,0.04921225,100,50,15,0.85,2210.8624803400003,0.021073837077251217
0.85,3585.941,0.027544592,100,50,15,0.85,2210.8624803400003,0.021073837077251217
0.0,1994.1211,0.059173886,100,50,15,0.85,2210.8624803400003,0.021073837077251217
0.0,444.01324,0.0483826,100,50,15,0.85,2210.8624803400003,0.021073837077251217
0.0,876.207,0.05042969,100,50,15,0.85,2210.8624803400003,0.021073837077251217
0.0,2007.1296,0.0,100,50,15,0.85,2210.8624803400003,0.021073837077251217
0.85,2004.7272,0.020979643,100,50,15,0.85,2210.8624803400003,0.021073837077251217
0.0,1876.5853,0.05087051,100,50,15,0.85,2210.8624803400003,0.021073837077251217
0.85,790.5114,0.014037953,100,50,15,0.85,2210.8624803400003,0.021073837077251217
0.85,2389.3362,0.026968129,100,50,15,0.85,2210.8624803400003,0.021073837077251217
0.85,1237.9509,0.016370818,100,50,15,0.85,2210.8624803400003,0.021073837077251217
0.85,2656.2048,0.022711486,100,50,15,0.85,2210.8624803400003,0.021073837077251217
0.85,2986.8267,0.024824422,100,50,15,0.85,2210.8624803400003,0.021073837077251217
0.85,1880.1127,0.02056591,100,50,15,0.85,2210.8624803400003,0.021073837077251217
0.85,1302.0029,0.017020747,100,50,15,0.85,2210.8624803400003,0.021073837077251217
0.85,3504.8105,0.025457079,100,50,15,0.85,2210.8624803400003,0.021073837077251217
0.85,1971.4265,0.02246856,100,50,15,0.85,2210.8624803400003,0.021073837077251217
0.0,652.13324,0.04804411,100,50,15,0.85,2210.8624803400003,0.021073837077251217
0.85,683.44366,0.012214011,100,50,15,0.85,2210.8624803400003,0.021073837077251217
0.85,674.94495,0.012699508,100,50,15,0.85,2210.8624803400003,0.021073837077251217
3.2704264e-14,950.6047,0.051455986,100,50,15,0.85,2210.8624803400003,0.021073837077251217
0.85,611.5737,0.01369767,100,50,15,0.85,2210.8624803400003,0.021073837077251217
0.85,776.9656,0.01386904,100,50,15,0.85,2210.8624803400003,0.021073837077251217
0.0,981.9975,0.05253778,100,50,15,0.85,2210.8624803400003,0.021073837077251217
0.85,3493.774,0.02648998,100,50,15,0.85,2210.8624803400003,0.021073837077251217
0.0,1873.6937,0.05672676,100,50,15,0.85,2210.8624803400003,0.021073837077251217
0.0,1448.9778,0.052428734,100,50,15,0.85,2210.8624803400003,0.021073837077251217
0.85,1261.0294,0.016648058,100,50,15,0.85,2210.8624803400003,0.021073837077251217
9.381367e-15,824.44257,0.05071473,100,50,15,0.85,2210.8624803400003,0.021073837077251217
0.85,1953.5612,0.021937395,100,50,15,0.85,2210.8624803400003,0.021073837077251217
0.0,682.6904,0.04979613,100,50,15,0.85,2210.8624803400003,0.021073837077251217
0.85,2651.3455,0.02415383,100,50,15,0.85,2210.8624803400003,0.021073837077251217
0.85,760.7419,0.015118317,100,50,15,0.85,2210.8624803400003,0.021073837077251217
0.0,3682.1301,0.06380084,100,50,15,0.85,2210.8624803400003,0.021073837077251217
0.85,2283.0833,0.025072798,100,50,15,0.85,2210.8624803400003,0.021073837077251217
0.85,3198.9692,0.026671601,100,50,15,0.85,2210.8624803400003,0.021073837077251217
0.85,574.06537,0.008593078,100,50,15,0.85,2210.8624803400003,0.021073837077251217
0.85,1102.6896,0.0031034758,100,50,15,0.85,2210.8624803400003,0.021073837077251217
0.25618723,1015.10864,0.0,100,50,15,0.85,2210.8624803400003,0.021073837077251217
0.7458574,1888.6472,0.02764802,100,50,15,0.85,2210.8624803400003,0.021073837077251217
0.0,718.31506,0.05016163,100,50,15,0.85,2210.8624803400003,0.021073837077251217
0.0,3097.5142,0.06364597,100,50,15,0.85,2210.8624803400003,0.021073837077251217
0.7544267,679.6725,0.018922277,100,50,15,0.85,2210.8624803400003,0.021073837077251217
0.85,2403.7307,0.025388556,100,50,15,0.85,2210.8624803400003,0.021073837077251217
0.0,864.12335,0.05216005,100,50,15,0.85,2210.8624803400003,0.021073837077251217
0.85,1535.4918,0.020508267,100,50,15,0.85,2210.8624803400003,0.021073837077251217
0.0,771.0557,0.04883362,100,50,15,0.85,2210.8624803400003,0.021073837077251217
0.85,2903.755,0.025404122,100,50,15,0.85,2210.8624803400003,0.021073837077251217
0.85,3408.8582,0.027436687,100,50,15,0.85,2210.8624803400003,0.021073837077251217
0.85,3421.5586,0.02751598,100,50,15,0.85,2210.8624803400003,0.021073837077251217
0.85,2812.1323,0.021560472,100,50,15,0.85,2210.8624803400003,0.021073837077251217
0.0,681.63165,0.049311787,100,50,15,0.85,2210.8624803400003,0.021073837077251217
0.85,3225.4927,0.027195873,100,50,15,0.85,2210.8624803400003,0.021073837077251217
0.85,1744.2875,0.017376637,100,50,15,0.85,2210.8624803400003,0.021073837077251217
0.43979922,764.66547,0.032080796,100,50,15,0.85,2210.8624803400003,0.021073837077251217
0.0,491.60516,0.04247487,100,50,15,0.85,2210.8624803400003,0.021073837077251217
0.85,903.29376,0.016467163,100,50,15,0.85,2210.8624803400003,0.021073837077251217
0.85,474.60666,0.012653011,100,50,15,0.85,2210.8624803400003,0.021073837077251217
0.85,652.59393,0.002394966,100,50,15,0.85,2210.8624803400003,0.021073837077251217
0.0,532.28406,0.004928811,100,50,15,0.85,2210.8624803400003,0.021073837077251217
0.85,777.03485,0.0080406265,100,50,15,0.85,2210.8624803400003,0.021073837077251217
0.80241156,457.6604,0.0,100,50,15,0.85,2210.8624803400003,0.021073837077251217
0.85,1633.6583,0.021575155,100,50,15,0.85,2210.8624803400003,0.021073837077251217
0.0,650.57983,0.048731975,100,50,15,0.85,2210.8624803400003,0.021073837077251217
0.0,1180.4386,0.05059233,100,50,15,0.85,2210.8624803400003,0.021073837077251217
0.85,815.49945,0.015457679,100,50,15,0.85,2210.8624803400003,0.021073837077251217
0.0,453.22107,0.04694463,100,50,15,0.85,2210.8624803400003,0.021073837077251217
0.85,701.8772,0.012815645,100,50,15,0.85,2210.8624803400003,0.021073837077251217
0.0,1447.5933,0.05382371,100,50,15,0.85,2210.8624803400003,0.021073837077251217
0.85,643.4909,0.011416145,100,50,15,0.85,2210.8624803400003,0.021073837077251217
1.5712072e-13,517.1139,0.049693096,100,50,15,0.85,2210.8624803400003,0.021073837077251217
0.0,3377.7979,0.061493013,100,50,15,0.85,2210.8624803400003,0.021073837077251217
0.85,2231.5227,0.023324227,100,50,15,0.85,2210.8624803400003,0.021073837077251217
0.85,1763.8125,0.020898158,100,50,15,0.85,2210.8624803400003,0.021073837077251217
0.0,567.63074,0.0,100,50,15,0.85,2210.8624803400003,0.021073837077251217
0.85,560.1082,0.011031212,100,50,15,0.85,2210.8624803400003,0.021073837077251217
0.018309198,1654.7516,0.056076422,100,50,15,0.85,2210.8624803400003,0.021073837077251217
0.85,470.18414,0.002023348,100,50,15,0.85,2210.8624803400003,0.021073837077251217
0.0,1335.9941,0.055023685,100,50,15,0.85,2210.8624803400003,0.021073837077251217
0.85,663.1902,0.012040211,100,50,15,0.85,2210.8624803400003,0.021073837077251217
0.85,1503.2217,0.018315896,100,50,15,0.85,2210.8624803400003,0.021073837077251217
0.0,3407.013,0.063482784,100,50,15,0.85,2210.8624803400003,0.021073837077251217
0.85,2471.6858,0.02640441,100,50,15,0.85,2210.8624803400003,0.021073837077251217
0.0,844.71674,0.050841246,100,50,15,0.85,2210.8624803400003,0.021073837077251217
0.85,3443.7358,0.027544592,100,50,15,0.85,2210.8624803400003,0.021073837077251217
0.85,914.32733,0.0017182719,100,50,15,0.85,2210.8624803400003,0.021073837077251217
0.0,949.9556,0.051983066,100,50,15,0.85,2210.8624803400003,0.021073837077251217
9.988836e-16,1470.8242,0.05486612,100,50,15,0.85,2210.8624803400003,0.021073837077251217
0.0,2003.7594,0.051193744,100,50,15,0.85,2210.8624803400003,0.021073837077251217
0.85,1917.1539,0.007891391,100,50,15,0.85,2210.8624803400003,0.021073837077251217
0.0,617.10516,0.050835606,100,50,15,0.85,2210.8624803400003,0.021073837077251217
0.85,2668.1157,0.025963485,100,50,15,0.85,2210.8624803400003,0.021073837077251217
0.85,1258.7767,0.018656645,100,50,15,0.85,2210.8624803400003,0.021073837077251217
0.0,725.0406,0.051139887,100,50,15,0.85,2210.8624803400003,0.021073837077251217
0.85,2675.7805,0.026116101,100,50,15,0.85,2210.8624803400003,0.021073837077251217
0.85,2104.6565,0.02182832,100,50,15,0.85,2210.8624803400003,0.021073837077251217
0.85,877.6016,0.014955404,100,50,15,0.85,2210.8624803400003,0.021073837077251217
0.85,2838.9321,0.026567135,100,50,15,0.85,2210.8624803400003,0.021073837077251217
0.85,1469.748,0.017347127,100,50,15,0.85,2210.8624803400003,0.021073837077251217
0.85,3442.7947,0.027544592,100,50,15,0.85,2210.8624803400003,0.021073837077251217
0.85,1403.7242,0.020986015,100,50,15,0.85,2210.8624803400003,0.021073837077251217
3.0511033e-15,1117.3198,0.05165446,100,50,15,0.85,2210.8624803400003,0.021073837077251217
0.85,2176.0906,0.02109219,100,50,15,0.85,2210.8624803400003,0.021073837077251217
2.230088e-16,1103.0731,0.0,100,50,15,0.85,2210.8624803400003,0.021073837077251217
0.0,395.9048,0.04707816,100,50,15,0.85,2210.8624803400003,0.021073837077251217
0.85,785.40515,0.015448826,100,50,15,0.85,2210.8624803400003,0.021073837077251217
0.0,612.7659,0.04837407,100,50,15,0.85,2210.8624803400003,0.021073837077251217
0.0,3388.9822,0.04088055,100,50,15,0.85,2210.8624803400003,0.021073837077251217
0.85,932.2195,0.015173765,100,50,15,0.85,2210.8624803400003,0.021073837077251217
0.0,3655.4458,0.06340517,100,50,15,0.85,2210.8624803400003,0.021073837077251217
0.85,1157.9369,0.017627506,100,50,15,0.85,2210.8624803400003,0.021073837077251217
0.85,408.05658,0.009414979,100,50,15,0.85,2210.8624803400003,0.021073837077251217
0.85,1429.572,0.019782677,100,50,15,0.85,2210.8624803400003,0.021073837077251217
0.85,912.3536,0.016443804,100,50,15,0.85,2210.8624803400003,0.021073837077251217
0.0,808.93,0.051382408,100,50,15,0.85,2210.8624803400003,0.021073837077251217
0.85,745.4456,0.015180187,100,50,15,0.85,2210.8624803400003,0.021073837077251217
0.0,2556.5168,0.062407628,100,50,15,0.85,2210.8624803400003,0.021073837077251217
0.85,3294.457,0.026991524,100,50,15,0.85,2210.8624803400003,0.021073837077251217
0.85,3382.977,0.026903909,100,50,15,0.85,2210.8624803400003,0.021073837077251217
0.85,465.297,0.0017182719,100,50,15,0.85,2210.8624803400003,0.021073837077251217
0.85,2351.772,0.025623845,100,50,15,0.85,2210.8624803400003,0.021073837077251217
0.85,1187.8308,0.019010086,100,50,15,0.85,2210.8624803400003,0.021073837077251217
0.85,2611.727,0.025403231,100,50,15,0.85,2210.8624803400003,0.021073837077251217
0.85,1666.2874,0.022158206,100,50,15,0.85,2210.8624803400003,0.021073837077251217
0.0,525.4265,0.039374843,100,50,15,0.85,2210.8624803400003,0.021073837077251217
0.85,1161.3984,0.018844938,100,50,15,0.85,2210.8624803400003,0.021073837077251217
0.85,1248.8501,0.015504746,100,50,15,0.85,2210.8624803400003,0.021073837077251217
0.85,2246.4517,0.024542537,100,50,15,0.85,2210.8624803400003,0.021073837077251217
0.85,2972.021,0.027544592,100,50,15,0.85,2210.8624803400003,0.021073837077251217
0.0,520.7374,0.041704547,100,50,15,0.85,2210.8624803400003,0.021073837077251217
0.321191,1294.6989,0.0,100,50,15,0.85,2210.8624803400003,0.021073837077251217
0.85,3725.0767,0.027544592,100,50,15,0.85,2210.8624803400003,0.021073837077251217
4.2322123e-16,3118.9705,0.06380084,100,50,15,0.85,2210.8624803400003,0.021073837077251217
0.0,2914.4482,0.024562648,100,50,15,0.85,2210.8624803400003,0.021073837077251217
0.83771974,1379.5049,0.0,100,50,15,0.85,2210.8624803400003,0.021073837077251217
0.85,3723.6042,0.027524602,100,50,15,0.85,2210.8624803400003,0.021073837077251217
0.0,653.3133,0.049774624,100,50,15,0.85,2210.8624803400003,0.021073837077251217
0.85,3374.709,0.027313372,100,50,15,0.85,2210.8624803400003,0.021073837077251217
0.0,3542.865,0.06289334,100,50,15,0.85,2210.8624803400003,0.021073837077251217
0.0,578.22644,0.04858962,100,50,15,0.85,2210.8624803400003,0.021073837077251217
0.0,3064.0361,0.060345884,100,50,15,0.85,2210.8624803400003,0.021073837077251217
0.85,2233.6157,0.023120658,100,50,15,0.85,2210.8624803400003,0.021073837077251217
0.85,1041.108,0.017271591,100,50,15,0.85,2210.8624803400003,0.021073837077251217
0.85,714.35925,0.014064712,100,50,15,0.85,2210.8624803400003,0.021073837077251217
0.85,2605.1536,0.027207177,100,50,15,0.85,2210.8624803400003,0.021073837077251217
0.0,743.6907,0.049361743,100,50,15,0.85,2210.8624803400003,0.021073837077251217
0.85,826.0751,0.011378615,100,50,15,0.85,2210.8624803400003,0.021073837077251217
0.16232543,1599.0714,0.0,100,50,15,0.85,2210.8624803400003,0.021073837077251217
0.85,1099.1958,0.015225309,100,50,15,0.85,2210.8624803400003,0.021073837077251217
0.85,1809.2947,0.017019035,100,50,15,0.85,2210.8624803400003,0.021073837077251217
0.85,1662.784,0.013901493,100,50,15,0.85,2210.8624803400003,0.021073837077251217
4.0257337e-13,1929.3628,0.059359513,100,50,15,0.85,2210.8624803400003,0.021073837077251217
0.85,531.0831,0.011614933,100,50,15,0.85,2210.8624803400003,0.021073837077251217
0.85,759.18475,0.015035748,100,50,15,0.85,2210.8624803400003,0.021073837077251217
0.0,923.1632,0.051219847,100,50,15,0.85,2210.8624803400003,0.021073837077251217
0.85,2175.9182,0.021047033,100,50,15,0.85,2210.8624803400003,0.021073837077251217
0.85,1518.504,0.018685853,100,50,15,0.85,2210.8624803400003,0.021073837077251217
0.85,1281.2926,0.018926479,100,50,15,0.85,2210.8624803400003,0.021073837077251217
0.85,3379.5427,0.027544592,100,50,15,0.85,2210.8624803400003,0.021073837077251217
0.0,407.9332,0.0,100,50,15,0.85,2210.8624803400003,0.021073837077251217
0.85,1307.1976,0.018373305,100,50,15,0.85,2210.8624803400003,0.021073837077251217
0.85,785.60895,0.014958978,100,50,15,0.85,2210.8624803400003,0.021073837077251217
0.0,1203.5138,0.05012474,100,50,15,0.85,2210.8624803400003,0.021073837077251217
0.7462267,2437.7961,0.0,100,50,15,0.85,2210.8624803400003,0.021073837077251217
0.0,1013.4487,0.033102967,100,50,15,0.85,2210.8624803400003,0.021073837077251217
0.85,2862.7854,0.027544592,100,50,15,0.85,2210.8624803400003,0.021073837077251217
0.85,750.92206,0.014629249,100,50,15,0.85,2210.8624803400003,0.021073837077251217
0.85,1210.0242,0.015708594,100,50,15,0.85,2210.8624803400003,0.021073837077251217
0.0,1544.8217,0.055832975,100,50,15,0.85,2210.8624803400003,0.021073837077251217
0.85,2436.8513,0.026134556,100,50,15,0.85,2210.8624803400003,0.021073837077251217
0.0,1709.8445,0.053578053,100,50,15,0.85,2210.8624803400003,0.021073837077251217
0.0,2767.4504,0.061844006,100,50,15,0.85,2210.8624803400003,0.021073837077251217
0.0,1042.9905,0.054754175,100,50,15,0.85,2210.8624803400003,0.021073837077251217
0.85,3676.677,0.027544592,100,50,15,0.85,2210.8624803400003,0.021073837077251217
0.85,966.12744,0.016206536,100,50,15,0.85,2210.8624803400003,0.021073837077251217
0.85,658.9292,0.0025868088,100,50,15,0.85,2210.8624803400003,0.021073837077251217
0.85,1318.2152,0.016821286,100,50,15,0.85,2210.8624803400003,0.021073837077251217
0.85,2440.937,0.020395271,100,50,15,0.85,2210.8624803400003,0.021073837077251217
0.85,869.51135,0.015072825,100,50,15,0.85,2210.8624803400003,0.021073837077251217
0.85,496.51474,0.0061104987,100,50,15,0.85,2210.8624803400003,0.021073837077251217
0.85,662.166,0.015134448,100,50,15,0.85,2210.8624803400003,0.021073837077251217
0.23058698,964.7406,0.03936212,100,50,15,0.85,2210.8624803400003,0.021073837077251217
0.85,1381.3074,0.012213263,100,50,15,0.85,2210.8624803400003,0.021073837077251217
0.85,529.1447,0.0075871362,100,50,15,0.85,2210.8624803400003,0.021073837077251217
0.85,573.0673,0.013698252,100,50,15,0.85,2210.8624803400003,0.021073837077251217
0.85,2593.1797,0.02557271,100,50,15,0.85,2210.8624803400003,0.021073837077251217
0.0,2398.0713,0.061384104,100,50,15,0.85,2210.8624803400003,0.021073837077251217
0.7359189,1052.3304,0.0,100,50,15,0.85,2210.8624803400003,0.021073837077251217
0.85,573.5311,0.011659459,100,50,15,0.85,2210.8624803400003,0.021073837077251217
0.85,1990.2086,0.023450444,100,50,15,0.85,2210.8624803400003,0.021073837077251217
0.0,3313.638,0.061430924,100,50,15,0.85,2210.8624803400003,0.021073837077251217
0.85,503.11655,0.011973014,100,50,15,0.85,2210.8624803400003,0.021073837077251217
0.85,919.4331,0.0140567925,100,50,15,0.85,2210.8624803400003,0.021073837077251217
0.85,1274.5603,0.017179161,100,50,15,0.85,2210.8624803400003,0.021073837077251217
0.85,963.2972,0.011284677,100,50,15,0.85,2210.8624803400003,0.021073837077251217
2.6990972e-16,2206.6729,0.057225887,100,50,15,0.85,2210.8624803400003,0.021073837077251217
0.0,2192.55,0.057763916,100,50,15,0.85,2210.8624803400003,0.021073837077251217
5.8950253e-15,882.65137,0.050486322,100,50,15,0.85,2210.8624803400003,0.021073837077251217
0.85,1208.6349,0.018569307,100,50,15,0.85,2210.8624803400003,0.021073837077251217
0.85,2092.7466,0.024322974,100,50,15,0.85,2210.8624803400003,0.021073837077251217
0.85,2703.9583,0.02424742,100,50,15,0.85,2210.8624803400003,0.021073837077251217
0.45591176,770.9686,0.030000752,100,50,15,0.85,2210.8624803400003,0.021073837077251217
0.85,2990.6074,0.026374806,100,50,15,0.85,2210.8624803400003,0.021073837077251217
0.0,800.731,0.0,100,50,15,0.85,2210.8624803400003,0.021073837077251217
0.85,1041.8578,0.01528667,100,50,15,0.85,2210.8624803400003,0.021073837077251217
0.0,2574.6497,0.057092544,100,50,15,0.85,2210.8624803400003,0.021073837077251217
0.0,1846.5128,0.057360817,100,50,15,0.85,2210.8624803400003,0.021073837077251217
0.0,2248.0867,0.060375158,100,50,15,0.85,2210.8624803400003,0.021073837077251217
5.29578e-29,3649.8022,0.06302322,100,50,15,0.85,2210.8624803400003,0.021073837077251217
0.85,2440.3547,0.01473872,100,50,15,0.85,2210.8624803400003,0.021073837077251217
0.0,3020.3127,0.059552338,100,50,15,0.85,2210.8624803400003,0.021073837077251217
0.85,799.72705,0.014572549,100,50,15,0.85,2210.8624803400003,0.021073837077251217
0.0,461.36578,0.040534385,100,50,15,0.85,2210.8624803400003,0.021073837077251217
0.85,493.66968,0.0074208365,100,50,15,0.85,2210.8624803400003,0.021073837077251217
0.85,1547.0308,0.020555453,100,50,15,0.85,2210.8624803400003,0.021073837077251217
0.85,2738.803,0.026704129,100,50,15,0.85,2210.8624803400003,0.021073837077251217
0.85,1217.3644,0.01780586,100,50,15,0.85,2210.8624803400003,0.021073837077251217
0.85,2585.441,0.022756906,100,50,15,0.85,2210.8624803400003,0.021073837077251217
0.85,1018.6386,0.012734998,100,50,15,0.85,2210.8624803400003,0.021073837077251217
0.0,496.206,0.043581955,100,50,15,0.85,2210.8624803400003,0.021073837077251217
0.85,955.45233,0.015242245,100,50,15,0.85,2210.8624803400003,0.021073837077251217
0.85,1559.001,0.017904988,100,50,15,0.85,2210.8624803400003,0.021073837077251217
0.85,965.1376,0.016155047,100,50,15,0.85,2210.8624803400003,0.021073837077251217
0.85,868.3378,0.014826769,100,50,15,0.85,2210.8624803400003,0.021073837077251217
0.85,1448.0676,0.019982858,100,50,15,0.85,2210.8624803400003,0.021073837077251217
7.852693e-14,2593.883,0.06284184,100,50,15,0.85,2210.8624803400003,0.021073837077251217
0.85,843.1938,0.016226288,100,50,15,0.85,2210.8624803400003,0.021073837077251217
0.0,570.0344,0.049720388,100,50,15,0.85,2210.8624803400003,0.021073837077251217
2.8545176e-32,691.36456,0.049366765,100,50,15,0.85,2210.8624803400003,0.021073837077251217
0.0,1243.4679,0.05387479,100,50,15,0.85,2210.8624803400003,0.021073837077251217
0.85,1651.9185,0.021154447,100,50,15,0.85,2210.8624803400003,0.021073837077251217
0.44857758,990.19434,0.034377012,100,50,15,0.85,2210.8624803400003,0.021073837077251217
0.85,947.413,0.004713008,100,50,15,0.85,2210.8624803400003,0.021073837077251217
0.85,1666.7836,0.02261206,100,50,15,0.85,2210.8624803400003,0.021073837077251217
0.85,1260.659,0.017815981,100,50,15,0.85,2210.8624803400003,0.021073837077251217
0.85,688.1583,0.012085811,100,50,15,0.85,2210.8624803400003,0.021073837077251217
0.85,1203.5117,0.00963748,100,50,15,0.85,2210.8624803400003,0.021073837077251217
0.85,2640.3376,0.024843223,100,50,15,0.85,2210.8624803400003,0.021073837077251217
0.85,873.6229,0.016356232,100,50,15,0.85,2210.8624803400003,0.021073837077251217
0.0,1525.6312,0.055721585,100,50,15,0.85,2210.8624803400003,0.021073837077251217
0.85,2935.8071,0.022799676,100,50,15,0.85,2210.8624803400003,0.021073837077251217
0.85,512.1083,0.011872199,100,50,15,0.85,2210.8624803400003,0.021073837077251217
0.85,592.95374,0.013233007,100,50,15,0.85,2210.8624803400003,0.021073837077251217
2.846967e-14,2472.0977,0.06018763,100,50,15,0.85,2210.8624803400003,0.021073837077251217
0.85,857.11993,0.010267443,100,50,15,0.85,2210.8624803400003,0.021073837077251217
0.0,590.0289,0.047365513,100,50,15,0.85,2210.8624803400003,0.021073837077251217
0.85,1338.5829,0.019812386,100,50,15,0.85,2210.8624803400003,0.021073837077251217
0.0,674.1768,0.047739103,100,50,15,0.85,2210.8624803400003,0.021073837077251217
0.0,1200.695,0.054131623,100,50,15,0.85,2210.8624803400003,0.021073837077251217
0.7334969,740.0429,0.0,100,50,15,0.85,2210.8624803400003,0.021073837077251217
0.85,551.6026,0.0071491795,100,50,15,0.85,2210.8624803400003,0.021073837077251217
0.0,566.78015,0.04405352,100,50,15,0.85,2210.8624803400003,0.021073837077251217
0.0,445.85065,0.0078714695,100,50,15,0.85,2210.8624803400003,0.021073837077251217
0.85,535.8044,0.0107822325,100,50,15,0.85,2210.8624803400003,0.021073837077251217
0.0,1202.1038,0.05376023,100,50,15,0.85,2210.8624803400003,0.021073837077251217
0.5082591,974.50244,0.0,100,50,15,0.85,2210.8624803400003,0.021073837077251217
0.85,521.9741,0.011899609,100,50,15,0.85,2210.8624803400003,0.021073837077251217
0.85,2764.6938,0.026477458,100,50,15,0.85,2210.8624803400003,0.021073837077251217
0.85,3654.5652,0.027544592,100,50,15,0.85,2210.8624803400003,0.021073837077251217
0.85,1940.0956,0.021732658,100,50,15,0.85,2210.8624803400003,0.021073837077251217
0.0,787.97614,0.05078349,100,50,15,0.85,2210.8624803400003,0.021073837077251217
0.85,1856.9152,0.021291135,100,50,15,0.85,2210.8624803400003,0.021073837077251217
0.85,721.58295,0.013215654,100,50,15,0.85,2210.8624803400003,0.021073837077251217
0.85,1935.6241,0.021383777,100,50,15,0.85,2210.8624803400003,0.021073837077251217
0.85,835.91345,0.01111003,100,50,15,0.85,2210.8624803400003,0.021073837077251217
0.85,3661.5203,0.027544592,100,50,15,0.85,2210.8624803400003,0.021073837077251217
0.0,3447.7876,0.0,100,50,15,0.85,2210.8624803400003,0.021073837077251217
0.0,970.62494,0.049224246,100,50,15,0.85,2210.8624803400003,0.021073837077251217
0.0,874.88617,0.045053873,100,50,15,0.85,2210.8624803400003,0.021073837077251217
0.85,628.703,0.013579414,100,50,15,0.85,2210.8624803400003,0.021073837077251217
0.0,510.26483,0.04758397,100,50,15,0.85,2210.8624803400003,0.021073837077251217
0.0,846.90894,0.05116126,100,50,15,0.85,2210.8624803400003,0.021073837077251217
0.0,1391.0441,0.05685552,100,50,15,0.85,2210.8624803400003,0.021073837077251217
0.85,681.3388,0.014217718,100,50,15,0.85,2210.8624803400003,0.021073837077251217
0.0,1088.4299,0.050459653,100,50,15,0.85,2210.8624803400003,0.021073837077251217
0.85,937.538,0.01590349,100,50,15,0.85,2210.8624803400003,0.021073837077251217
0.85,1000.3185,0.012281997,100,50,15,0.85,2210.8624803400003,0.021073837077251217
0.85,2053.823,0.020566665,100,50,15,0.85,2210.8624803400003,0.021073837077251217
0.85,3556.7778,0.027544592,100,50,15,0.85,2210.8624803400003,0.021073837077251217
0.0,3036.7004,0.06364888,100,50,15,0.85,2210.8624803400003,0.021073837077251217
0.85,602.86615,0.01017619,100,50,15,0.85,2210.8624803400003,0.021073837077251217
0.0,734.15295,0.019309565,100,50,15,0.85,2210.8624803400003,0.021073837077251217
0.85,810.34326,0.015381209,100,50,15,0.85,2210.8624803400003,0.021073837077251217
0.85,1810.6794,0.015485236,100,50,15,0.85,2210.8624803400003,0.021073837077251217
0.85,3521.8918,0.027544592,100,50,15,0.85,2210.8624803400003,0.021073837077251217
0.14484084,802.03094,0.043797012,100,50,15,0.85,2210.8624803400003,0.021073837077251217
0.85,1260.198,0.018903835,100,50,15,0.85,2210.8624803400003,0.021073837077251217
0.85,759.8667,0.015103104,100,50,15,0.85,2210.8624803400003,0.021073837077251217
0.85,1933.2198,0.02278547,100,50,15,0.85,2210.8624803400003,0.021073837077251217
0.0,468.62595,0.039449103,100,50,15,0.85,2210.8624803400003,0.021073837077251217
2.230088e-16,580.5862,0.0,100,50,15,0.85,2210.8624803400003,0.021073837077251217
0.85,1068.1022,0.017018355,100,50,15,0.85,2210.8624803400003,0.021073837077251217
0.85,883.3159,0.012061448,100,50,15,0.85,2210.8624803400003,0.021073837077251217
2.7240406e-13,1109.8938,0.055316795,100,50,15,0.85,2210.8624803400003,0.021073837077251217
0.85,1379.8208,0.019476132,100,50,15,0.85,2210.8624803400003,0.021073837077251217
0.0,738.35876,0.0,100,50,15,0.85,2210.8624803400003,0.021073837077251217
0.21150453,1085.8428,0.0,100,50,15,0.85,2210.8624803400003,0.021073837077251217
0.0,1168.2943,0.052502897,100,50,15,0.85,2210.8624803400003,0.021073837077251217
0.85,2194.3064,0.023796251,100,50,15,0.85,2210.8624803400003,0.021073837077251217
0.16779761,249.52342,0.0,100,50,15,0.85,2210.8624803400003,0.021073837077251217
0.85,2618.9883,0.025335858,100,50,15,0.85,2210.8624803400003,0.021073837077251217
0.85,1469.081,0.018925404,100,50,15,0.85,2210.8624803400003,0.021073837077251217
0.85,1139.7172,0.015120743,100,50,15,0.85,2210.8624803400003,0.021073837077251217
0.85,503.779,0.0113272155,100,50,15,0.85,2210.8624803400003,0.021073837077251217
0.85,616.2992,0.012440676,100,50,15,0.85,2210.8624803400003,0.021073837077251217
0.85,574.90765,0.009652483,100,50,15,0.85,2210.8624803400003,0.021073837077251217
0.85,806.4927,0.014711554,100,50,15,0.85,2210.8624803400003,0.021073837077251217
0.85,1674.25,0.020106334,100,50,15,0.85,2210.8624803400003,0.021073837077251217
0.14195035,541.6384,0.04017871,100,50,15,0.85,2210.8624803400003,0.021073837077251217
0.0,604.5574,0.04782504,100,50,15,0.85,2210.8624803400003,0.021073837077251217
0.0,1406.9425,0.054507304,100,50,15,0.85,2210.8624803400003,0.021073837077251217
0.85,422.37274,0.01100516,100,50,15,0.85,2210.8624803400003,0.021073837077251217
0.0,879.26154,0.05108153,100,50,15,0.85,2210.8624803400003,0.021073837077251217
0.7391051,901.2941,0.0,100,50,15,0.85,2210.8624803400003,0.021073837077251217
0.5249378,531.1795,0.0,100,50,15,0.85,2210.8624803400003,0.021073837077251217
0.85,817.8793,0.012259561,100,50,15,0.85,2210.8624803400003,0.021073837077251217
0.85,1443.6321,0.01896657,100,50,15,0.85,2210.8624803400003,0.021073837077251217
0.85,2377.6719,0.023720313,100,50,15,0.85,2210.8624803400003,0.021073837077251217
8.0336464e-16,832.29553,0.050794583,100,50,15,0.85,2210.8624803400003,0.021073837077251217
0.85,685.98926,0.0116769355,100,50,15,0.85,2210.8624803400003,0.021073837077251217
6.3001557e-15,1054.4435,0.04973274,100,50,15,0.85,2210.8624803400003,0.021073837077251217
0.85,1134.9443,0.016503586,100,50,15,0.85,2210.8624803400003,0.021073837077251217
0.85,1061.0614,0.016004963,100,50,15,0.85,2210.8624803400003,0.021073837077251217
0.85,2617.7825,0.027042327,100,50,15,0.85,2210.8624803400003,0.021073837077251217
1.2657341e-15,457.50742,0.04484725,100,50,15,0.85,2210.8624803400003,0.021073837077251217
0.85,472.11874,0.0058944384,100,50,15,0.85,2210.8624803400003,0.021073837077251217
0.85,811.6949,0.014827109,100,50,15,0.85,2210.8624803400003,0.021073837077251217
1.698776e-15,2714.227,0.06112318,100,50,15,0.85,2210.8624803400003,0.021073837077251217
0.0,383.51007,0.0,100,50,15,0.85,2210.8624803400003,0.021073837077251217
0.0,1040.0862,0.04850197,100,50,15,0.85,2210.8624803400003,0.021073837077251217
0.85,2728.8281,0.026004246,100,50,15,0.85,2210.8624803400003,0.021073837077251217
0.85,1909.158,0.021619717,100,50,15,0.85,2210.8624803400003,0.021073837077251217
0.85,3137.4631,0.024652848,100,50,15,0.85,2210.8624803400003,0.021073837077251217
0.0,286.37024,0.0,100,50,15,0.85,2210.8624803400003,0.021073837077251217
0.85,2455.3513,0.019296657,100,50,15,0.85,2210.8624803400003,0.021073837077251217
0.0,508.9256,0.045964513,100,50,15,0.85,2210.8624803400003,0.021073837077251217
0.85,753.63446,0.013215382,100,50,15,0.85,2210.8624803400003,0.021073837077251217
3.923397e-16,916.6392,0.049863335,100,50,15,0.85,2210.8624803400003,0.021073837077251217
0.85,3533.3481,0.026703719,100,50,15,0.85,2210.8624803400003,0.021073837077251217
0.85,1730.3477,0.021509903,100,50,15,0.85,2210.8624803400003,0.021073837077251217
0.46349177,962.1659,0.0,100,50,15,0.85,2210.8624803400003,0.021073837077251217
0.40089157,660.93195,0.0,100,50,15,0.85,2210.8624803400003,0.021073837077251217
0.85,529.1026,0.009204938,100,50,15,0.85,2210.8624803400003,0.021073837077251217
0.0,1438.8662,0.053525127,100,50,15,0.85,2210.8624803400003,0.021073837077251217
0.0,603.97076,0.0,100,50,15,0.85,2210.8624803400003,0.021073837077251217
0.85,2182.2153,0.024384905,100,50,15,0.85,2210.8624803400003,0.021073837077251217
0.85,2468.541,0.026016695,100,50,15,0.85,2210.8624803400003,0.021073837077251217
0.85,1856.3767,0.021214142,100,50,15,0.85,2210.8624803400003,0.021073837077251217
0.0,643.90076,0.048198685,100,50,15,0.85,2210.8624803400003,0.021073837077251217
0.85,3379.8042,0.027544592,100,50,15,0.85,2210.8624803400003,0.021073837077251217
0.85,752.62805,0.01487388,100,50,15,0.85,2210.8624803400003,0.021073837077251217
0.0,608.22235,0.044321325,100,50,15,0.85,2210.8624803400003,0.021073837077251217
0.85,1006.904,0.016222656,100,50,15,0.85,2210.8624803400003,0.021073837077251217
0.85,3462.3687,0.025562093,100,50,15,0.85,2210.8624803400003,0.021073837077251217
0.85,1051.464,0.00398806,100,50,15,0.85,2210.8624803400003,0.021073837077251217
0.2368904,1688.9943,0.047301132,100,50,15,0.85,2210.8624803400003,0.021073837077251217
0.85,1313.0736,0.018958742,100,50,15,0.85,2210.8624803400003,0.021073837077251217
8.9656364e-14,441.6695,0.04143725,100,50,15,0.85,2210.8624803400003,0.021073837077251217
0.85,965.4274,0.015460187,100,50,15,0.85,2210.8624803400003,0.021073837077251217
0.0,2649.4858,0.060597662,100,50,15,0.85,2210.8624803400003,0.021073837077251217
0.85,753.1498,0.015088495,100,50,15,0.85,2210.8624803400003,0.021073837077251217
0.54845446,1722.2601,0.034948397,100,50,15,0.85,2210.8624803400003,0.021073837077251217
0.0,811.1004,0.048808023,100,50,15,0.85,2210.8624803400003,0.021073837077251217
0.76487035,418.93225,0.0,100,50,15,0.85,2210.8624803400003,0.021073837077251217
0.0,991.6711,0.04733247,100,50,15,0.85,2210.8624803400003,0.021073837077251217
0.0,741.32776,0.04820231,100,50,15,0.85,2210.8624803400003,0.021073837077251217
0.85,493.87402,0.0064536533,100,50,15,0.85,2210.8624803400003,0.021073837077251217
0.85,829.80023,0.014927123,100,50,15,0.85,2210.8624803400003,0.021073837077251217
4.4396e-16,2357.735,0.05939995,100,50,15,0.85,2210.8624803400003,0.021073837077251217
0.0,923.9579,0.049971804,100,50,15,0.85,2210.8624803400003,0.021073837077251217
0.0,530.41595,0.042411353,100,50,15,0.85,2210.8624803400003,0.021073837077251217
0.0,998.0785,0.04907072,100,50,15,0.85,2210.8624803400003,0.021073837077251217
0.0,3037.4646,0.06378924,100,50,15,0.85,2210.8624803400003,0.021073837077251217
0.85,618.6865,0.011556203,100,50,15,0.85,2210.8624803400003,0.021073837077251217
0.4883297,1069.8153,0.0,100,50,15,0.85,2210.8624803400003,0.021073837077251217
0.0,815.48804,0.044259474,100,50,15,0.85,2210.8624803400003,0.021073837077251217
0.85,2103.771,0.024359532,100,50,15,0.85,2210.8624803400003,0.021073837077251217
0.85,641.39764,0.013083872,100,50,15,0.85,2210.8624803400003,0.021073837077251217
0.0,1063.5143,0.052990653,100,50,15,0.85,2210.8624803400003,0.021073837077251217
0.0,481.29224,0.047788754,100,50,15,0.85,2210.8624803400003,0.021073837077251217
0.0,2805.3193,0.06380084,100,50,15,0.85,2210.8624803400003,0.021073837077251217
0.85,1162.7161,0.016967092,100,50,15,0.85,2210.8624803400003,0.021073837077251217
0.26373652,829.10004,0.0,100,50,15,0.85,2210.8624803400003,0.021073837077251217
0.85,3593.9211,0.027522188,100,50,15,0.85,2210.8624803400003,0.021073837077251217
0.0,1654.53,0.05288951,100,50,15,0.85,2210.8624803400003,0.021073837077251217
0.0,1064.803,0.049677603,100,50,15,0.85,2210.8624803400003,0.021073837077251217
0.85,765.07587,0.014401399,100,50,15,0.85,2210.8624803400003,0.021073837077251217
0.0,3196.1743,0.06380084,100,50,15,0.85,2210.8624803400003,0.021073837077251217
0.85,1282.1735,0.017621094,100,50,15,0.85,2210.8624803400003,0.021073837077251217
0.85,2228.5,0.020217776,100,50,15,0.85,2210.8624803400003,0.021073837077251217
1.0008565e-14,931.3153,0.048343316,100,50,15,0.85,2210.8624803400003,0.021073837077251217
0.85,468.87115,0.011646752,100,50,15,0.85,2210.8624803400003,0.021073837077251217
0.0,809.48114,0.049982473,100,50,15,0.85,2210.8624803400003,0.021073837077251217
0.82061064,1058.9569,0.0,100,50,15,0.85,2210.8624803400003,0.021073837077251217
0.85,3304.7065,0.02536231,100,50,15,0.85,2210.8624803400003,0.021073837077251217
0.0,526.28723,0.041822735,100,50,15,0.85,2210.8624803400003,0.021073837077251217
0.0,1237.8745,0.053197384,100,50,15,0.85,2210.8624803400003,0.021073837077251217
0.85,1242.5004,0.018969972,100,50,15,0.85,2210.8624803400003,0.021073837077251217
0.0,1216.0741,0.05432436,100,50,15,0.85,2210.8624803400003,0.021073837077251217
0.85,2215.0796,0.024349274,100,50,15,0.85,2210.8624803400003,0.021073837077251217
0.85,2912.242,0.02690415,100,50,15,0.85,2210.8624803400003,0.021073837077251217
0.0,750.24554,0.048102923,100,50,15,0.85,2210.8624803400003,0.021073837077251217
0.85,550.81067,0.0021714824,100,50,15,0.85,2210.8624803400003,0.021073837077251217
0.85,1082.8181,0.017634757,100,50,15,0.85,2210.8624803400003,0.021073837077251217
0.0,2698.2222,0.061987564,100,50,15,0.85,2210.8624803400003,0.021073837077251217
0.0,1932.6335,0.056192335,100,50,15,0.85,2210.8624803400003,0.021073837077251217
0.0,3361.4187,0.061850976,100,50,15,0.85,2210.8624803400003,0.021073837077251217
0.0,1293.3497,0.050981462,100,50,15,0.85,2210.8624803400003,0.021073837077251217
0.85,1374.7988,0.019833097,100,50,15,0.85,2210.8624803400003,0.021073837077251217
0.85,682.5879,0.01498909,100,50,15,0.85,2210.8624803400003,0.021073837077251217
0.0,3446.0608,0.06380084,100,50,15,0.85,2210.8624803400003,0.021073837077251217
0.85,3210.8298,0.026925039,100,50,15,0.85,2210.8624803400003,0.021073837077251217
0.0,735.3695,0.051309433,100,50,15,0.85,2210.8624803400003,0.021073837077251217
0.85,1147.361,0.01626078,100,50,15,0.85,2210.8624803400003,0.021073837077251217
0.85,561.3205,0.011723714,100,50,15,0.85,2210.8624803400003,0.021073837077251217
0.0,676.8533,0.0,100,50,15,0.85,2210.8624803400003,0.021073837077251217
0.85,1779.7732,0.00712707,100,50,15,0.85,2210.8624803400003,0.021073837077251217
0.85,2059.2224,0.02354584,100,50,15,0.85,2210.8624803400003,0.021073837077251217
0.85,2704.6274,0.02712761,100,50,15,0.85,2210.8624803400003,0.021073837077251217
0.85,511.5156,0.013222739,100,50,15,0.85,2210.8624803400003,0.021073837077251217
0.85,1340.4097,0.019545214,100,50,15,0.85,2210.8624803400003,0.021073837077251217
7.37728e-16,1922.759,0.059918433,100,50,15,0.85,2210.8624803400003,0.021073837077251217
0.85,1002.48425,0.01781965,100,50,15,0.85,2210.8624803400003,0.021073837077251217
0.85,739.79926,0.014120904,100,50,15,0.85,2210.8624803400003,0.021073837077251217
0.85,2169.942,0.023733405,100,50,15,0.85,2210.8624803400003,0.021073837077251217
0.0,2131.306,0.060042094,100,50,15,0.85,2210.8624803400003,0.021073837077251217
0.85,697.2408,0.01496611,100,50,15,0.85,2210.8624803400003,0.021073837077251217
0.85,384.81876,0.0017182719,100,50,15,0.85,2210.8624803400003,0.021073837077251217
0.85,3351.4023,0.02731887,100,50,15,0.85,2210.8624803400003,0.021073837077251217
0.0,911.18024,0.052985877,100,50,15,0.85,2210.8624803400003,0.021073837077251217
0.85,2097.1199,0.0074776616,100,50,15,0.85,2210.8624803400003,0.021073837077251217
0.85,3979.3792,0.027517185,100,50,15,0.85,2210.8624803400003,0.021073837077251217
0.85,2076.3071,0.023836866,100,50,15,0.85,2210.8624803400003,0.021073837077251217
0.0,1612.7908,0.054820612,100,50,15,0.85,2210.8624803400003,0.021073837077251217
0.85,3344.6765,0.027544592,100,50,15,0.85,2210.8624803400003,0.021073837077251217
0.85,931.7889,0.008108667,100,50,15,0.85,2210.8624803400003,0.021073837077251217
0.85,936.15155,0.008937927,100,50,15,0.85,2210.8624803400003,0.021073837077251217
0.85,476.70782,0.0031789332,100,50,15,0.85,2210.8624803400003,0.021073837077251217
0.85,640.21063,0.014137095,100,50,15,0.85,2210.8624803400003,0.021073837077251217
0.85,3133.423,0.027070915,100,50,15,0.85,2210.8624803400003,0.021073837077251217
0.0,816.5567,0.050239842,100,50,15,0.85,2210.8624803400003,0.021073837077251217
0.1104238,678.56946,0.0,100,50,15,0.85,2210.8624803400003,0.021073837077251217
0.85,1984.3287,0.022005355,100,50,15,0.85,2210.8624803400003,0.021073837077251217
0.4307818,832.1844,0.0,100,50,15,0.85,2210.8624803400003,0.021073837077251217
0.62833464,386.2768,0.0,100,50,15,0.85,2210.8624803400003,0.021073837077251217
0.0,3781.906,0.06380084,100,50,15,0.85,2210.8624803400003,0.021073837077251217
0.85,876.54895,0.015568376,100,50,15,0.85,2210.8624803400003,0.021073837077251217
0.85,2641.8271,0.026382117,100,50,15,0.85,2210.8624803400003,0.021073837077251217
0.85,1652.2472,0.020424018,100,50,15,0.85,2210.8624803400003,0.021073837077251217
0.32681665,903.69684,0.0,100,50,15,0.85,2210.8624803400003,0.021073837077251217
0.0,542.1402,0.043576512,100,50,15,0.85,2210.8624803400003,0.021073837077251217
0.0,1718.6063,0.058571927,100,50,15,0.85,2210.8624803400003,0.021073837077251217
0.0,731.8816,0.04987251,100,50,15,0.85,2210.8624803400003,0.021073837077251217
0.85,3645.9338,0.026882255,100,50,15,0.85,2210.8624803400003,0.021073837077251217
0.85,480.4211,0.00633831,100,50,15,0.85,2210.8624803400003,0.021073837077251217
0.0,2846.3745,0.06380084,100,50,15,0.85,2210.8624803400003,0.021073837077251217
0.85,2171.7373,0.022778077,100,50,15,0.85,2210.8624803400003,0.021073837077251217
0.0,2410.8552,0.060847297,100,50,15,0.85,2210.8624803400003,0.021073837077251217
0.0,1347.804,0.053555675,100,50,15,0.85,2210.8624803400003,0.021073837077251217
0.85,2037.7648,0.016156873,100,50,15,0.85,2210.8624803400003,0.021073837077251217
0.0,1089.644,0.051859185,100,50,15,0.85,2210.8624803400003,0.021073837077251217
0.2479583,973.23315,0.01001695,100,50,15,0.85,2210.8624803400003,0.021073837077251217
0.85,2388.839,0.008533089,100,50,15,0.85,2210.8624803400003,0.021073837077251217
0.0,1370.3839,0.053734314,100,50,15,0.85,2210.8624803400003,0.021073837077251217
0.0,723.0735,0.050149642,100,50,15,0.85,2210.8624803400003,0.021073837077251217
0.85,3735.2993,0.02663948,100,50,15,0.85,2210.8624803400003,0.021073837077251217
0.0,1737.1323,0.0,100,50,15,0.85,2210.8624803400003,0.021073837077251217
0.85,429.71732,0.008203529,100,50,15,0.85,2210.8624803400003,0.021073837077251217
0.85,1213.7219,0.016222937,100,50,15,0.85,2210.8624803400003,0.021073837077251217
0.85,892.05884,0.016448695,100,50,15,0.85,2210.8624803400003,0.021073837077251217
0.0,828.1081,0.05069329,100,50,15,0.85,2210.8624803400003,0.021073837077251217
0.85,911.5433,0.015040967,100,50,15,0.85,2210.8624803400003,0.021073837077251217
0.85,2201.4536,0.024390414,100,50,15,0.85,2210.8624803400003,0.021073837077251217
1.8339587e-15,3438.2605,0.06380084,100,50,15,0.85,2210.8624803400003,0.021073837077251217
0.0,819.0309,0.050916657,100,50,15,0.85,2210.8624803400003,0.021073837077251217
0.85,2538.6392,0.025912868,100,50,15,0.85,2210.8624803400003,0.021073837077251217
0.85,746.82434,0.014538816,100,50,15,0.85,2210.8624803400003,0.021073837077251217
0.85,1520.3711,0.02055606,100,50,15,0.85,2210.8624803400003,0.021073837077251217
0.7824879,422.90256,0.0,100,50,15,0.85,2210.8624803400003,0.021073837077251217
0.85,1865.7976,0.022415593,100,50,15,0.85,2210.8624803400003,0.021073837077251217
0.0,718.5777,0.048517447,100,50,15,0.85,2210.8624803400003,0.021073837077251217
0.0,590.1423,0.04697072,100,50,15,0.85,2210.8624803400003,0.021073837077251217
0.0,812.4966,0.04797055,100,50,15,0.85,2210.8624803400003,0.021073837077251217
0.0,1368.2872,0.052620538,100,50,15,0.85,2210.8624803400003,0.021073837077251217
0.0,1185.8369,0.04484531,100,50,15,0.85,2210.8624803400003,0.021073837077251217
0.0,735.0123,0.04644877,100,50,15,0.85,2210.8624803400003,0.021073837077251217
0.85,373.61478,0.0017182719,100,50,15,0.85,2210.8624803400003,0.021073837077251217
0.85,1656.529,0.021247197,100,50,15,0.85,2210.8624803400003,0.021073837077251217
0.85,2545.176,0.024082586,100,50,15,0.85,2210.8624803400003,0.021073837077251217
0.85,930.6059,0.01459629,100,50,15,0.85,2210.8624803400003,0.021073837077251217
0.85,2140.1667,0.023421597,100,50,15,0.85,2210.8624803400003,0.021073837077251217
0.0,430.77933,0.028099595,100,50,15,0.85,2210.8624803400003,0.021073837077251217
0.0,471.89084,0.047095492,100,50,15,0.85,2210.8624803400003,0.021073837077251217
0.0,3893.1375,0.06380084,100,50,15,0.85,2210.8624803400003,0.021073837077251217
0.85,2817.8638,0.024102954,100,50,15,0.85,2210.8624803400003,0.021073837077251217
0.0,978.4361,0.048098788,100,50,15,0.85,2210.8624803400003,0.021073837077251217
0.85,590.66656,0.010473965,100,50,15,0.85,2210.8624803400003,0.021073837077251217
0.589376,674.23145,0.023295958,100,50,15,0.85,2210.8624803400003,0.021073837077251217
0.0,766.9641,0.051396806,100,50,15,0.85,2210.8624803400003,0.021073837077251217
0.061769493,536.5178,0.0,100,50,15,0.85,2210.8624803400003,0.021073837077251217
0.0,1422.1871,0.053895924,100,50,15,0.85,2210.8624803400003,0.021073837077251217
0.48849478,1023.2256,0.014788238,100,50,15,0.85,2210.8624803400003,0.021073837077251217
0.85,2380.829,0.0244232,100,50,15,0.85,2210.8624803400003,0.021073837077251217
0.85,3098.837,0.027544592,100,50,15,0.85,2210.8624803400003,0.021073837077251217
0.85,1558.1669,0.020303754,100,50,15,0.85,2210.8624803400003,0.021073837077251217
0.85,1087.3862,0.014734008,100,50,15,0.85,2210.8624803400003,0.021073837077251217
0.85,694.96735,0.010764353,100,50,15,0.85,2210.8624803400003,0.021073837077251217
0.77379817,956.1606,0.0,100,50,15,0.85,2210.8624803400003,0.021073837077251217
0.85,2741.9001,0.0136896735,100,50,15,0.85,2210.8624803400003,0.021073837077251217
0.85,3470.36,0.027544592,100,50,15,0.85,2210.8624803400003,0.021073837077251217
0.85,782.239,0.014451123,100,50,15,0.85,2210.8624803400003,0.021073837077251217
0.85,1128.5938,0.016093636,100,50,15,0.85,2210.8624803400003,0.021073837077251217
0.85,770.8932,0.014440553,100,50,15,0.85,2210.8624803400003,0.021073837077251217
0.85,1566.8624,0.02073658,100,50,15,0.85,2210.8624803400003,0.021073837077251217
0.0,395.27527,0.0,100,50,15,0.85,2210.8624803400003,0.021073837077251217
0.85,745.0609,0.01444721,100,50,15,0.85,2210.8624803400003,0.021073837077251217
6.2248345e-15,786.2042,0.050023995,100,50,15,0.85,2210.8624803400003,0.021073837077251217
0.85,2856.3513,0.027072892,100,50,15,0.85,2210.8624803400003,0.021073837077251217
0.0,1990.0886,0.056122016,100,50,15,0.85,2210.8624803400003,0.021073837077251217
0.0,3301.6736,0.06380084,100,50,15,0.85,2210.8624803400003,0.021073837077251217
0.85,1075.0967,0.01735218,100,50,15,0.85,2210.8624803400003,0.021073837077251217
0.85,2370.1438,0.02250071,100,50,15,0.85,2210.8624803400003,0.021073837077251217
0.0,1486.1616,0.055252686,100,50,15,0.85,2210.8624803400003,0.021073837077251217
0.85,478.95312,0.009967814,100,50,15,0.85,2210.8624803400003,0.021073837077251217
0.85,480.14197,0.005913377,100,50,15,0.85,2210.8624803400003,0.021073837077251217
0.85,1331.7404,0.015038799,100,50,15,0.85,2210.8624803400003,0.021073837077251217
0.85,2256.4216,0.024032328,100,50,15,0.85,2210.8624803400003,0.021073837077251217
0.85,745.3851,0.012986775,100,50,15,0.85,2210.8624803400003,0.021073837077251217
0.85,1512.4745,0.02000378,100,50,15,0.85,2210.8624803400003,0.021073837077251217
0.85,1120.2416,0.016195292,100,50,15,0.85,2210.8624803400003,0.021073837077251217
0.85,2849.9412,0.02478639,100,50,15,0.85,2210.8624803400003,0.021073837077251217
0.0,3161.3286,0.06318302,100,50,15,0.85,2210.8624803400003,0.021073837077251217
0.85,621.82886,0.011729059,100,50,15,0.85,2210.8624803400003,0.021073837077251217
0.636654,968.5364,0.0,100,50,15,0.85,2210.8624803400003,0.021073837077251217
0.85,1556.6503,0.016830245,100,50,15,0.85,2210.8624803400003,0.021073837077251217
0.0,2439.4836,0.059786618,100,50,15,0.85,2210.8624803400003,0.021073837077251217
0.85,2115.905,0.023176745,100,50,15,0.85,2210.8624803400003,0.021073837077251217
0.85,2604.7776,0.023785057,100,50,15,0.85,2210.8624803400003,0.021073837077251217
0.0,1623.0839,0.049530257,100,50,15,0.85,2210.8624803400003,0.021073837077251217
0.85,692.9705,0.0140428785,100,50,15,0.85,2210.8624803400003,0.021073837077251217
0.85,1576.793,0.0145519655,100,50,15,0.85,2210.8624803400003,0.021073837077251217
0.85,627.396,0.012647589,100,50,15,0.85,2210.8624803400003,0.021073837077251217
0.0,397.8937,0.030562181,100,50,15,0.85,2210.8624803400003,0.021073837077251217
0.85,2558.6829,0.024090765,100,50,15,0.85,2210.8624803400003,0.021073837077251217
0.85,3282.8005,0.027544592,100,50,15,0.85,2210.8624803400003,0.021073837077251217
0.0,424.9233,0.04305638,100,50,15,0.85,2210.8624803400003,0.021073837077251217
0.85,1317.7517,0.01866602,100,50,15,0.85,2210.8624803400003,0.021073837077251217
0.85,3173.9207,0.02720717,100,50,15,0.85,2210.8624803400003,0.021073837077251217
0.85,2507.6917,0.0228782,100,50,15,0.85,2210.8624803400003,0.021073837077251217
0.85,1700.2351,0.022280043,100,50,15,0.85,2210.8624803400003,0.021073837077251217
0.85,1105.3867,0.017109977,100,50,15,0.85,2210.8624803400003,0.021073837077251217
0.85,1685.7393,0.017459378,100,50,15,0.85,2210.8624803400003,0.021073837077251217
0.0,879.6758,0.049207844,100,50,15,0.85,2210.8624803400003,0.021073837077251217
0.85,663.0,0.012812677,100,50,15,0.85,2210.8624803400003,0.021073837077251217
0.85,540.5045,0.011630171,100,50,15,0.85,2210.8624803400003,0.021073837077251217
0.85,3847.4983,0.027544592,100,50,15,0.85,2210.8624803400003,0.021073837077251217
0.85,3774.2139,0.027544592,100,50,15,0.85,2210.8624803400003,0.021073837077251217
0.85,1470.179,0.01859521,100,50,15,0.85,2210.8624803400003,0.021073837077251217
0.0,2772.8215,0.06379935,100,50,15,0.85,2210.8624803400003,0.021073837077251217
0.0,597.44434,0.049823686,100,50,15,0.85,2210.8624803400003,0.021073837077251217
0.85,1280.3385,0.019224163,100,50,15,0.85,2210.8624803400003,0.021073837077251217
0.85,802.87274,0.0147053,100,50,15,0.85,2210.8624803400003,0.021073837077251217
0.0,1399.4581,0.05404721,100,50,15,0.85,2210.8624803400003,0.021073837077251217
0.85,2541.92,0.027123583,100,50,15,0.85,2210.8624803400003,0.021073837077251217
0.0,824.1806,0.049197935,100,50,15,0.85,2210.8624803400003,0.021073837077251217
0.85,3275.9563,0.027544592,100,50,15,0.85,2210.8624803400003,0.021073837077251217
0.85,615.09656,0.011880381,100,50,15,0.85,2210.8624803400003,0.021073837077251217
0.85,956.26746,0.016540151,100,50,15,0.85,2210.8624803400003,0.021073837077251217
0.85,1006.9935,0.0153122945,100,50,15,0.85,2210.8624803400003,0.021073837077251217
0.85,1586.0754,0.021494111,100,50,15,0.85,2210.8624803400003,0.021073837077251217
0.5107356,995.25757,0.0,100,50,15,0.85,2210.8624803400003,0.021073837077251217
0.85,758.899,0.01425397,100,50,15,0.85,2210.8624803400003,0.021073837077251217
0.85,717.2311,0.015185834,100,50,15,0.85,2210.8624803400003,0.021073837077251217
0.85,1368.555,0.020531842,100,50,15,0.85,2210.8624803400003,0.021073837077251217
0.85,825.05884,0.015444171,100,50,15,0.85,2210.8624803400003,0.021073837077251217
0.85,2151.389,0.021497417,100,50,15,0.85,2210.8624803400003,0.021073837077251217
0.85,3287.0222,0.027544592,100,50,15,0.85,2210.8624803400003,0.021073837077251217
0.0,1989.726,0.05962131,100,50,15,0.85,2210.8624803400003,0.021073837077251217
0.0,413.23734,0.04061735,100,50,15,0.85,2210.8624803400003,0.021073837077251217
0.85,1105.5936,0.016884422,100,50,15,0.85,2210.8624803400003,0.021073837077251217
0.0,776.97723,0.049296606,100,50,15,0.85,2210.8624803400003,0.021073837077251217
0.0,3625.9626,0.06380084,100,50,15,0.85,2210.8624803400003,0.021073837077251217
0.85,2112.3496,0.023630474,100,50,15,0.85,2210.8624803400003,0.021073837077251217
0.85,2545.4297,0.0236645,100,50,15,0.85,2210.8624803400003,0.021073837077251217
0.85,458.0263,0.0062168078,100,50,15,0.85,2210.8624803400003,0.021073837077251217
0.85,1940.4436,0.02306507,100,50,15,0.85,2210.8624803400003,0.021073837077251217
0.0,778.1271,0.052100595,100,50,15,0.85,2210.8624803400003,0.021073837077251217
0.85,574.9696,0.010472141,100,50,15,0.85,2210.8624803400003,0.021073837077251217
1.7746602e-13,584.1851,0.04674536,100,50,15,0.85,2210.8624803400003,0.021073837077251217
0.85,621.84467,0.01198925,100,50,15,0.85,2210.8624803400003,0.021073837077251217
0.85,1056.5421,0.015306519,100,50,15,0.85,2210.8624803400003,0.021073837077251217
0.85,848.497,0.015039484,100,50,15,0.85,2210.8624803400003,0.021073837077251217
0.85,783.16235,0.015583878,100,50,15,0.85,2210.8624803400003,0.021073837077251217
0.85,3247.4705,0.027544592,100,50,15,0.85,2210.8624803400003,0.021073837077251217
0.8340328,1158.1603,0.00827092,100,50,15,0.85,2210.8624803400003,0.021073837077251217
0.85,2113.3933,0.022618417,100,50,15,0.85,2210.8624803400003,0.021073837077251217
0.85,838.4874,0.014992719,100,50,15,0.85,2210.8624803400003,0.021073837077251217
0.85,1669.5695,0.020567916,100,50,15,0.85,2210.8624803400003,0.021073837077251217
0.75599945,948.3485,0.0,100,50,15,0.85,2210.8624803400003,0.021073837077251217
0.2649833,1075.8761,0.0027196133,100,50,15,0.85,2210.8624803400003,0.021073837077251217
0.85,727.3426,0.0138401,100,50,15,0.85,2210.8624803400003,0.021073837077251217
0.85,640.2619,0.012286157,100,50,15,0.85,2210.8624803400003,0.021073837077251217
0.85,2682.0237,0.02489357,100,50,15,0.85,2210.8624803400003,0.021073837077251217
0.85,1397.4839,0.012466494,100,50,15,0.85,2210.8624803400003,0.021073837077251217
0.85,1009.20514,0.017574707,100,50,15,0.85,2210.8624803400003,0.021073837077251217
0.85,2814.8777,0.024697304,100,50,15,0.85,2210.8624803400003,0.021073837077251217
0.0,2732.6187,0.062917165,100,50,15,0.85,2210.8624803400003,0.021073837077251217
0.85,1434.7584,0.020100098,100,50,15,0.85,2210.8624803400003,0.021073837077251217
0.85,1132.5737,0.017887479,100,50,15,0.85,2210.8624803400003,0.021073837077251217
0.85,770.7745,0.015593606,100,50,15,0.85,2210.8624803400003,0.021073837077251217
0.85,1330.5527,0.014823875,100,50,15,0.85,2210.8624803400003,0.021073837077251217
0.85,886.1406,0.017072238,100,50,15,0.85,2210.8624803400003,0.021073837077251217
6.19302e-16,1460.4968,0.05402321,100,50,15,0.85,2210.8624803400003,0.021073837077251217
0.0,816.0869,0.022843216,100,50,15,0.85,2210.8624803400003,0.021073837077251217
0.85,1071.1194,0.016082589,100,50,15,0.85,2210.8624803400003,0.021073837077251217
0.85,3407.811,0.027544592,100,50,15,0.85,2210.8624803400003,0.021073837077251217
0.0,1914.7627,0.05891544,100,50,15,0.85,2210.8624803400003,0.021073837077251217
0.85,1974.5603,0.021961484,100,50,15,0.85,2210.8624803400003,0.021073837077251217
0.85,3206.9238,0.02705425,100,50,15,0.85,2210.8624803400003,0.021073837077251217
0.85,2068.6162,0.022489635,100,50,15,0.85,2210.8624803400003,0.021073837077251217
5.2814783e-15,2135.791,0.059140217,100,50,15,0.85,2210.8624803400003,0.021073837077251217
0.0,2680.1797,0.062459875,100,50,15,0.85,2210.8624803400003,0.021073837077251217
0.0,2077.0676,0.053045977,100,50,15,0.85,2210.8624803400003,0.021073837077251217
0.0,874.5875,0.051548474,100,50,15,0.85,2210.8624803400003,0.021073837077251217
9.118802e-15,921.21674,0.048996557,100,50,15,0.85,2210.8624803400003,0.021073837077251217
0.0,1860.7987,0.057092447,100,50,15,0.85,2210.8624803400003,0.021073837077251217
0.46656594,1636.3083,0.022721682,100,50,15,0.85,2210.8624803400003,0.021073837077251217
0.0,640.7112,0.048562746,100,50,15,0.85,2210.8624803400003,0.021073837077251217
0.0,1503.601,0.056498114,100,50,15,0.85,2210.8624803400003,0.021073837077251217
0.0,885.8867,0.04984434,100,50,15,0.85,2210.8624803400003,0.021073837077251217
0.85,3469.9348,0.027544592,100,50,15,0.85,2210.8624803400003,0.021073837077251217
0.0,655.46704,0.0500937,100,50,15,0.85,2210.8624803400003,0.021073837077251217
0.0,615.1052,0.048481647,100,50,15,0.85,2210.8624803400003,0.021073837077251217
0.85,871.2866,0.015127516,100,50,15,0.85,2210.8624803400003,0.021073837077251217
0.85,1192.3546,0.018731605,100,50,15,0.85,2210.8624803400003,0.021073837077251217
0.0,1165.4049,0.05011353,100,50,15,0.85,2210.8624803400003,0.021073837077251217
0.0,3296.802,0.06380084,100,50,15,0.85,2210.8624803400003,0.021073837077251217
0.0,1653.0684,0.05453304,100,50,15,0.85,2210.8624803400003,0.021073837077251217
0.85,663.9412,0.014797998,100,50,15,0.85,2210.8624803400003,0.021073837077251217
0.0,1052.8046,0.05288847,100,50,15,0.85,2210.8624803400003,0.021073837077251217
0.85,850.002,0.014965211,100,50,15,0.85,2210.8624803400003,0.021073837077251217
0.85,1798.0731,0.0207089,100,50,15,0.85,2210.8624803400003,0.021073837077251217
0.0,499.72174,0.04442468,100,50,15,0.85,2210.8624803400003,0.021073837077251217
0.73984915,2148.3726,0.0,100,50,15,0.85,2210.8624803400003,0.021073837077251217
0.85,2661.0002,0.027179414,100,50,15,0.85,2210.8624803400003,0.021073837077251217
0.33468238,1025.3427,0.029001234,100,50,15,0.85,2210.8624803400003,0.021073837077251217
0.85,2261.1694,0.024516227,100,50,15,0.85,2210.8624803400003,0.021073837077251217
0.85,890.9313,0.013388124,100,50,15,0.85,2210.8624803400003,0.021073837077251217
0.85,2703.1824,0.025890836,100,50,15,0.85,2210.8624803400003,0.021073837077251217
0.85,2465.093,0.024119023,100,50,15,0.85,2210.8624803400003,0.021073837077251217
0.85,914.31256,0.014052544,100,50,15,0.85,2210.8624803400003,0.021073837077251217
0.85,3114.62,0.024123382,100,50,15,0.85,2210.8624803400003,0.021073837077251217
0.2543839,775.03265,0.03804129,100,50,15,0.85,2210.8624803400003,0.021073837077251217
3.830771e-13,463.56332,0.047098845,100,50,15,0.85,2210.8624803400003,0.021073837077251217
0.85,3775.084,0.027544592,100,50,15,0.85,2210.8624803400003,0.021073837077251217
0.85,2830.9937,0.025776448,100,50,15,0.85,2210.8624803400003,0.021073837077251217
0.0,636.83856,0.04996018,100,50,15,0.85,2210.8624803400003,0.021073837077251217
0.85,1092.2523,0.015124051,100,50,15,0.85,2210.8624803400003,0.021073837077251217
0.85,2408.4045,0.023014367,100,50,15,0.85,2210.8624803400003,0.021073837077251217
0.85,567.50903,0.009265744,100,50,15,0.85,2210.8624803400003,0.021073837077251217
0.85,584.3886,0.009199946,100,50,15,0.85,2210.8624803400003,0.021073837077251217
0.85,626.8392,0.009849131,100,50,15,0.85,2210.8624803400003,0.021073837077251217
1.9663297e-13,889.77576,0.05185717,100,50,15,0.85,2210.8624803400003,0.021073837077251217
1.1307456e-14,521.9666,0.028099595,100,50,15,0.85,2210.8624803400003,0.021073837077251217
0.0,1249.617,0.053398825,100,50,15,0.85,2210.8624803400003,0.021073837077251217
0.0,816.6787,0.051322266,100,50,15,0.85,2210.8624803400003,0.021073837077251217
0.0,771.81555,0.05076615,100,50,15,0.85,2210.8624803400003,0.021073837077251217
0.85,2875.4949,0.027544592,100,50,15,0.85,2210.8624803400003,0.021073837077251217
7.4382385e-15,847.81104,0.048899766,100,50,15,0.85,2210.8624803400003,0.021073837077251217
0.06955517,548.19305,0.0,100,50,15,0.85,2210.8624803400003,0.021073837077251217
0.85,872.3807,0.013376072,100,50,15,0.85,2210.8624803400003,0.021073837077251217
0.0,2340.1194,0.061784294,100,50,15,0.85,2210.8624803400003,0.021073837077251217
0.85,2016.243,0.022366049,100,50,15,0.85,2210.8624803400003,0.021073837077251217
0.0,377.19193,0.0,100,50,15,0.85,2210.8624803400003,0.021073837077251217
3.5859204e-13,1007.34863,0.05271628,100,50,15,0.85,2210.8624803400003,0.021073837077251217
0.0,1023.3252,0.05124513,100,50,15,0.85,2210.8624803400003,0.021073837077251217
2.2323172e-28,590.24677,0.042821568,100,50,15,0.85,2210.8624803400003,0.021073837077251217
0.85,3731.6863,0.027310787,100,50,15,0.85,2210.8624803400003,0.021073837077251217
0.85,434.82178,0.0017182719,100,50,15,0.85,2210.8624803400003,0.021073837077251217
0.85,3740.4448,0.027208734,100,50,15,0.85,2210.8624803400003,0.021073837077251217
0.85,1332.1196,0.016856749,100,50,15,0.85,2210.8624803400003,0.021073837077251217
0.85,805.5687,0.014154884,100,50,15,0.85,2210.8624803400003,0.021073837077251217
0.0,2268.3745,0.061191175,100,50,15,0.85,2210.8624803400003,0.021073837077251217
0.85,950.00256,0.015292703,100,50,15,0.85,2210.8624803400003,0.021073837077251217
0.85,681.1523,0.013049536,100,50,15,0.85,2210.8624803400003,0.021073837077251217
0.85,866.0739,0.016292525,100,50,15,0.85,2210.8624803400003,0.021073837077251217
0.0,730.3137,0.049956795,100,50,15,0.85,2210.8624803400003,0.021073837077251217
0.42725924,973.1703,0.0,100,50,15,0.85,2210.8624803400003,0.021073837077251217
0.85,846.6999,0.015447092,100,50,15,0.85,2210.8624803400003,0.021073837077251217
0.85,3147.1787,0.02424159,100,50,15,0.85,2210.8624803400003,0.021073837077251217
0.0,1444.0157,0.0,100,50,15,0.85,2210.8624803400003,0.021073837077251217
0.85,1400.7373,0.019264605,100,50,15,0.85,2210.8624803400003,0.021073837077251217
0.0,795.3067,0.051221542,100,50,15,0.85,2210.8624803400003,0.021073837077251217
0.85,1892.8726,0.023284882,100,50,15,0.85,2210.8624803400003,0.021073837077251217
0.85,2932.2373,0.025772035,100,50,15,0.85,2210.8624803400003,0.021073837077251217
0.0,1140.4967,0.053719554,100,50,15,0.85,2210.8624803400003,0.021073837077251217
0.85,1686.6858,0.0058031715,100,50,15,0.85,2210.8624803400003,0.021073837077251217
0.85,632.06335,0.011678705,100,50,15,0.85,2210.8624803400003,0.021073837077251217
0.85,633.63635,0.011443769,100,50,15,0.85,2210.8624803400003,0.021073837077251217
0.5838657,1395.5278,0.0,100,50,15,0.85,2210.8624803400003,0.021073837077251217
0.85,798.46185,0.014840003,100,50,15,0.85,2210.8624803400003,0.021073837077251217
0.6020527,1086.8057,0.0,100,50,15,0.85,2210.8624803400003,0.021073837077251217
8.583378e-14,561.3804,0.042977024,100,50,15,0.85,2210.8624803400003,0.021073837077251217
0.0,870.7002,0.052630186,100,50,15,0.85,2210.8624803400003,0.021073837077251217
0.0,919.9977,0.04898153,100,50,15,0.85,2210.8624803400003,0.021073837077251217
0.85,1359.381,0.017148856,100,50,15,0.85,2210.8624803400003,0.021073837077251217
0.0,2655.3914,0.062197585,100,50,15,0.85,2210.8624803400003,0.021073837077251217
0.85,3312.8618,0.027532728,100,50,15,0.85,2210.8624803400003,0.021073837077251217
0.85,846.9464,0.015683062,100,50,15,0.85,2210.8624803400003,0.021073837077251217
0.85,740.5432,0.014955745,100,50,15,0.85,2210.8624803400003,0.021073837077251217
0.85,919.829,0.016751258,100,50,15,0.85,2210.8624803400003,0.021073837077251217
0.85,678.3302,0.014247815,100,50,15,0.85,2210.8624803400003,0.021073837077251217
0.0,1884.4791,0.059362736,100,50,15,0.85,2210.8624803400003,0.021073837077251217
0.85,903.60834,0.016160013,100,50,15,0.85,2210.8624803400003,0.021073837077251217
0.85,3500.0896,0.027544592,100,50,15,0.85,2210.8624803400003,0.021073837077251217
0.0,401.24652,0.0,100,50,15,0.85,2210.8624803400003,0.021073837077251217
0.85,3658.4473,0.026908958,100,50,15,0.85,2210.8624803400003,0.021073837077251217
0.85,1986.1372,0.024162062,100,50,15,0.85,2210.8624803400003,0.021073837077251217
0.85,1795.9255,0.020933935,100,50,15,0.85,2210.8624803400003,0.021073837077251217
0.0,564.8546,0.04987036,100,50,15,0.85,2210.8624803400003,0.021073837077251217
0.85,2997.5183,0.023537142,100,50,15,0.85,2210.8624803400003,0.021073837077251217
0.85,1681.1625,0.022151219,100,50,15,0.85,2210.8624803400003,0.021073837077251217
0.85,2648.501,0.027055893,100,50,15,0.85,2210.8624803400003,0.021073837077251217
0.0,645.7297,0.049404573,100,50,15,0.85,2210.8624803400003,0.021073837077251217
0.0,575.4885,0.047998942,100,50,15,0.85,2210.8624803400003,0.021073837077251217
1.0405873e-15,552.75476,0.046125267,100,50,15,0.85,2210.8624803400003,0.021073837077251217
0.85,563.41986,0.008896076,100,50,15,0.85,2210.8624803400003,0.021073837077251217
0.0,1951.3044,0.057187747,100,50,15,0.85,2210.8624803400003,0.021073837077251217
0.0,1329.4056,0.055309433,100,50,15,0.85,2210.8624803400003,0.021073837077251217
0.85,958.4866,0.016952848,100,50,15,0.85,2210.8624803400003,0.021073837077251217
0.85,1200.152,0.018555492,100,50,15,0.85,2210.8624803400003,0.021073837077251217
0.85,788.8851,0.014860127,100,50,15,0.85,2210.8624803400003,0.021073837077251217
0.85,2555.504,0.026611876,100,50,15,0.85,2210.8624803400003,0.021073837077251217
0.85,1387.9579,0.0196174,100,50,15,0.85,2210.8624803400003,0.021073837077251217
0.43076283,1146.4435,0.0,100,50,15,0.85,2210.8624803400003,0.021073837077251217
0.0,1208.2202,0.051128566,100,50,15,0.85,2210.8624803400003,0.021073837077251217
0.85,1186.6692,0.017740967,100,50,15,0.85,2210.8624803400003,0.021073837077251217
0.0,1487.3428,0.056628212,100,50,15,0.85,2210.8624803400003,0.021073837077251217
0.85,616.89996,0.0110025015,100,50,15,0.85,2210.8624803400003,0.021073837077251217
0.0,459.75674,0.047671445,100,50,15,0.85,2210.8624803400003,0.021073837077251217
0.0,985.26025,0.051411588,100,50,15,0.85,2210.8624803400003,0.021073837077251217
0.85,1546.5576,0.01881315,100,50,15,0.85,2210.8624803400003,0.021073837077251217
0.85,2067.4368,0.019376302,100,50,15,0.85,2210.8624803400003,0.021073837077251217
0.0,1621.1495,0.055463035,100,50,15,0.85,2210.8624803400003,0.021073837077251217
0.85,3756.1658,0.027544592,100,50,15,0.85,2210.8624803400003,0.021073837077251217
0.85,2598.079,0.027295735,100,50,15,0.85,2210.8624803400003,0.021073837077251217
0.0,722.2726,0.048111897,100,50,15,0.85,2210.8624803400003,0.021073837077251217
0.0,1673.0236,0.055540625,100,50,15,0.85,2210.8624803400003,0.021073837077251217
0.0,722.4368,0.05071119,100,50,15,0.85,2210.8624803400003,0.021073837077251217
0.0,707.92004,0.0,100,50,15,0.85,2210.8624803400003,0.021073837077251217
0.85,1480.8625,0.018950488,100,50,15,0.85,2210.8624803400003,0.021073837077251217
0.85,937.3531,0.017440798,100,50,15,0.85,2210.8624803400003,0.021073837077251217
0.0,1248.3922,0.054210063,100,50,15,0.85,2210.8624803400003,0.021073837077251217
0.85,538.89154,0.013353723,100,50,15,0.85,2210.8624803400003,0.021073837077251217
0.85,1674.8849,0.019718615,100,50,15,0.85,2210.8624803400003,0.021073837077251217
0.85,1776.3707,0.022460027,100,50,15,0.85,2210.8624803400003,0.021073837077251217
0.0,3291.2852,0.06380084,100,50,15,0.85,2210.8624803400003,0.021073837077251217
0.0,482.2784,0.046984375,100,50,15,0.85,2210.8624803400003,0.021073837077251217
0.85,1128.7458,0.01811708,100,50,15,0.85,2210.8624803400003,0.021073837077251217
0.0,1520.4409,0.05408315,100,50,15,0.85,2210.8624803400003,0.021073837077251217
0.7553852,769.1449,0.018298026,100,50,15,0.85,2210.8624803400003,0.021073837077251217
0.85,1819.5502,0.022309972,100,50,15,0.85,2210.8624803400003,0.021073837077251217
0.85,3325.8997,0.027544592,100,50,15,0.85,2210.8624803400003,0.021073837077251217
0.0,2979.574,0.06380084,100,50,15,0.85,2210.8624803400003,0.021073837077251217
0.85,707.62866,0.012939998,100,50,15,0.85,2210.8624803400003,0.021073837077251217
0.85,3483.8667,0.027544592,100,50,15,0.85,2210.8624803400003,0.021073837077251217
0.85,566.84216,0.008243708,100,50,15,0.85,2210.8624803400003,0.021073837077251217
0.4526949,1069.5303,0.0,100,50,15,0.85,2210.8624803400003,0.021073837077251217
0.85,2228.1104,0.024148837,100,50,15,0.85,2210.8624803400003,0.021073837077251217
0.0,602.9874,0.049854998,100,50,15,0.85,2210.8624803400003,0.021073837077251217
0.85,2267.769,0.021667993,100,50,15,0.85,2210.8624803400003,0.021073837077251217
0.0,3294.79,0.06380084,100,50,15,0.85,2210.8624803400003,0.021073837077251217
0.85,1327.1135,0.01939598,100,50,15,0.85,2210.8624803400003,0.021073837077251217
0.85,1591.4095,0.020719795,100,50,15,0.85,2210.8624803400003,0.021073837077251217
0.85,992.7115,0.01721683,100,50,15,0.85,2210.8624803400003,0.021073837077251217
0.0,2510.4597,0.06025496,100,50,15,0.85,2210.8624803400003,0.021073837077251217
0.85,1261.3901,0.019671911,100,50,15,0.85,2210.8624803400003,0.021073837077251217
0.85,3306.9194,0.027544592,100,50,15,0.85,2210.8624803400003,0.021073837077251217
0.85,1155.9286,0.0007644023,100,50,15,0.85,2210.8624803400003,0.021073837077251217
0.85,3643.4136,0.026818234,100,50,15,0.85,2210.8624803400003,0.021073837077251217
0.0,1911.7347,0.058245145,100,50,15,0.85,2210.8624803400003,0.021073837077251217
0.85,2699.0542,0.025988536,100,50,15,0.85,2210.8624803400003,0.021073837077251217
0.85,2884.8708,0.027544592,100,50,15,0.85,2210.8624803400003,0.021073837077251217
0.0,453.53326,0.04664377,100,50,15,0.85,2210.8624803400003,0.021073837077251217
0.85,1333.5365,0.01756822,100,50,15,0.85,2210.8624803400003,0.021073837077251217
0.85,3332.0557,0.027382344,100,50,15,0.85,2210.8624803400003,0.021073837077251217
8.9655354e-14,919.14667,0.053132717,100,50,15,0.85,2210.8624803400003,0.021073837077251217
0.85,493.31494,0.01229477,100,50,15,0.85,2210.8624803400003,0.021073837077251217
0.85,2036.9559,0.019640878,100,50,15,0.85,2210.8624803400003,0.021073837077251217
0.85,2315.5923,0.02477569,100,50,15,0.85,2210.8624803400003,0.021073837077251217
0.0,3220.5703,0.06380084,100,50,15,0.85,2210.8624803400003,0.021073837077251217
0.85,1796.9177,0.022181682,100,50,15,0.85,2210.8624803400003,0.021073837077251217
0.85,1712.4117,0.016258905,100,50,15,0.85,2210.8624803400003,0.021073837077251217
0.85,1919.8167,0.017449647,100,50,15,0.85,2210.8624803400003,0.021073837077251217
0.0,2606.8806,0.062468395,100,50,15,0.85,2210.8624803400003,0.021073837077251217
0.85,1475.1248,0.018128699,100,50,15,0.85,2210.8624803400003,0.021073837077251217
0.0,1544.4019,0.05766375,100,50,15,0.85,2210.8624803400003,0.021073837077251217
0.0,1130.8042,0.052425765,100,50,15,0.85,2210.8624803400003,0.021073837077251217
0.85,598.9607,0.009048851,100,50,15,0.85,2210.8624803400003,0.021073837077251217
0.85,3332.5042,0.027544592,100,50,15,0.85,2210.8624803400003,0.021073837077251217
0.0,1220.6309,0.052890018,100,50,15,0.85,2210.8624803400003,0.021073837077251217
0.0,1266.1211,0.051327933,100,50,15,0.85,2210.8624803400003,0.021073837077251217
0.0,2762.965,0.06380084,100,50,15,0.85,2210.8624803400003,0.021073837077251217
0.85,2931.1577,0.025071545,100,50,15,0.85,2210.8624803400003,0.021073837077251217
0.0,2192.9365,0.044003155,100,50,15,0.85,2210.8624803400003,0.021073837077251217
0.0,861.33386,0.05095332,100,50,15,0.85,2210.8624803400003,0.021073837077251217
0.85,777.59894,0.015381593,100,50,15,0.85,2210.8624803400003,0.021073837077251217
0.85,1147.5123,0.01870132,100,50,15,0.85,2210.8624803400003,0.021073837077251217
0.85,1364.3044,0.018996838,100,50,15,0.85,2210.8624803400003,0.021073837077251217
0.85,919.28827,0.014784413,100,50,15,0.85,2210.8624803400003,0.021073837077251217
0.5415249,1171.3126,0.0,100,50,15,0.85,2210.8624803400003,0.021073837077251217
0.85,2791.0645,0.02694795,100,50,15,0.85,2210.8624803400003,0.021073837077251217
0.0,2561.4307,0.061403498,100,50,15,0.85,2210.8624803400003,0.021073837077251217
0.85,1889.8923,0.022814173,100,50,15,0.85,2210.8624803400003,0.021073837077251217
0.0,939.921,0.05235199,100,50,15,0.85,2210.8624803400003,0.021073837077251217
0.0,1307.4526,0.05215523,100,50,15,0.85,2210.8624803400003,0.021073837077251217
2.7432292e-14,925.6482,0.049471706,100,50,15,0.85,2210.8624803400003,0.021073837077251217
0.85,1044.0312,0.015452202,100,50,15,0.85,2210.8624803400003,0.021073837077251217
0.0,3774.3333,0.06355579,100,50,15,0.85,2210.8624803400003,0.021073837077251217
0.0,1066.4418,0.05220475,100,50,15,0.85,2210.8624803400003,0.021073837077251217
0.85,1229.5825,0.019235713,100,50,15,0.85,2210.8624803400003,0.021073837077251217
0.85,487.80075,0.011495301,100,50,15,0.85,2210.8624803400003,0.021073837077251217
0.85,3273.8474,0.02740975,100,50,15,0.85,2210.8624803400003,0.021073837077251217
0.0,1159.6118,0.05408612,100,50,15,0.85,2210.8624803400003,0.021073837077251217
0.85,816.66614,0.014993947,100,50,15,0.85,2210.8624803400003,0.021073837077251217
0.85,3691.1028,0.027544592,100,50,15,0.85,2210.8624803400003,0.021073837077251217
0.85,530.4941,0.012617808,100,50,15,0.85,2210.8624803400003,0.021073837077251217
0.85,778.8411,0.015017776,100,50,15,0.85,2210.8624803400003,0.021073837077251217
0.85,961.90906,0.014961971,100,50,15,0.85,2210.8624803400003,0.021073837077251217
0.0,728.1023,0.04920178,100,50,15,0.85,2210.8624803400003,0.021073837077251217
0.85,798.2022,0.014272723,100,50,15,0.85,2210.8624803400003,0.021073837077251217
0.85,496.29654,0.005984961,100,50,15,0.85,2210.8624803400003,0.021073837077251217
0.85,3050.7886,0.027544592,100,50,15,0.85,2210.8624803400003,0.021073837077251217
0.34092003,977.0355,0.0,100,50,15,0.85,2210.8624803400003,0.021073837077251217
0.0,3227.3567,0.06380084,100,50,15,0.85,2210.8624803400003,0.021073837077251217
0.0,649.8596,0.048740856,100,50,15,0.85,2210.8624803400003,0.021073837077251217
0.4228588,1443.9861,0.0,100,50,15,0.85,2210.8624803400003,0.021073837077251217
0.85,3316.0815,0.026089313,100,50,15,0.85,2210.8624803400003,0.021073837077251217
0.85,3253.5754,0.027536739,100,50,15,0.85,2210.8624803400003,0.021073837077251217
0.72453743,1107.2408,0.0,100,50,15,0.85,2210.8624803400003,0.021073837077251217
0.85,3484.6597,0.027544592,100,50,15,0.85,2210.8624803400003,0.021073837077251217
0.85,640.3769,0.013029881,100,50,15,0.85,2210.8624803400003,0.021073837077251217
0.85,993.2767,0.017230779,100,50,15,0.85,2210.8624803400003,0.021073837077251217
0.85,1049.582,0.017284602,100,50,15,0.85,2210.8624803400003,0.021073837077251217
0.85,2438.9524,0.025447465,100,50,15,0.85,2210.8624803400003,0.021073837077251217
0.85,1564.8807,0.021843424,100,50,15,0.85,2210.8624803400003,0.021073837077251217
0.85,379.15103,0.0010477854,100,50,15,0.85,2210.8624803400003,0.021073837077251217
3.6723415e-14,587.6831,0.04744466,100,50,15,0.85,2210.8624803400003,0.021073837077251217
0.85,684.4255,0.011896153,100,50,15,0.85,2210.8624803400003,0.021073837077251217
0.85,1003.72656,0.017981563,100,50,15,0.85,2210.8624803400003,0.021073837077251217
0.0,1134.8875,0.052282713,100,50,15,0.85,2210.8624803400003,0.021073837077251217
0.85,1495.26,0.01913675,100,50,15,0.85,2210.8624803400003,0.021073837077251217
0.30180034,1619.8987,0.042942557,100,50,15,0.85,2210.8624803400003,0.021073837077251217
0.85,2772.1145,0.027314147,100,50,15,0.85,2210.8624803400003,0.021073837077251217
0.85,747.8672,0.01576828,100,50,15,0.85,2210.8624803400003,0.021073837077251217
0.85,3016.3962,0.027544592,100,50,15,0.85,2210.8624803400003,0.021073837077251217
0.0,1192.8153,0.054187573,100,50,15,0.85,2210.8624803400003,0.021073837077251217
0.0,539.9042,0.048129056,100,50,15,0.85,2210.8624803400003,0.021073837077251217
0.0,3805.109,0.06380084,100,50,15,0.85,2210.8624803400003,0.021073837077251217
0.85,650.04846,0.013747841,100,50,15,0.85,2210.8624803400003,0.021073837077251217
0.85,476.27582,0.010502329,100,50,15,0.85,2210.8624803400003,0.021073837077251217
0.0,1201.7627,0.052767467,100,50,15,0.85,2210.8624803400003,0.021073837077251217
0.85,1556.1917,0.021242432,100,50,15,0.85,2210.8624803400003,0.021073837077251217
0.85,1054.9456,0.014499985,100,50,15,0.85,2210.8624803400003,0.021073837077251217
0.0,855.29224,0.051282074,100,50,15,0.85,2210.8624803400003,0.021073837077251217
0.0,3533.5876,0.06380084,100,50,15,0.85,2210.8624803400003,0.021073837077251217
1.5488053e-16,1727.2617,0.034186248,100,50,15,0.85,2210.8624803400003,0.021073837077251217
0.85,554.6196,0.011537926,100,50,15,0.85,2210.8624803400003,0.021073837077251217
0.85,2482.391,0.02486281,100,50,15,0.85,2210.8624803400003,0.021073837077251217
0.0,660.8055,0.04959139,100,50,15,0.85,2210.8624803400003,0.021073837077251217
1.607951e-13,3400.2917,0.06356791,100,50,15,0.85,2210.8624803400003,0.021073837077251217
