growth_rate,cost,growth_cost,is_pareto,n_batch,n_start,n_candidates,init_growth_rate,init_cost
0.012536373,1529.3534,8.197172e-06,False,100,50,15,0.821794738257016,1239.59670934
0.023958044,886.66583,2.7020376e-05,False,100,50,15,0.821794738257016,1239.59670934
0.19755492,1364.7444,0.00014475598,False,100,50,15,0.821794738257016,1239.59670934
0.20942716,1041.645,0.00020105425,False,100,50,15,0.821794738257016,1239.59670934
0.111798644,1399.5145,7.9883874e-05,False,100,50,15,0.821794738257016,1239.59670934
0.37620068,1436.5131,0.00026188462,False,100,50,15,0.821794738257016,1239.59670934
0.2894033,578.6715,0.00050011673,False,100,50,15,0.821794738257016,1239.59670934
0.14347133,584.17163,0.0002455979,False,100,50,15,0.821794738257016,1239.59670934
0.2669892,902.0027,0.00029599603,False,100,50,15,0.821794738257016,1239.59670934
0.021560103,1245.5878,1.730918e-05,False,100,50,15,0.821794738257016,1239.59670934
0.26414475,1374.6821,0.00019214969,False,100,50,15,0.821794738257016,1239.59670934
0.23714279,620.9404,0.00038190908,False,100,50,15,0.821794738257016,1239.59670934
0.064784214,1721.7941,3.7625996e-05,False,100,50,15,0.821794738257016,1239.59670934
0.13511561,1497.1831,9.024655e-05,False,100,50,15,0.821794738257016,1239.59670934
0.20388019,1238.5693,0.00016460943,False,100,50,15,0.821794738257016,1239.59670934
0.23349057,1223.9102,0.00019077427,False,100,50,15,0.821794738257016,1239.59670934
0.3998364,869.4105,0.00045989366,False,100,50,15,0.821794738257016,1239.59670934
0.11260682,1430.4132,7.8723286e-05,False,100,50,15,0.821794738257016,1239.59670934
0.3628177,1310.6383,0.0002768252,False,100,50,15,0.821794738257016,1239.59670934
0.6475694,700.99133,0.0009237909,False,100,50,15,0.821794738257016,1239.59670934
0.5375421,1171.592,0.0004588134,False,100,50,15,0.821794738257016,1239.59670934
0.1315864,1445.7152,9.1018206e-05,False,100,50,15,0.821794738257016,1239.59670934
0.08531225,998.95325,8.540164e-05,False,100,50,15,0.821794738257016,1239.59670934
0.19049086,876.7088,0.0002172795,False,100,50,15,0.821794738257016,1239.59670934
0.5268422,791.39874,0.00066571013,False,100,50,15,0.821794738257016,1239.59670934
0.27938452,949.1193,0.00029436185,False,100,50,15,0.821794738257016,1239.59670934
0.29570988,1374.723,0.00021510506,False,100,50,15,0.821794738257016,1239.59670934
0.09679226,1030.5319,9.3924566e-05,False,100,50,15,0.821794738257016,1239.59670934
0.4212562,976.256,0.0004315018,False,100,50,15,0.821794738257016,1239.59670934
0.61217403,835.2198,0.00073294964,False,100,50,15,0.821794738257016,1239.59670934
0.065519616,1284.2946,5.1016035e-05,False,100,50,15,0.821794738257016,1239.59670934
0.16674879,925.2387,0.00018022246,False,100,50,15,0.821794738257016,1239.59670934
0.30014578,1939.1351,0.00015478332,False,100,50,15,0.821794738257016,1239.59670934
0.05995848,858.1754,6.98674e-05,False,100,50,15,0.821794738257016,1239.59670934
0.094571106,935.3187,0.0001011111,False,100,50,15,0.821794738257016,1239.59670934
0.06856775,823.93884,8.321947e-05,False,100,50,15,0.821794738257016,1239.59670934
0.2982795,1012.48,0.00029460285,False,100,50,15,0.821794738257016,1239.59670934
0.27776626,1253.8483,0.000221531,False,100,50,15,0.821794738257016,1239.59670934
0.4103721,526.7316,0.00077909144,False,100,50,15,0.821794738257016,1239.59670934
0.6640222,1563.6864,0.00042465178,False,100,50,15,0.821794738257016,1239.59670934
0.5070094,1405.366,0.0003607668,False,100,50,15,0.821794738257016,1239.59670934
0.36120945,682.9551,0.000528892,False,100,50,15,0.821794738257016,1239.59670934
0.27659562,975.4274,0.0002835635,False,100,50,15,0.821794738257016,1239.59670934
0.30060822,792.6485,0.0003792453,False,100,50,15,0.821794738257016,1239.59670934
0.25424847,1453.9833,0.00017486341,False,100,50,15,0.821794738257016,1239.59670934
0.1707843,396.11508,0.00043114816,False,100,50,15,0.821794738257016,1239.59670934
0.51128036,1740.9131,0.00029368518,False,100,50,15,0.821794738257016,1239.59670934
0.3382284,1629.0975,0.00020761703,False,100,50,15,0.821794738257016,1239.59670934
0.02310209,1415.8475,1.6316792e-05,False,100,50,15,0.821794738257016,1239.59670934
0.3824124,1453.2915,0.0002631354,False,100,50,15,0.821794738257016,1239.59670934
8.2900766e-16,192.07068,4.3161594e-18,False,100,50,15,0.821794738257016,1239.59670934
1.6055966e-13,131.9196,1.2171024e-15,False,100,50,15,0.821794738257016,1239.59670934
2.3023463e-15,126.8771,1.8146271e-17,False,100,50,15,0.821794738257016,1239.59670934
7.8573995e-16,305.99124,2.5678511e-18,False,100,50,15,0.821794738257016,1239.59670934
2.8650903e-14,455.03427,6.2964274e-17,False,100,50,15,0.821794738257016,1239.59670934
0.39657363,352.81436,0.0011240292,False,100,50,15,0.821794738257016,1239.59670934
0.6775304,1704.6207,0.00039746697,False,100,50,15,0.821794738257016,1239.59670934
1.2753228e-14,230.00114,5.544854e-17,False,100,50,15,0.821794738257016,1239.59670934
0.6680257,1511.379,0.00044199746,False,100,50,15,0.821794738257016,1239.59670934
0.6415074,472.8755,0.0013566095,False,100,50,15,0.821794738257016,1239.59670934
1.654379e-07,180.81494,9.14957e-10,False,100,50,15,0.821794738257016,1239.59670934
4.2882842e-14,126.72249,3.3839962e-16,False,100,50,15,0.821794738257016,1239.59670934
0.6400798,1714.811,0.0003732655,False,100,50,15,0.821794738257016,1239.59670934
0.3500587,291.31903,0.0012016335,False,100,50,15,0.821794738257016,1239.59670934
0.7592089,1141.2657,0.0006652341,False,100,50,15,0.821794738257016,1239.59670934
2.1472177e-15,324.21228,6.622876e-18,False,100,50,15,0.821794738257016,1239.59670934
0.0,435.91293,0.0,False,100,50,15,0.821794738257016,1239.59670934
0.0,441.98666,0.0,False,100,50,15,0.821794738257016,1239.59670934
4.0005595e-15,582.3727,6.869415e-18,False,100,50,15,0.821794738257016,1239.59670934
0.77289474,1151.3073,0.00067131926,False,100,50,15,0.821794738257016,1239.59670934
0.53952545,1091.0225,0.0004945136,False,100,50,15,0.821794738257016,1239.59670934
4.3728283e-15,140.44115,3.1136375e-17,False,100,50,15,0.821794738257016,1239.59670934
7.551467e-09,275.23495,2.7436439e-11,False,100,50,15,0.821794738257016,1239.59670934
0.5346034,1185.2018,0.0004510653,False,100,50,15,0.821794738257016,1239.59670934
0.0,446.77087,0.0,False,100,50,15,0.821794738257016,1239.59670934
0.465733,1539.2108,0.00030257908,False,100,50,15,0.821794738257016,1239.59670934
0.41641882,633.0609,0.0006577863,False,100,50,15,0.821794738257016,1239.59670934
0.675161,1787.8236,0.0003776441,False,100,50,15,0.821794738257016,1239.59670934
0.5132725,764.0831,0.0006717496,False,100,50,15,0.821794738257016,1239.59670934
0.3790631,929.2365,0.00040792962,False,100,50,15,0.821794738257016,1239.59670934
1.5687873e-15,188.44807,8.324772e-18,False,100,50,15,0.821794738257016,1239.59670934
0.0,256.09558,0.0,False,100,50,15,0.821794738257016,1239.59670934
2.2912785e-12,298.76544,7.669155e-15,False,100,50,15,0.821794738257016,1239.59670934
0.4095757,850.72906,0.00048144083,False,100,50,15,0.821794738257016,1239.59670934
0.64841795,1291.3721,0.0005021155,False,100,50,15,0.821794738257016,1239.59670934
0.59127784,345.41327,0.0017117982,False,100,50,15,0.821794738257016,1239.59670934
0.09207075,362.371,0.00025407868,False,100,50,15,0.821794738257016,1239.59670934
1.1979979e-14,857.8973,1.3964352e-17,False,100,50,15,0.821794738257016,1239.59670934
1.0237342e-15,489.38126,2.0918949e-18,False,100,50,15,0.821794738257016,1239.59670934
0.71749204,1246.9297,0.000575407,False,100,50,15,0.821794738257016,1239.59670934
0.51871055,778.76886,0.00066606485,False,100,50,15,0.821794738257016,1239.59670934
0.57458985,874.01685,0.0006574128,False,100,50,15,0.821794738257016,1239.59670934
0.5902079,1464.2865,0.00040306858,False,100,50,15,0.821794738257016,1239.59670934
1.5070741e-07,442.01755,3.4095346e-10,False,100,50,15,0.821794738257016,1239.59670934
0.31529388,948.5554,0.00033239374,False,100,50,15,0.821794738257016,1239.59670934
9.686471e-14,257.47235,3.7621402e-16,False,100,50,15,0.821794738257016,1239.59670934
3.2724385e-13,315.69397,1.0365857e-15,False,100,50,15,0.821794738257016,1239.59670934
0.43656862,501.23383,0.00087098795,False,100,50,15,0.821794738257016,1239.59670934
0.42022374,416.307,0.0010094083,False,100,50,15,0.821794738257016,1239.59670934
0.56681156,720.0504,0.0007871832,False,100,50,15,0.821794738257016,1239.59670934
8.8205235e-07,202.82414,4.348853e-09,False,100,50,15,0.821794738257016,1239.59670934
3.764027e-15,444.69843,8.464223e-18,False,100,50,15,0.821794738257016,1239.59670934
9.727353e-07,223.2962,4.3562554e-09,False,100,50,15,0.821794738257016,1239.59670934
0.3692548,1195.8741,0.00030877398,False,100,50,15,0.821794738257016,1239.59670934
8.0898646e-14,286.89554,2.8197944e-16,False,100,50,15,0.821794738257016,1239.59670934
0.3455065,534.0127,0.0006470005,False,100,50,15,0.821794738257016,1239.59670934
0.44602048,325.28177,0.0013711819,False,100,50,15,0.821794738257016,1239.59670934
0.32724938,675.14014,0.00048471327,False,100,50,15,0.821794738257016,1239.59670934
6.5219006e-16,844.41895,7.723537e-19,False,100,50,15,0.821794738257016,1239.59670934
0.26984626,835.7059,0.0003228962,False,100,50,15,0.821794738257016,1239.59670934
2.1944938e-14,578.10455,3.7960155e-17,False,100,50,15,0.821794738257016,1239.59670934
3.8419127e-14,246.90607,1.556022e-16,False,100,50,15,0.821794738257016,1239.59670934
0.0,984.0954,0.0,False,100,50,15,0.821794738257016,1239.59670934
9.893205e-15,694.6304,1.4242402e-17,False,100,50,15,0.821794738257016,1239.59670934
0.0,141.07924,0.0,False,100,50,15,0.821794738257016,1239.59670934
1.5016497e-14,435.06628,3.451542e-17,False,100,50,15,0.821794738257016,1239.59670934
1.1932423e-15,622.2518,1.9176197e-18,False,100,50,15,0.821794738257016,1239.59670934
6.0749834e-15,606.84674,1.00107375e-17,False,100,50,15,0.821794738257016,1239.59670934
0.0,291.8043,0.0,False,100,50,15,0.821794738257016,1239.59670934
0.045474082,314.64725,0.000144524,False,100,50,15,0.821794738257016,1239.59670934
0.0,470.59598,0.0,False,100,50,15,0.821794738257016,1239.59670934
0.0,277.0081,0.0,False,100,50,15,0.821794738257016,1239.59670934
2.4461878e-14,817.0592,2.993893e-17,False,100,50,15,0.821794738257016,1239.59670934
0.18697877,355.32187,0.0005262237,False,100,50,15,0.821794738257016,1239.59670934
0.0,1095.3256,0.0,False,100,50,15,0.821794738257016,1239.59670934
0.772443,825.4265,0.00093581073,False,100,50,15,0.821794738257016,1239.59670934
0.0,362.4645,0.0,False,100,50,15,0.821794738257016,1239.59670934
4.553407e-31,12.920926,3.5240562e-32,False,100,50,15,0.821794738257016,1239.59670934
2.0384225e-16,285.70572,7.134693e-19,False,100,50,15,0.821794738257016,1239.59670934
1.1028312e-13,368.9845,2.988828e-16,False,100,50,15,0.821794738257016,1239.59670934
0.0,280.00708,0.0,False,100,50,15,0.821794738257016,1239.59670934
3.231103e-05,276.5238,1.1684719e-07,False,100,50,15,0.821794738257016,1239.59670934
0.09637456,427.4597,0.00022545882,False,100,50,15,0.821794738257016,1239.59670934
0.0,230.17162,0.0,False,100,50,15,0.821794738257016,1239.59670934
0.0,145.67397,0.0,False,100,50,15,0.821794738257016,1239.59670934
0.22144607,604.36255,0.00036641263,False,100,50,15,0.821794738257016,1239.59670934
0.06424249,890.19745,7.2166564e-05,False,100,50,15,0.821794738257016,1239.59670934
0.27794898,409.04135,0.00067951315,False,100,50,15,0.821794738257016,1239.59670934
2.1077158e-14,155.60019,1.3545715e-16,False,100,50,15,0.821794738257016,1239.59670934
0.0,7.764724,0.0,False,100,50,15,0.821794738257016,1239.59670934
0.0,118.95648,0.0,False,100,50,15,0.821794738257016,1239.59670934
0.6718626,690.4622,0.00097306207,False,100,50,15,0.821794738257016,1239.59670934
0.80248994,1368.2979,0.00058648776,False,100,50,15,0.821794738257016,1239.59670934
0.8060764,1041.7794,0.0007737496,False,100,50,15,0.821794738257016,1239.59670934
0.7657058,924.78204,0.0008279852,False,100,50,15,0.821794738257016,1239.59670934
0.63122594,529.0955,0.0011930283,False,100,50,15,0.821794738257016,1239.59670934
0.6636933,1148.9576,0.00057764817,False,100,50,15,0.821794738257016,1239.59670934
0.79660976,744.6091,0.0010698362,False,100,50,15,0.821794738257016,1239.59670934
0.7244142,868.6949,0.000833911,False,100,50,15,0.821794738257016,1239.59670934
0.7653607,743.2824,0.0010297038,False,100,50,15,0.821794738257016,1239.59670934
0.71480817,1623.3704,0.00044032352,False,100,50,15,0.821794738257016,1239.59670934
0.15666293,372.29114,0.00042080757,False,100,50,15,0.821794738257016,1239.59670934
0.0,80.74406,0.0,False,100,50,15,0.821794738257016,1239.59670934
0.21423806,344.28818,0.00062226376,False,100,50,15,0.821794738257016,1239.59670934
0.36119696,1529.9409,0.00023608556,False,100,50,15,0.821794738257016,1239.59670934
1.6547605e-15,372.4124,4.443355e-18,False,100,50,15,0.821794738257016,1239.59670934
0.0,194.7803,0.0,False,100,50,15,0.821794738257016,1239.59670934
0.0,451.34064,0.0,False,100,50,15,0.821794738257016,1239.59670934
4.9517035e-10,305.9618,1.6184058e-12,False,100,50,15,0.821794738257016,1239.59670934
9.271846e-11,540.4727,1.7155067e-13,False,100,50,15,0.821794738257016,1239.59670934
1.3956805e-14,645.41437,2.1624566e-17,False,100,50,15,0.821794738257016,1239.59670934
0.27839798,375.94553,0.00074052747,False,100,50,15,0.821794738257016,1239.59670934
0.80953485,1005.73395,0.00080491946,False,100,50,15,0.821794738257016,1239.59670934
8.582694e-14,345.43433,2.4846094e-16,False,100,50,15,0.821794738257016,1239.59670934
0.2434253,380.8659,0.0006391365,False,100,50,15,0.821794738257016,1239.59670934
4.099446e-14,60.414215,6.785565e-16,False,100,50,15,0.821794738257016,1239.59670934
1.4443943e-06,581.091,2.4856595e-09,False,100,50,15,0.821794738257016,1239.59670934
0.25888565,749.25073,0.00034552606,False,100,50,15,0.821794738257016,1239.59670934
0.8138513,785.4662,0.0010361379,False,100,50,15,0.821794738257016,1239.59670934
4.7537116e-09,404.67615,1.1746953e-11,False,100,50,15,0.821794738257016,1239.59670934
0.7986428,886.0144,0.00090138806,False,100,50,15,0.821794738257016,1239.59670934
9.456997e-16,1095.5844,8.63192e-19,False,100,50,15,0.821794738257016,1239.59670934
5.3941795e-16,304.92273,1.7690316e-18,False,100,50,15,0.821794738257016,1239.59670934
6.3814437e-15,238.97467,2.6703432e-17,False,100,50,15,0.821794738257016,1239.59670934
4.250881e-15,376.36237,1.1294649e-17,False,100,50,15,0.821794738257016,1239.59670934
2.4061707e-16,561.05676,4.2886404e-19,False,100,50,15,0.821794738257016,1239.59670934
0.74711704,1252.3461,0.0005965739,False,100,50,15,0.821794738257016,1239.59670934
0.42784947,982.08655,0.00043565352,False,100,50,15,0.821794738257016,1239.59670934
0.0,203.68399,0.0,False,100,50,15,0.821794738257016,1239.59670934
0.7151066,1583.6072,0.00045156816,False,100,50,15,0.821794738257016,1239.59670934
0.0,115.65541,0.0,False,100,50,15,0.821794738257016,1239.59670934
1.0607933e-14,189.96523,5.584145e-17,False,100,50,15,0.821794738257016,1239.59670934
7.394841e-15,453.96912,1.6289304e-17,False,100,50,15,0.821794738257016,1239.59670934
3.9000613e-12,283.8299,1.374084e-14,False,100,50,15,0.821794738257016,1239.59670934
0.0,118.17595,0.0,False,100,50,15,0.821794738257016,1239.59670934
0.0,201.91025,0.0,False,100,50,15,0.821794738257016,1239.59670934
0.82179475,968.78595,0.00084827276,False,100,50,15,0.821794738257016,1239.59670934
0.79026663,813.9165,0.00097094313,False,100,50,15,0.821794738257016,1239.59670934
4.245468e-15,312.3025,1.359409e-17,False,100,50,15,0.821794738257016,1239.59670934
0.0,317.05292,0.0,False,100,50,15,0.821794738257016,1239.59670934
0.43279487,452.36075,0.00095674716,False,100,50,15,0.821794738257016,1239.59670934
0.0,239.70999,0.0,False,100,50,15,0.821794738257016,1239.59670934
0.82179475,930.1189,0.0008835373,False,100,50,15,0.821794738257016,1239.59670934
0.82179475,903.45154,0.0009096169,False,100,50,15,0.821794738257016,1239.59670934
0.67071956,659.1172,0.0010176029,False,100,50,15,0.821794738257016,1239.59670934
0.76708686,760.8703,0.0010081703,False,100,50,15,0.821794738257016,1239.59670934
0.20570949,615.3503,0.00033429658,False,100,50,15,0.821794738257016,1239.59670934
5.118211e-15,410.45502,1.2469603e-17,False,100,50,15,0.821794738257016,1239.59670934
0.3836412,623.25037,0.0006155491,False,100,50,15,0.821794738257016,1239.59670934
0.47037292,591.2171,0.000795601,False,100,50,15,0.821794738257016,1239.59670934
0.74508613,779.16113,0.00095626706,False,100,50,15,0.821794738257016,1239.59670934
0.5748338,503.2269,0.0011422954,False,100,50,15,0.821794738257016,1239.59670934
0.0,568.4835,0.0,False,100,50,15,0.821794738257016,1239.59670934
0.80597407,885.4544,0.0009102378,False,100,50,15,0.821794738257016,1239.59670934
0.19931547,250.16026,0.0007967511,False,100,50,15,0.821794738257016,1239.59670934
0.70878327,718.891,0.0009859399,False,100,50,15,0.821794738257016,1239.59670934
0.0,144.93112,0.0,False,100,50,15,0.821794738257016,1239.59670934
0.6705258,665.912,0.0010069285,False,100,50,15,0.821794738257016,1239.59670934
8.047945e-14,579.11053,1.389708e-16,False,100,50,15,0.821794738257016,1239.59670934
2.3393174e-15,163.71283,1.4289151e-17,False,100,50,15,0.821794738257016,1239.59670934
0.1953015,455.80203,0.0004284788,False,100,50,15,0.821794738257016,1239.59670934
0.7064579,1057.0764,0.000668313,False,100,50,15,0.821794738257016,1239.59670934
0.22936861,1086.6013,0.0002110881,False,100,50,15,0.821794738257016,1239.59670934
0.07091392,386.6582,0.00018340208,False,100,50,15,0.821794738257016,1239.59670934
0.7638769,826.2498,0.0009245108,False,100,50,15,0.821794738257016,1239.59670934
3.222268e-14,218.63748,1.473795e-16,False,100,50,15,0.821794738257016,1239.59670934
0.7215666,823.6241,0.00087608735,False,100,50,15,0.821794738257016,1239.59670934
0.6408976,648.93677,0.0009876117,False,100,50,15,0.821794738257016,1239.59670934
3.0385345e-14,18.852573,1.6117346e-15,False,100,50,15,0.821794738257016,1239.59670934
0.0,377.58487,0.0,False,100,50,15,0.821794738257016,1239.59670934
0.6775128,735.3589,0.0009213363,False,100,50,15,0.821794738257016,1239.59670934
0.75597346,669.2373,0.0011296045,False,100,50,15,0.821794738257016,1239.59670934
0.5458159,412.69565,0.0013225627,False,100,50,15,0.821794738257016,1239.59670934
0.80496246,843.6061,0.00095419236,False,100,50,15,0.821794738257016,1239.59670934
0.0,251.25911,0.0,False,100,50,15,0.821794738257016,1239.59670934
0.5919421,532.06134,0.0011125448,False,100,50,15,0.821794738257016,1239.59670934
0.20147337,215.72711,0.00093392696,False,100,50,15,0.821794738257016,1239.59670934
0.8102188,960.51605,0.00084352447,False,100,50,15,0.821794738257016,1239.59670934
0.0,346.85632,0.0,False,100,50,15,0.821794738257016,1239.59670934
0.69814646,784.86786,0.0008895083,False,100,50,15,0.821794738257016,1239.59670934
0.60845363,520.0783,0.001169927,False,100,50,15,0.821794738257016,1239.59670934
0.6349081,597.20654,0.0010631299,False,100,50,15,0.821794738257016,1239.59670934
0.8143728,1143.8322,0.00071196875,False,100,50,15,0.821794738257016,1239.59670934
0.0,227.11012,0.0,False,100,50,15,0.821794738257016,1239.59670934
0.7979672,864.2568,0.00092329876,False,100,50,15,0.821794738257016,1239.59670934
0.6698299,691.53125,0.00096861843,False,100,50,15,0.821794738257016,1239.59670934
0.6816215,525.11426,0.0012980441,False,100,50,15,0.821794738257016,1239.59670934
8.3926396e-14,312.2172,2.6880773e-16,False,100,50,15,0.821794738257016,1239.59670934
0.7228488,818.1507,0.00088351546,False,100,50,15,0.821794738257016,1239.59670934
2.9916613e-13,148.50569,2.0145095e-15,False,100,50,15,0.821794738257016,1239.59670934
0.18278775,607.47925,0.00030089545,False,100,50,15,0.821794738257016,1239.59670934
0.8085259,1006.8148,0.00080305326,False,100,50,15,0.821794738257016,1239.59670934
0.7118956,784.06415,0.0009079558,False,100,50,15,0.821794738257016,1239.59670934
0.3197573,674.92444,0.00047376758,False,100,50,15,0.821794738257016,1239.59670934
0.74155205,871.4072,0.0008509822,False,100,50,15,0.821794738257016,1239.59670934
0.0,462.37302,0.0,False,100,50,15,0.821794738257016,1239.59670934
0.6111911,451.0409,0.0013550681,False,100,50,15,0.821794738257016,1239.59670934
0.31720677,401.42,0.00079021166,False,100,50,15,0.821794738257016,1239.59670934
0.0,346.0069,0.0,False,100,50,15,0.821794738257016,1239.59670934
5.4045497e-09,11.572821,4.6700366e-10,False,100,50,15,0.821794738257016,1239.59670934
0.7949671,823.50287,0.0009653483,False,100,50,15,0.821794738257016,1239.59670934
0.6262247,547.9566,0.0011428363,False,100,50,15,0.821794738257016,1239.59670934
0.76585644,939.2264,0.000815412,False,100,50,15,0.821794738257016,1239.59670934
0.64272004,605.4841,0.0010614978,False,100,50,15,0.821794738257016,1239.59670934
0.8058436,938.38934,0.0008587519,False,100,50,15,0.821794738257016,1239.59670934
4.88874e-12,311.14972,1.5711858e-14,False,100,50,15,0.821794738257016,1239.59670934
0.035345618,406.65356,8.6918255e-05,False,100,50,15,0.821794738257016,1239.59670934
0.7880284,1778.2108,0.00044315803,False,100,50,15,0.821794738257016,1239.59670934
0.7870021,734.9355,0.0010708452,False,100,50,15,0.821794738257016,1239.59670934
8.7851563e-13,370.9285,2.3684231e-15,False,100,50,15,0.821794738257016,1239.59670934
0.5674928,577.13776,0.0009832883,False,100,50,15,0.821794738257016,1239.59670934
0.52029747,447.45157,0.0011628018,False,100,50,15,0.821794738257016,1239.59670934
0.60061675,613.5615,0.0009789022,False,100,50,15,0.821794738257016,1239.59670934
1.3771377e-14,137.75659,9.996891e-17,False,100,50,15,0.821794738257016,1239.59670934
0.7127114,789.1451,0.00090314366,False,100,50,15,0.821794738257016,1239.59670934
6.557186e-13,333.57715,1.965718e-15,False,100,50,15,0.821794738257016,1239.59670934
0.6276845,679.55084,0.00092367554,False,100,50,15,0.821794738257016,1239.59670934
0.31575623,715.2126,0.00044148584,False,100,50,15,0.821794738257016,1239.59670934
0.31086197,770.15607,0.00040363503,False,100,50,15,0.821794738257016,1239.59670934
0.47919315,393.49393,0.0012177904,False,100,50,15,0.821794738257016,1239.59670934
0.5579926,578.8873,0.0009639053,False,100,50,15,0.821794738257016,1239.59670934
1.3208294e-13,263.08975,5.0204516e-16,False,100,50,15,0.821794738257016,1239.59670934
4.4952797e-15,297.96414,1.5086646e-17,False,100,50,15,0.821794738257016,1239.59670934
0.011861714,680.40106,1.7433415e-05,False,100,50,15,0.821794738257016,1239.59670934
0.42549872,440.90714,0.0009650529,False,100,50,15,0.821794738257016,1239.59670934
0.06424249,341.57724,0.00018807602,False,100,50,15,0.821794738257016,1239.59670934
1.1050531e-14,344.01532,3.2122206e-17,False,100,50,15,0.821794738257016,1239.59670934
0.06424249,423.70462,0.00015162093,False,100,50,15,0.821794738257016,1239.59670934
0.06424249,459.1682,0.00013991058,False,100,50,15,0.821794738257016,1239.59670934
8.0787726e-16,262.14926,3.0817453e-18,False,100,50,15,0.821794738257016,1239.59670934
0.28489986,628.86115,0.00045304096,False,100,50,15,0.821794738257016,1239.59670934
0.43329966,626.26984,0.0006918738,False,100,50,15,0.821794738257016,1239.59670934
2.1819306e-13,295.64496,7.3802394e-16,False,100,50,15,0.821794738257016,1239.59670934
4.096329e-15,200.76834,2.040326e-17,False,100,50,15,0.821794738257016,1239.59670934
0.0,233.39949,0.0,False,100,50,15,0.821794738257016,1239.59670934
0.06424249,464.88327,0.00013819057,False,100,50,15,0.821794738257016,1239.59670934
0.49662387,529.676,0.0009375993,False,100,50,15,0.821794738257016,1239.59670934
0.52047664,381.76083,0.0013633579,False,100,50,15,0.821794738257016,1239.59670934
0.38209882,790.3035,0.00048348363,False,100,50,15,0.821794738257016,1239.59670934
0.0,171.97969,0.0,False,100,50,15,0.821794738257016,1239.59670934
0.31244984,386.55725,0.00080828863,False,100,50,15,0.821794738257016,1239.59670934
0.48969924,417.94147,0.0011716933,False,100,50,15,0.821794738257016,1239.59670934
0.6179386,545.896,0.0011319713,False,100,50,15,0.821794738257016,1239.59670934
5.545611e-29,427.5854,1.29696e-31,False,100,50,15,0.821794738257016,1239.59670934
4.9656125e-15,318.88913,1.5571596e-17,False,100,50,15,0.821794738257016,1239.59670934
0.15720183,392.64893,0.0004003623,False,100,50,15,0.821794738257016,1239.59670934
0.0,98.19238,0.0,False,100,50,15,0.821794738257016,1239.59670934
0.57599235,436.91867,0.0013183056,False,100,50,15,0.821794738257016,1239.59670934
0.0,347.67728,0.0,False,100,50,15,0.821794738257016,1239.59670934
5.5883007e-15,238.10284,2.3470113e-17,False,100,50,15,0.821794738257016,1239.59670934
4.766492e-15,398.49936,1.1961104e-17,False,100,50,15,0.821794738257016,1239.59670934
0.78940004,777.69763,0.0010150475,False,100,50,15,0.821794738257016,1239.59670934
2.9909934e-17,516.90546,5.7863455e-20,False,100,50,15,0.821794738257016,1239.59670934
0.49346516,491.74265,0.0010035029,False,100,50,15,0.821794738257016,1239.59670934
0.0,623.4322,0.0,False,100,50,15,0.821794738257016,1239.59670934
0.6896238,503.99026,0.0013683275,False,100,50,15,0.821794738257016,1239.59670934
0.6011848,342.0218,0.0017577383,False,100,50,15,0.821794738257016,1239.59670934
0.8002246,745.4354,0.0010734996,False,100,50,15,0.821794738257016,1239.59670934
1.082926e-13,278.5279,3.8880342e-16,False,100,50,15,0.821794738257016,1239.59670934
1.2835746e-13,101.87712,1.2599243e-15,False,100,50,15,0.821794738257016,1239.59670934
0.0,189.49684,0.0,False,100,50,15,0.821794738257016,1239.59670934
0.09482433,359.12994,0.00026403906,False,100,50,15,0.821794738257016,1239.59670934
2.88657e-14,342.08798,8.4380926e-17,False,100,50,15,0.821794738257016,1239.59670934
2.1921485e-10,133.28735,1.6446785e-12,False,100,50,15,0.821794738257016,1239.59670934
1.6801444e-06,312.4246,5.3777596e-09,False,100,50,15,0.821794738257016,1239.59670934
0.5989347,392.7351,0.0015250348,False,100,50,15,0.821794738257016,1239.59670934
2.3955402e-16,413.63882,5.7913815e-19,False,100,50,15,0.821794738257016,1239.59670934
0.31579217,700.2141,0.00045099374,False,100,50,15,0.821794738257016,1239.59670934
0.6042938,431.22107,0.001401355,False,100,50,15,0.821794738257016,1239.59670934
0.46372968,407.95615,0.0011367145,False,100,50,15,0.821794738257016,1239.59670934
0.8175508,927.70294,0.0008812635,False,100,50,15,0.821794738257016,1239.59670934
0.6590911,586.56824,0.0011236393,False,100,50,15,0.821794738257016,1239.59670934
0.6101026,478.56055,0.0012748702,False,100,50,15,0.821794738257016,1239.59670934
0.5562349,364.02853,0.001527998,False,100,50,15,0.821794738257016,1239.59670934
0.0,668.3428,0.0,False,100,50,15,0.821794738257016,1239.59670934
0.0,258.81445,0.0,False,100,50,15,0.821794738257016,1239.59670934
0.5345205,352.1364,0.0015179359,False,100,50,15,0.821794738257016,1239.59670934
0.82179475,1189.7758,0.000690714,False,100,50,15,0.821794738257016,1239.59670934
0.6303654,688.80225,0.0009151616,False,100,50,15,0.821794738257016,1239.59670934
0.14238521,573.1671,0.00024841834,False,100,50,15,0.821794738257016,1239.59670934
0.81268734,855.6433,0.0009497969,False,100,50,15,0.821794738257016,1239.59670934
3.6888587e-16,135.32089,2.7260082e-18,False,100,50,15,0.821794738257016,1239.59670934
0.52029544,314.1405,0.0016562508,False,100,50,15,0.821794738257016,1239.59670934
0.24157117,698.01086,0.00034608511,False,100,50,15,0.821794738257016,1239.59670934
0.33843368,416.71085,0.0008121547,False,100,50,15,0.821794738257016,1239.59670934
3.809025e-14,258.66174,1.4725891e-16,False,100,50,15,0.821794738257016,1239.59670934
0.54280216,402.8331,0.0013474616,False,100,50,15,0.821794738257016,1239.59670934
0.6060246,548.31537,0.0011052483,False,100,50,15,0.821794738257016,1239.59670934
1.7428414e-14,305.1082,5.712208e-17,False,100,50,15,0.821794738257016,1239.59670934
0.8185255,880.00275,0.0009301397,False,100,50,15,0.821794738257016,1239.59670934
2.2427987e-10,7.764724,2.8884463e-11,True,100,50,15,0.821794738257016,1239.59670934
0.66488624,706.1816,0.00094152306,False,100,50,15,0.821794738257016,1239.59670934
1.06036345e-14,359.75644,2.947448e-17,False,100,50,15,0.821794738257016,1239.59670934
2.6473313e-14,228.85287,1.1567831e-16,False,100,50,15,0.821794738257016,1239.59670934
0.17509717,287.05154,0.0006099851,False,100,50,15,0.821794738257016,1239.59670934
0.5618942,448.10104,0.0012539453,False,100,50,15,0.821794738257016,1239.59670934
0.618742,1208.8303,0.0005118518,False,100,50,15,0.821794738257016,1239.59670934
0.07070169,367.3692,0.00019245404,False,100,50,15,0.821794738257016,1239.59670934
1.9193608e-13,280.67972,6.8382595e-16,False,100,50,15,0.821794738257016,1239.59670934
0.70658606,767.94366,0.0009201014,False,100,50,15,0.821794738257016,1239.59670934
0.621772,542.2783,0.001146592,False,100,50,15,0.821794738257016,1239.59670934
0.72900546,725.94794,0.0010042117,False,100,50,15,0.821794738257016,1239.59670934
0.45788068,219.76996,0.0020834543,False,100,50,15,0.821794738257016,1239.59670934
0.66138715,629.9399,0.001049921,False,100,50,15,0.821794738257016,1239.59670934
0.7657495,716.9066,0.00106813,False,100,50,15,0.821794738257016,1239.59670934
0.82027215,824.2113,0.0009952207,False,100,50,15,0.821794738257016,1239.59670934
0.5415644,389.57642,0.0013901365,False,100,50,15,0.821794738257016,1239.59670934
0.53317285,384.32593,0.0013872935,False,100,50,15,0.821794738257016,1239.59670934
0.68615294,961.46716,0.00071365194,False,100,50,15,0.821794738257016,1239.59670934
0.0,131.0269,0.0,False,100,50,15,0.821794738257016,1239.59670934
0.82179475,1026.686,0.0008004343,True,100,50,15,0.821794738257016,1239.59670934
4.609471e-08,7.7647243,5.9364256e-09,True,100,50,15,0.821794738257016,1239.59670934
0.5558938,412.44443,0.0013478028,False,100,50,15,0.821794738257016,1239.59670934
0.6286151,555.2907,0.0011320468,False,100,50,15,0.821794738257016,1239.59670934
0.5938724,614.9104,0.0009657869,False,100,50,15,0.821794738257016,1239.59670934
0.69757795,656.6037,0.0010624033,False,100,50,15,0.821794738257016,1239.59670934
0.62153304,529.66,0.0011734567,False,100,50,15,0.821794738257016,1239.59670934
0.43432158,234.10895,0.0018552113,False,100,50,15,0.821794738257016,1239.59670934
0.82179475,850.3208,0.0009664526,False,100,50,15,0.821794738257016,1239.59670934
0.81772405,731.32605,0.0011181388,False,100,50,15,0.821794738257016,1239.59670934
0.71741813,697.4146,0.0010286825,False,100,50,15,0.821794738257016,1239.59670934
0.4557574,271.60037,0.0016780441,False,100,50,15,0.821794738257016,1239.59670934
0.5296379,391.13248,0.0013541138,False,100,50,15,0.821794738257016,1239.59670934
0.57275486,457.64764,0.0012515193,False,100,50,15,0.821794738257016,1239.59670934
0.8202462,861.82404,0.000951756,False,100,50,15,0.821794738257016,1239.59670934
0.0,454.06064,0.0,False,100,50,15,0.821794738257016,1239.59670934
0.6542518,575.9679,0.0011359171,False,100,50,15,0.821794738257016,1239.59670934
0.0,196.5109,0.0,False,100,50,15,0.821794738257016,1239.59670934
0.5885332,478.56674,0.0012297829,False,100,50,15,0.821794738257016,1239.59670934
0.55421245,440.94632,0.0012568706,False,100,50,15,0.821794738257016,1239.59670934
0.6009414,492.50586,0.0012201711,False,100,50,15,0.821794738257016,1239.59670934
0.8171565,933.0148,0.0008758237,False,100,50,15,0.821794738257016,1239.59670934
0.5224818,327.0439,0.0015975891,False,100,50,15,0.821794738257016,1239.59670934
0.6959599,431.75217,0.0016119431,False,100,50,15,0.821794738257016,1239.59670934
4.8721716e-16,428.33624,1.1374642e-18,False,100,50,15,0.821794738257016,1239.59670934
0.5477977,365.20526,0.0014999721,False,100,50,15,0.821794738257016,1239.59670934
0.82179475,1221.0785,0.00067300734,False,100,50,15,0.821794738257016,1239.59670934
0.8209246,690.6525,0.0011886217,False,100,50,15,0.821794738257016,1239.59670934
0.5771907,442.7692,0.0013035927,False,100,50,15,0.821794738257016,1239.59670934
5.408309e-16,284.17688,1.9031488e-18,False,100,50,15,0.821794738257016,1239.59670934
0.6068006,577.28143,0.0010511348,False,100,50,15,0.821794738257016,1239.59670934
0.5360001,516.73346,0.0010372854,False,100,50,15,0.821794738257016,1239.59670934
0.61228126,578.0627,0.0010591953,False,100,50,15,0.821794738257016,1239.59670934
4.566489e-16,474.35565,9.62672e-19,False,100,50,15,0.821794738257016,1239.59670934
0.08037537,750.4579,0.000107101776,False,100,50,15,0.821794738257016,1239.59670934
0.8173396,742.9651,0.001100105,False,100,50,15,0.821794738257016,1239.59670934
0.5858525,537.5535,0.0010898496,False,100,50,15,0.821794738257016,1239.59670934
0.6077477,586.907,0.0010355094,False,100,50,15,0.821794738257016,1239.59670934
0.82179475,877.8298,0.0009361664,False,100,50,15,0.821794738257016,1239.59670934
0.528124,392.65414,0.0013450106,False,100,50,15,0.821794738257016,1239.59670934
0.56660926,500.9152,0.0011311481,False,100,50,15,0.821794738257016,1239.59670934
0.0,81.01046,0.0,False,100,50,15,0.821794738257016,1239.59670934
0.49808338,329.409,0.0015120516,False,100,50,15,0.821794738257016,1239.59670934
0.47395283,295.2198,0.0016054236,False,100,50,15,0.821794738257016,1239.59670934
0.54012144,414.51126,0.001303032,False,100,50,15,0.821794738257016,1239.59670934
0.47512746,508.12225,0.00093506527,False,100,50,15,0.821794738257016,1239.59670934
0.17783824,521.0046,0.00034133717,False,100,50,15,0.821794738257016,1239.59670934
0.14275078,954.77997,0.0001495117,False,100,50,15,0.821794738257016,1239.59670934
8.317796e-14,534.1643,1.5571605e-16,False,100,50,15,0.821794738257016,1239.59670934
0.5556945,421.2956,0.0013190134,False,100,50,15,0.821794738257016,1239.59670934
0.41431013,243.15787,0.001703873,False,100,50,15,0.821794738257016,1239.59670934
0.48551044,316.71533,0.0015329553,False,100,50,15,0.821794738257016,1239.59670934
0.6757391,574.0923,0.0011770566,False,100,50,15,0.821794738257016,1239.59670934
0.6212119,514.8202,0.001206658,False,100,50,15,0.821794738257016,1239.59670934
0.09482161,461.62823,0.00020540686,False,100,50,15,0.821794738257016,1239.59670934
0.5635247,468.5922,0.0012025909,False,100,50,15,0.821794738257016,1239.59670934
0.066261396,445.3573,0.00014878255,False,100,50,15,0.821794738257016,1239.59670934
0.6066442,534.2484,0.0011355096,False,100,50,15,0.821794738257016,1239.59670934
0.6870027,590.00946,0.0011643927,False,100,50,15,0.821794738257016,1239.59670934
0.6988835,571.22015,0.0012234923,False,100,50,15,0.821794738257016,1239.59670934
0.38167718,361.1132,0.0010569461,False,100,50,15,0.821794738257016,1239.59670934
0.56362516,366.27988,0.0015387827,False,100,50,15,0.821794738257016,1239.59670934
0.7439298,635.6746,0.0011702997,False,100,50,15,0.821794738257016,1239.59670934
9.227226e-15,282.88885,3.261785e-17,False,100,50,15,0.821794738257016,1239.59670934
0.22132571,433.32126,0.0005107659,False,100,50,15,0.821794738257016,1239.59670934
3.5461932e-15,212.21457,1.6710413e-17,False,100,50,15,0.821794738257016,1239.59670934
0.63474584,633.2462,0.0010023682,False,100,50,15,0.821794738257016,1239.59670934
9.642078e-18,45.927612,2.0994077e-19,False,100,50,15,0.821794738257016,1239.59670934
0.6139878,288.52466,0.0021280255,False,100,50,15,0.821794738257016,1239.59670934
0.82179475,710.0027,0.001157453,False,100,50,15,0.821794738257016,1239.59670934
0.219087,339.15735,0.00064597453,False,100,50,15,0.821794738257016,1239.59670934
1.2872964e-12,181.7879,7.08131e-15,False,100,50,15,0.821794738257016,1239.59670934
0.0,437.5916,0.0,False,100,50,15,0.821794738257016,1239.59670934
0.054382954,417.46393,0.00013026982,False,100,50,15,0.821794738257016,1239.59670934
0.61931896,345.70474,0.0017914679,False,100,50,15,0.821794738257016,1239.59670934
0.1552836,390.857,0.00039729007,False,100,50,15,0.821794738257016,1239.59670934
0.16150756,388.23755,0.00041600192,False,100,50,15,0.821794738257016,1239.59670934
0.4583177,613.243,0.0007473672,False,100,50,15,0.821794738257016,1239.59670934
0.42878175,338.1457,0.0012680385,False,100,50,15,0.821794738257016,1239.59670934
0.00260271,275.23,9.45649e-06,False,100,50,15,0.821794738257016,1239.59670934
0.7209913,483.10385,0.0014924147,False,100,50,15,0.821794738257016,1239.59670934
0.5901556,328.24426,0.001797916,False,100,50,15,0.821794738257016,1239.59670934
0.7679281,559.92084,0.0013714941,False,100,50,15,0.821794738257016,1239.59670934
4.8272063e-13,534.41437,9.032703e-16,False,100,50,15,0.821794738257016,1239.59670934
0.8212109,691.112,0.0011882458,False,100,50,15,0.821794738257016,1239.59670934
0.25756982,124.79298,0.0020639768,False,100,50,15,0.821794738257016,1239.59670934
0.60778636,346.82803,0.0017524142,False,100,50,15,0.821794738257016,1239.59670934
0.799216,1135.0417,0.00070412917,False,100,50,15,0.821794738257016,1239.59670934
0.792229,724.76385,0.0010930857,False,100,50,15,0.821794738257016,1239.59670934
1.6082506e-14,591.29114,2.7198964e-17,False,100,50,15,0.821794738257016,1239.59670934
0.0,275.90964,0.0,False,100,50,15,0.821794738257016,1239.59670934
0.6371965,378.32846,0.0016842415,False,100,50,15,0.821794738257016,1239.59670934
0.09087979,282.06116,0.00032219887,False,100,50,15,0.821794738257016,1239.59670934
0.630223,668.80396,0.00094231346,False,100,50,15,0.821794738257016,1239.59670934
0.14876898,316.2006,0.00047048923,False,100,50,15,0.821794738257016,1239.59670934
0.52613515,284.14377,0.0018516512,False,100,50,15,0.821794738257016,1239.59670934
0.14261767,87.040085,0.0016385287,True,100,50,15,0.821794738257016,1239.59670934
0.57898265,344.1182,0.0016825111,False,100,50,15,0.821794738257016,1239.59670934
0.43217015,211.24434,0.0020458307,False,100,50,15,0.821794738257016,1239.59670934
0.82179475,865.7965,0.0009491777,False,100,50,15,0.821794738257016,1239.59670934
0.41548917,203.27159,0.00204401,False,100,50,15,0.821794738257016,1239.59670934
0.7138526,602.77405,0.0011842789,False,100,50,15,0.821794738257016,1239.59670934
0.8020165,758.0666,0.0010579763,False,100,50,15,0.821794738257016,1239.59670934
0.82179475,941.1997,0.00087313534,True,100,50,15,0.821794738257016,1239.59670934
0.67599636,482.3443,0.001401481,False,100,50,15,0.821794738257016,1239.59670934
0.6845732,532.7938,0.0012848745,False,100,50,15,0.821794738257016,1239.59670934
0.6776848,650.5017,0.0010417879,False,100,50,15,0.821794738257016,1239.59670934
2.0395044e-15,138.42484,1.473366e-17,False,100,50,15,0.821794738257016,1239.59670934
0.8070692,765.13696,0.0010548035,False,100,50,15,0.821794738257016,1239.59670934
0.6398715,429.98788,0.0014881152,False,100,50,15,0.821794738257016,1239.59670934
0.69351697,413.03802,0.0016790633,False,100,50,15,0.821794738257016,1239.59670934
6.8054606e-13,304.4574,2.2352753e-15,False,100,50,15,0.821794738257016,1239.59670934
0.43874276,274.16992,0.0016002585,False,100,50,15,0.821794738257016,1239.59670934
0.6949797,466.1742,0.0014908155,False,100,50,15,0.821794738257016,1239.59670934
0.6582918,576.3883,0.0011420978,False,100,50,15,0.821794738257016,1239.59670934
0.52545744,317.70374,0.0016539227,False,100,50,15,0.821794738257016,1239.59670934
0.65687466,334.7224,0.001962446,False,100,50,15,0.821794738257016,1239.59670934
0.70188683,408.81058,0.0017168999,False,100,50,15,0.821794738257016,1239.59670934
0.07224746,571.8106,0.00012634859,False,100,50,15,0.821794738257016,1239.59670934
1.24387856e-14,69.797554,1.7821234e-16,False,100,50,15,0.821794738257016,1239.59670934
0.73634094,457.59415,0.0016091573,False,100,50,15,0.821794738257016,1239.59670934
0.06838147,455.94083,0.00014997883,False,100,50,15,0.821794738257016,1239.59670934
0.7098568,386.34875,0.0018373472,False,100,50,15,0.821794738257016,1239.59670934
0.0,238.35295,0.0,False,100,50,15,0.821794738257016,1239.59670934
0.13089642,315.94623,0.00041429966,False,100,50,15,0.821794738257016,1239.59670934
0.0,342.5144,0.0,False,100,50,15,0.821794738257016,1239.59670934
2.5673744e-15,565.6028,4.539183e-18,False,100,50,15,0.821794738257016,1239.59670934
0.0,19.44584,0.0,False,100,50,15,0.821794738257016,1239.59670934
0.0,358.31927,0.0,False,100,50,15,0.821794738257016,1239.59670934
9.427034e-16,457.00906,2.0627674e-18,False,100,50,15,0.821794738257016,1239.59670934
0.0,670.73346,0.0,False,100,50,15,0.821794738257016,1239.59670934
0.6057152,608.41846,0.0009955569,False,100,50,15,0.821794738257016,1239.59670934
0.10081178,444.11508,0.00022699473,False,100,50,15,0.821794738257016,1239.59670934
0.812336,1228.3671,0.00066131377,False,100,50,15,0.821794738257016,1239.59670934
0.3934509,505.68716,0.00077805197,False,100,50,15,0.821794738257016,1239.59670934
3.868047e-15,552.4795,7.00125e-18,False,100,50,15,0.821794738257016,1239.59670934
3.8944563e-15,247.40195,1.5741414e-17,False,100,50,15,0.821794738257016,1239.59670934
2.7960167e-13,555.61896,5.0322556e-16,False,100,50,15,0.821794738257016,1239.59670934
1.604995e-17,318.982,5.031616e-20,False,100,50,15,0.821794738257016,1239.59670934
1.2293785e-17,212.36261,5.789053e-20,False,100,50,15,0.821794738257016,1239.59670934
0.34924373,225.21912,0.0015506842,False,100,50,15,0.821794738257016,1239.59670934
0.0,105.579384,0.0,False,100,50,15,0.821794738257016,1239.59670934
2.0595646e-15,345.98337,5.952785e-18,False,100,50,15,0.821794738257016,1239.59670934
0.705807,425.92258,0.0016571251,False,100,50,15,0.821794738257016,1239.59670934
0.65900415,551.75366,0.0011943812,False,100,50,15,0.821794738257016,1239.59670934
1.6904261e-11,359.18582,4.706272e-14,False,100,50,15,0.821794738257016,1239.59670934
0.81053424,1012.09143,0.0008008508,False,100,50,15,0.821794738257016,1239.59670934
0.4493626,286.76825,0.0015669886,False,100,50,15,0.821794738257016,1239.59670934
0.7966938,1296.4844,0.0006145032,False,100,50,15,0.821794738257016,1239.59670934
4.421294e-11,204.50456,2.1619536e-13,False,100,50,15,0.821794738257016,1239.59670934
0.6045302,495.3821,0.0012203312,False,100,50,15,0.821794738257016,1239.59670934
0.7549785,461.40927,0.0016362447,False,100,50,15,0.821794738257016,1239.59670934
0.40520728,630.09106,0.0006430932,False,100,50,15,0.821794738257016,1239.59670934
0.6208256,395.73618,0.0015687866,False,100,50,15,0.821794738257016,1239.59670934
0.41237205,476.4517,0.00086550653,False,100,50,15,0.821794738257016,1239.59670934
0.5745522,268.4651,0.0021401374,False,100,50,15,0.821794738257016,1239.59670934
5.0727698e-15,183.53107,2.7639843e-17,False,100,50,15,0.821794738257016,1239.59670934
0.82179475,779.879,0.0010537464,False,100,50,15,0.821794738257016,1239.59670934
0.79228354,496.2874,0.0015964208,False,100,50,15,0.821794738257016,1239.59670934
0.7234752,396.34473,0.0018253686,False,100,50,15,0.821794738257016,1239.59670934
0.8062756,1209.5894,0.0006665697,False,100,50,15,0.821794738257016,1239.59670934
0.2778165,627.78784,0.00044253247,False,100,50,15,0.821794738257016,1239.59670934
0.60454875,313.66403,0.0019273767,False,100,50,15,0.821794738257016,1239.59670934
3.5906214e-09,293.95752,1.2214763e-11,False,100,50,15,0.821794738257016,1239.59670934
0.7990076,505.17282,0.001581652,False,100,50,15,0.821794738257016,1239.59670934
0.0,141.708,0.0,False,100,50,15,0.821794738257016,1239.59670934
0.2756248,321.30212,0.00085783686,False,100,50,15,0.821794738257016,1239.59670934
0.5555357,473.70328,0.0011727504,False,100,50,15,0.821794738257016,1239.59670934
0.16579324,688.4016,0.00024083797,False,100,50,15,0.821794738257016,1239.59670934
0.4222317,416.32553,0.0010141864,False,100,50,15,0.821794738257016,1239.59670934
0.8085176,1181.8234,0.00068412727,False,100,50,15,0.821794738257016,1239.59670934
0.5759,297.88785,0.0019332779,False,100,50,15,0.821794738257016,1239.59670934
0.7321646,417.93753,0.0017518519,False,100,50,15,0.821794738257016,1239.59670934
0.3560073,175.75409,0.002025599,False,100,50,15,0.821794738257016,1239.59670934
3.5328518e-11,302.44885,1.1680824e-13,False,100,50,15,0.821794738257016,1239.59670934
0.77151024,461.86224,0.0016704337,False,100,50,15,0.821794738257016,1239.59670934
0.5890656,838.4823,0.00070253795,False,100,50,15,0.821794738257016,1239.59670934
0.6260571,333.5031,0.0018772151,False,100,50,15,0.821794738257016,1239.59670934
0.8130892,548.10004,0.0014834686,False,100,50,15,0.821794738257016,1239.59670934
0.18115117,472.07907,0.00038373057,False,100,50,15,0.821794738257016,1239.59670934
0.42356375,206.92877,0.002046906,False,100,50,15,0.821794738257016,1239.59670934
0.23567489,385.69937,0.0006110326,False,100,50,15,0.821794738257016,1239.59670934
0.1410354,315.5364,0.00044697025,False,100,50,15,0.821794738257016,1239.59670934
0.28057462,855.29364,0.00032804479,False,100,50,15,0.821794738257016,1239.59670934
0.44888765,220.84256,0.0020326138,False,100,50,15,0.821794738257016,1239.59670934
0.40169042,203.64336,0.001972519,False,100,50,15,0.821794738257016,1239.59670934
0.71835005,392.86447,0.0018284933,False,100,50,15,0.821794738257016,1239.59670934
0.75813425,428.91293,0.0017675714,False,100,50,15,0.821794738257016,1239.59670934
0.03429574,369.81644,9.27372e-05,False,100,50,15,0.821794738257016,1239.59670934
0.48583218,664.7338,0.00073086726,False,100,50,15,0.821794738257016,1239.59670934
0.82179475,742.7986,0.0011063494,False,100,50,15,0.821794738257016,1239.59670934
0.80842936,1217.6765,0.00066391146,False,100,50,15,0.821794738257016,1239.59670934
0.80343014,1203.8218,0.00066739955,False,100,50,15,0.821794738257016,1239.59670934
0.32245955,164.47357,0.0019605553,False,100,50,15,0.821794738257016,1239.59670934
0.4909563,248.61168,0.0019747918,False,100,50,15,0.821794738257016,1239.59670934
0.7650596,460.85684,0.0016600807,False,100,50,15,0.821794738257016,1239.59670934
0.82179475,827.7878,0.0009927602,False,100,50,15,0.821794738257016,1239.59670934
0.7333497,675.37836,0.0010858353,False,100,50,15,0.821794738257016,1239.59670934
0.20083655,518.5769,0.00038728403,False,100,50,15,0.821794738257016,1239.59670934
0.5183703,640.08276,0.00080984883,False,100,50,15,0.821794738257016,1239.59670934
0.4392898,220.04977,0.0019963202,False,100,50,15,0.821794738257016,1239.59670934
7.907017e-14,172.32982,4.588305e-16,False,100,50,15,0.821794738257016,1239.59670934
0.8209851,786.1757,0.0010442769,False,100,50,15,0.821794738257016,1239.59670934
0.6183686,307.8575,0.0020086195,False,100,50,15,0.821794738257016,1239.59670934
0.6698361,355.16504,0.0018859855,False,100,50,15,0.821794738257016,1239.59670934
0.7898552,520.2188,0.0015183134,False,100,50,15,0.821794738257016,1239.59670934
0.7500124,431.57993,0.0017378296,False,100,50,15,0.821794738257016,1239.59670934
0.78114146,469.8531,0.0016625228,False,100,50,15,0.821794738257016,1239.59670934
0.0,200.34491,0.0,False,100,50,15,0.821794738257016,1239.59670934
0.5535524,270.95218,0.0020429892,False,100,50,15,0.821794738257016,1239.59670934
0.758243,932.8575,0.00081281766,False,100,50,15,0.821794738257016,1239.59670934
0.51377267,572.565,0.0008973176,False,100,50,15,0.821794738257016,1239.59670934
1.2071416e-13,199.59695,6.047896e-16,False,100,50,15,0.821794738257016,1239.59670934
4.247684e-15,288.91583,1.470215e-17,False,100,50,15,0.821794738257016,1239.59670934
0.76218796,586.6087,0.0012993123,False,100,50,15,0.821794738257016,1239.59670934
0.6685421,354.66534,0.0018849941,False,100,50,15,0.821794738257016,1239.59670934
0.5571407,537.23126,0.0010370594,False,100,50,15,0.821794738257016,1239.59670934
0.62859166,534.9981,0.0011749418,False,100,50,15,0.821794738257016,1239.59670934
0.71713257,390.7462,0.00183529,False,100,50,15,0.821794738257016,1239.59670934
0.82179475,764.8605,0.0010744375,False,100,50,15,0.821794738257016,1239.59670934
0.82179475,753.7897,0.0010902176,False,100,50,15,0.821794738257016,1239.59670934
0.38576972,189.76894,0.0020328392,False,100,50,15,0.821794738257016,1239.59670934
0.7889858,502.6877,0.0015695347,False,100,50,15,0.821794738257016,1239.59670934
0.5399057,266.47073,0.002026135,False,100,50,15,0.821794738257016,1239.59670934
0.0,7.764724,0.0,False,100,50,15,0.821794738257016,1239.59670934
0.4533883,222.81465,0.0020348227,False,100,50,15,0.821794738257016,1239.59670934
0.14188811,436.43115,0.00032510996,False,100,50,15,0.821794738257016,1239.59670934
0.3837825,601.7373,0.00063779077,False,100,50,15,0.821794738257016,1239.59670934
0.58863336,295.70053,0.00199064,False,100,50,15,0.821794738257016,1239.59670934
0.22800595,125.69977,0.0018138931,False,100,50,15,0.821794738257016,1239.59670934
0.6943244,363.06464,0.0019123988,False,100,50,15,0.821794738257016,1239.59670934
0.59281915,295.0543,0.0020091867,False,100,50,15,0.821794738257016,1239.59670934
0.82179475,851.4363,0.00096518645,False,100,50,15,0.821794738257016,1239.59670934
0.18510169,112.81586,0.0016407417,False,100,50,15,0.821794738257016,1239.59670934
0.76206076,413.57172,0.0018426327,False,100,50,15,0.821794738257016,1239.59670934
0.06424249,108.216446,0.0005936481,False,100,50,15,0.821794738257016,1239.59670934
0.57398623,283.4303,0.0020251407,False,100,50,15,0.821794738257016,1239.59670934
0.79277414,508.25177,0.0015598059,False,100,50,15,0.821794738257016,1239.59670934
1.6753152e-13,479.8012,3.491686e-16,False,100,50,15,0.821794738257016,1239.59670934
0.7576068,451.41623,0.0016782888,False,100,50,15,0.821794738257016,1239.59670934
0.0,288.74622,0.0,False,100,50,15,0.821794738257016,1239.59670934
0.35556456,451.6689,0.0007872239,False,100,50,15,0.821794738257016,1239.59670934
0.5081632,246.66786,0.0020601111,False,100,50,15,0.821794738257016,1239.59670934
0.3341204,420.34677,0.00079486845,False,100,50,15,0.821794738257016,1239.59670934
0.24243341,117.24258,0.0020677934,False,100,50,15,0.821794738257016,1239.59670934
0.52566224,255.60318,0.002056556,False,100,50,15,0.821794738257016,1239.59670934
0.26103604,103.08347,0.0025322782,False,100,50,15,0.821794738257016,1239.59670934
0.7144196,381.26645,0.0018738066,False,100,50,15,0.821794738257016,1239.59670934
0.5709176,281.94244,0.0020249437,False,100,50,15,0.821794738257016,1239.59670934
0.82179475,720.54944,0.0011405112,False,100,50,15,0.821794738257016,1239.59670934
0.40105495,190.46036,0.0021057136,False,100,50,15,0.821794738257016,1239.59670934
0.7957418,527.35724,0.0015089236,False,100,50,15,0.821794738257016,1239.59670934
3.9353862e-14,287.20175,1.3702514e-16,False,100,50,15,0.821794738257016,1239.59670934
0.42467427,638.42126,0.0006651944,False,100,50,15,0.821794738257016,1239.59670934
0.269423,449.328,0.00059961324,False,100,50,15,0.821794738257016,1239.59670934
1.8798258e-14,329.02115,5.713389e-17,False,100,50,15,0.821794738257016,1239.59670934
0.43058833,207.77634,0.0020723646,False,100,50,15,0.821794738257016,1239.59670934
0.17628065,287.41187,0.0006133381,False,100,50,15,0.821794738257016,1239.59670934
0.5752453,283.98648,0.0020256082,False,100,50,15,0.821794738257016,1239.59670934
0.4534865,329.36313,0.0013768588,False,100,50,15,0.821794738257016,1239.59670934
0.5375,265.00955,0.002028229,False,100,50,15,0.821794738257016,1239.59670934
0.78680056,475.97098,0.0016530432,False,100,50,15,0.821794738257016,1239.59670934
1.1453043e-13,303.90527,3.7686227e-16,False,100,50,15,0.821794738257016,1239.59670934
0.80221295,550.6458,0.0014568584,False,100,50,15,0.821794738257016,1239.59670934
0.59968364,585.52856,0.0010241749,False,100,50,15,0.821794738257016,1239.59670934
0.82179475,486.186,0.0016902888,False,100,50,15,0.821794738257016,1239.59670934
0.82179475,722.3606,0.0011376517,False,100,50,15,0.821794738257016,1239.59670934
0.6365993,318.26016,0.002000248,False,100,50,15,0.821794738257016,1239.59670934
4.2460254e-14,416.63815,1.0191158e-16,False,100,50,15,0.821794738257016,1239.59670934
0.71217304,371.2644,0.0019182368,False,100,50,15,0.821794738257016,1239.59670934
0.47575653,236.55746,0.002011167,False,100,50,15,0.821794738257016,1239.59670934
0.73994607,405.46237,0.0018249438,False,100,50,15,0.821794738257016,1239.59670934
0.0,223.10321,0.0,False,100,50,15,0.821794738257016,1239.59670934
0.6801327,345.1888,0.0019703207,False,100,50,15,0.821794738257016,1239.59670934
0.5090636,252.39302,0.002016948,False,100,50,15,0.821794738257016,1239.59670934
0.7575839,429.6095,0.0017634245,False,100,50,15,0.821794738257016,1239.59670934
3.9457044e-15,7.764724,5.081577e-16,False,100,50,15,0.821794738257016,1239.59670934
0.0,107.942764,0.0,False,100,50,15,0.821794738257016,1239.59670934
0.0,297.07086,0.0,False,100,50,15,0.821794738257016,1239.59670934
1.3378279e-14,376.02167,3.5578477e-17,False,100,50,15,0.821794738257016,1239.59670934
0.0,302.33032,0.0,False,100,50,15,0.821794738257016,1239.59670934
0.71918607,373.35303,0.0019262896,False,100,50,15,0.821794738257016,1239.59670934
0.57448095,275.08215,0.0020883977,False,100,50,15,0.821794738257016,1239.59670934
0.06821017,361.51984,0.00018867615,False,100,50,15,0.821794738257016,1239.59670934
0.64907247,547.86066,0.0011847401,False,100,50,15,0.821794738257016,1239.59670934
0.48165354,225.88947,0.0021322533,False,100,50,15,0.821794738257016,1239.59670934
2.3211689e-15,166.35458,1.395314e-17,False,100,50,15,0.821794738257016,1239.59670934
0.65785706,324.98053,0.002024297,False,100,50,15,0.821794738257016,1239.59670934
0.0038142323,210.63681,1.81081e-05,False,100,50,15,0.821794738257016,1239.59670934
0.16242296,658.5956,0.00024662018,False,100,50,15,0.821794738257016,1239.59670934
0.4575756,230.13405,0.0019883004,False,100,50,15,0.821794738257016,1239.59670934
0.67240006,335.59573,0.0020036013,False,100,50,15,0.821794738257016,1239.59670934
4.645723e-14,91.2832,5.0893514e-16,False,100,50,15,0.821794738257016,1239.59670934
0.7934932,486.96402,0.0016294699,False,100,50,15,0.821794738257016,1239.59670934
0.21211587,447.57654,0.0004739209,False,100,50,15,0.821794738257016,1239.59670934
0.59650195,289.31863,0.0020617475,False,100,50,15,0.821794738257016,1239.59670934
0.705593,364.03146,0.0019382747,False,100,50,15,0.821794738257016,1239.59670934
0.69817966,353.2526,0.0019764318,False,100,50,15,0.821794738257016,1239.59670934
0.5660791,649.69775,0.00087129604,False,100,50,15,0.821794738257016,1239.59670934
0.41557243,221.42711,0.0018767911,False,100,50,15,0.821794738257016,1239.59670934
0.72417253,742.21356,0.00097569294,False,100,50,15,0.821794738257016,1239.59670934
0.42645216,584.63776,0.0007294297,False,100,50,15,0.821794738257016,1239.59670934
0.37208223,190.85307,0.0019495742,False,100,50,15,0.821794738257016,1239.59670934
0.43192527,361.1823,0.001195865,False,100,50,15,0.821794738257016,1239.59670934
0.05770197,484.79663,0.00011902305,False,100,50,15,0.821794738257016,1239.59670934
0.6086751,298.87045,0.0020365852,False,100,50,15,0.821794738257016,1239.59670934
0.49809477,240.92813,0.0020673997,False,100,50,15,0.821794738257016,1239.59670934
0.82179475,712.10706,0.0011540325,False,100,50,15,0.821794738257016,1239.59670934
0.72395146,383.85907,0.0018859825,False,100,50,15,0.821794738257016,1239.59670934
0.55432016,404.8263,0.001369279,False,100,50,15,0.821794738257016,1239.59670934
0.2660846,397.1382,0.00067000504,False,100,50,15,0.821794738257016,1239.59670934
0.79774505,504.5293,0.001581167,False,100,50,15,0.821794738257016,1239.59670934
0.16505083,401.99246,0.0004105819,False,100,50,15,0.821794738257016,1239.59670934
0.20105849,441.85315,0.00045503463,False,100,50,15,0.821794738257016,1239.59670934
0.80450475,464.48123,0.0017320501,False,100,50,15,0.821794738257016,1239.59670934
0.2704361,438.58673,0.0006166081,False,100,50,15,0.821794738257016,1239.59670934
0.0,330.44736,0.0,False,100,50,15,0.821794738257016,1239.59670934
0.82179475,927.8967,0.00088565325,False,100,50,15,0.821794738257016,1239.59670934
1.5381193e-15,7.764724,1.9809066e-16,True,100,50,15,0.821794738257016,1239.59670934
0.65483725,504.4315,0.0012981689,False,100,50,15,0.821794738257016,1239.59670934
0.70556104,361.07562,0.0019540533,False,100,50,15,0.821794738257016,1239.59670934
0.7323129,402.43277,0.0018197149,False,100,50,15,0.821794738257016,1239.59670934
0.7949588,463.88394,0.0017137019,False,100,50,15,0.821794738257016,1239.59670934
0.5057783,614.7477,0.0008227413,False,100,50,15,0.821794738257016,1239.59670934
0.7160154,379.42493,0.0018871069,False,100,50,15,0.821794738257016,1239.59670934
0.6198726,659.9913,0.0009392134,False,100,50,15,0.821794738257016,1239.59670934
0.47216797,231.51805,0.0020394435,False,100,50,15,0.821794738257016,1239.59670934
1.8733695e-09,23.828384,7.8619236e-11,False,100,50,15,0.821794738257016,1239.59670934
0.6039342,290.57907,0.0020783818,False,100,50,15,0.821794738257016,1239.59670934
0.41205302,202.33241,0.0020365152,False,100,50,15,0.821794738257016,1239.59670934
6.6484908e-15,389.11606,1.7086139e-17,False,100,50,15,0.821794738257016,1239.59670934
0.54725975,811.9586,0.00067399954,False,100,50,15,0.821794738257016,1239.59670934
0.17461391,420.12515,0.00041562354,False,100,50,15,0.821794738257016,1239.59670934
0.82179475,792.546,0.0010369048,False,100,50,15,0.821794738257016,1239.59670934
0.8046903,495.8519,0.001622844,False,100,50,15,0.821794738257016,1239.59670934
0.7699701,461.86597,0.0016670857,False,100,50,15,0.821794738257016,1239.59670934
0.82179475,795.4995,0.001033055,False,100,50,15,0.821794738257016,1239.59670934
0.0,99.0516,0.0,False,100,50,15,0.821794738257016,1239.59670934
0.69499576,352.8949,0.001969413,False,100,50,15,0.821794738257016,1239.59670934
0.8042467,614.5017,0.0013087787,False,100,50,15,0.821794738257016,1239.59670934
0.41179684,204.33417,0.0020153108,False,100,50,15,0.821794738257016,1239.59670934
0.27975336,677.45557,0.00041294718,False,100,50,15,0.821794738257016,1239.59670934
0.754083,612.00134,0.001232159,False,100,50,15,0.821794738257016,1239.59670934
0.5133298,248.4761,0.0020659121,False,100,50,15,0.821794738257016,1239.59670934
0.7792991,758.06903,0.0010280054,False,100,50,15,0.821794738257016,1239.59670934
0.66364825,636.71924,0.0010422934,False,100,50,15,0.821794738257016,1239.59670934
0.74791,489.23505,0.0015287335,False,100,50,15,0.821794738257016,1239.59670934
0.4004294,709.1233,0.00056468236,False,100,50,15,0.821794738257016,1239.59670934
0.6394077,304.8372,0.0020975384,False,100,50,15,0.821794738257016,1239.59670934
0.36909539,332.50848,0.001110033,False,100,50,15,0.821794738257016,1239.59670934
0.6123121,284.06598,0.0021555277,False,100,50,15,0.821794738257016,1239.59670934
0.72703606,396.3514,0.0018343219,False,100,50,15,0.821794738257016,1239.59670934
0.38032022,433.93878,0.0008764375,False,100,50,15,0.821794738257016,1239.59670934
0.821119,914.8247,0.00089756976,False,100,50,15,0.821794738257016,1239.59670934
0.34746298,177.44096,0.0019581893,False,100,50,15,0.821794738257016,1239.59670934
0.34837362,615.41003,0.00056608376,False,100,50,15,0.821794738257016,1239.59670934
0.78722954,426.81476,0.0018444291,False,100,50,15,0.821794738257016,1239.59670934
0.0,185.23517,0.0,False,100,50,15,0.821794738257016,1239.59670934
0.13651171,486.29575,0.00028071748,False,100,50,15,0.821794738257016,1239.59670934
0.0,40.493,0.0,False,100,50,15,0.821794738257016,1239.59670934
0.082288876,330.52795,0.00024896194,False,100,50,15,0.821794738257016,1239.59670934
0.6506313,320.7897,0.0020282175,False,100,50,15,0.821794738257016,1239.59670934
0.12042475,373.004,0.0003228511,False,100,50,15,0.821794738257016,1239.59670934
0.79048026,514.849,0.0015353633,False,100,50,15,0.821794738257016,1239.59670934
0.33307448,468.71878,0.0007106062,False,100,50,15,0.821794738257016,1239.59670934
0.80809164,1219.1656,0.0006628235,False,100,50,15,0.821794738257016,1239.59670934
0.46543697,221.0093,0.002105961,False,100,50,15,0.821794738257016,1239.59670934
0.82179475,856.9432,0.00095898396,False,100,50,15,0.821794738257016,1239.59670934
0.69152796,333.0806,0.002076158,False,100,50,15,0.821794738257016,1239.59670934
0.71593636,581.72156,0.00123072,False,100,50,15,0.821794738257016,1239.59670934
0.40364444,394.66345,0.0010227561,False,100,50,15,0.821794738257016,1239.59670934
0.8146372,656.8173,0.0012402796,False,100,50,15,0.821794738257016,1239.59670934
1.3429027e-15,450.85645,2.9785593e-18,False,100,50,15,0.821794738257016,1239.59670934
0.74363405,408.28732,0.0018213498,False,100,50,15,0.821794738257016,1239.59670934
0.7267229,362.6799,0.0020037584,False,100,50,15,0.821794738257016,1239.59670934
0.2118764,368.91986,0.00057431555,False,100,50,15,0.821794738257016,1239.59670934
0.48005614,956.41315,0.00050193386,False,100,50,15,0.821794738257016,1239.59670934
0.3820251,379.25034,0.0010073164,False,100,50,15,0.821794738257016,1239.59670934
0.6047496,284.41272,0.00212631,False,100,50,15,0.821794738257016,1239.59670934
0.6794776,706.9314,0.00096116477,False,100,50,15,0.821794738257016,1239.59670934
0.44741002,215.84767,0.0020728044,False,100,50,15,0.821794738257016,1239.59670934
0.81913203,762.4052,0.001074405,False,100,50,15,0.821794738257016,1239.59670934
0.5803317,274.59036,0.0021134452,False,100,50,15,0.821794738257016,1239.59670934
0.7253311,361.4366,0.0020068004,False,100,50,15,0.821794738257016,1239.59670934
0.22244179,540.99243,0.00041117356,False,100,50,15,0.821794738257016,1239.59670934
0.09119773,379.8304,0.00024010117,False,100,50,15,0.821794738257016,1239.59670934
0.07266973,443.0312,0.00016402848,False,100,50,15,0.821794738257016,1239.59670934
2.477883e-09,57.085426,4.3406577e-11,False,100,50,15,0.821794738257016,1239.59670934
0.0,74.90287,0.0,False,100,50,15,0.821794738257016,1239.59670934
0.80893207,633.36224,0.0012772029,False,100,50,15,0.821794738257016,1239.59670934
0.45444307,519.55396,0.00087467924,False,100,50,15,0.821794738257016,1239.59670934
0.802867,714.53534,0.0011236211,False,100,50,15,0.821794738257016,1239.59670934
0.78573525,461.18808,0.0017037197,False,100,50,15,0.821794738257016,1239.59670934
0.09753789,312.78262,0.00031183922,False,100,50,15,0.821794738257016,1239.59670934
0.40486807,437.33728,0.00092575705,False,100,50,15,0.821794738257016,1239.59670934
0.82179475,741.478,0.0011083197,False,100,50,15,0.821794738257016,1239.59670934
0.32825154,166.97394,0.0019658848,False,100,50,15,0.821794738257016,1239.59670934
0.7832051,440.15936,0.0017793671,False,100,50,15,0.821794738257016,1239.59670934
0.29932892,409.48856,0.0007309824,False,100,50,15,0.821794738257016,1239.59670934
1.8798258e-14,370.54874,5.0730865e-17,False,100,50,15,0.821794738257016,1239.59670934
4.9200137e-09,83.4766,5.893884e-11,False,100,50,15,0.821794738257016,1239.59670934
0.78550833,349.173,0.002249625,False,100,50,15,0.821794738257016,1239.59670934
0.8112244,488.41464,0.0016609338,False,100,50,15,0.821794738257016,1239.59670934
0.56233627,257.84006,0.00218095,False,100,50,15,0.821794738257016,1239.59670934
0.24368075,323.54172,0.0007531664,False,100,50,15,0.821794738257016,1239.59670934
0.0019156272,516.16315,3.7112823e-06,False,100,50,15,0.821794738257016,1239.59670934
0.3457353,476.42578,0.00072568556,False,100,50,15,0.821794738257016,1239.59670934
0.0,349.6554,0.0,False,100,50,15,0.821794738257016,1239.59670934
0.0,359.2465,0.0,False,100,50,15,0.821794738257016,1239.59670934
0.82179475,705.61066,0.0011646575,False,100,50,15,0.821794738257016,1239.59670934
0.7759688,387.18015,0.0020041545,False,100,50,15,0.821794738257016,1239.59670934
0.3825129,186.04388,0.002056036,False,100,50,15,0.821794738257016,1239.59670934
0.63320535,292.57156,0.0021642752,False,100,50,15,0.821794738257016,1239.59670934
0.28467593,138.0962,0.002061432,False,100,50,15,0.821794738257016,1239.59670934
0.028508382,433.04196,6.583284e-05,False,100,50,15,0.821794738257016,1239.59670934
0.38533184,186.34106,0.0020678847,False,100,50,15,0.821794738257016,1239.59670934
0.52097124,246.96017,0.0021095355,False,100,50,15,0.821794738257016,1239.59670934
0.43816462,211.56767,0.0020710377,False,100,50,15,0.821794738257016,1239.59670934
0.32112014,535.8155,0.000599311,False,100,50,15,0.821794738257016,1239.59670934
0.7546955,345.34225,0.0021853552,False,100,50,15,0.821794738257016,1239.59670934
0.80664855,643.5337,0.0012534675,False,100,50,15,0.821794738257016,1239.59670934
0.80811346,502.83057,0.0016071288,False,100,50,15,0.821794738257016,1239.59670934
0.5050296,468.86227,0.0010771385,False,100,50,15,0.821794738257016,1239.59670934
0.27542758,364.0283,0.00075661036,False,100,50,15,0.821794738257016,1239.59670934
0.24859303,119.585014,0.0020787974,False,100,50,15,0.821794738257016,1239.59670934
0.4169048,204.99355,0.002033746,False,100,50,15,0.821794738257016,1239.59670934
0.6181423,283.2259,0.0021825063,False,100,50,15,0.821794738257016,1239.59670934
0.13694271,327.47025,0.00041818368,False,100,50,15,0.821794738257016,1239.59670934
0.3989891,197.3087,0.0020221567,False,100,50,15,0.821794738257016,1239.59670934
0.7859539,369.1655,0.0021290015,False,100,50,15,0.821794738257016,1239.59670934
0.7988514,421.64313,0.0018946149,False,100,50,15,0.821794738257016,1239.59670934
0.8150076,1023.2295,0.0007965052,False,100,50,15,0.821794738257016,1239.59670934
2.743073e-16,148.50578,1.8471154e-18,False,100,50,15,0.821794738257016,1239.59670934
0.807399,359.54678,0.002245602,False,100,50,15,0.821794738257016,1239.59670934
0.12697034,416.38623,0.00030493404,False,100,50,15,0.821794738257016,1239.59670934
0.15106119,610.7089,0.00024735383,False,100,50,15,0.821794738257016,1239.59670934
0.3993399,197.29532,0.002024072,False,100,50,15,0.821794738257016,1239.59670934
0.5731883,632.86804,0.00090569956,False,100,50,15,0.821794738257016,1239.59670934
0.46792257,670.61414,0.00069775234,False,100,50,15,0.821794738257016,1239.59670934
0.11630976,498.2183,0.00023345141,False,100,50,15,0.821794738257016,1239.59670934
0.0,7.764724,0.0,False,100,50,15,0.821794738257016,1239.59670934
0.8132676,383.62744,0.0021199412,False,100,50,15,0.821794738257016,1239.59670934
0.8118587,936.42084,0.00086698064,False,100,50,15,0.821794738257016,1239.59670934
0.45137855,219.94713,0.002052214,False,100,50,15,0.821794738257016,1239.59670934
0.5673922,263.1975,0.0021557657,False,100,50,15,0.821794738257016,1239.59670934
0.5492042,464.50198,0.0011823506,False,100,50,15,0.821794738257016,1239.59670934
0.38590434,607.7703,0.00063495093,False,100,50,15,0.821794738257016,1239.59670934
0.0,90.071945,0.0,False,100,50,15,0.821794738257016,1239.59670934
0.6376687,702.45807,0.0009077677,False,100,50,15,0.821794738257016,1239.59670934
0.0,197.46704,0.0,False,100,50,15,0.821794738257016,1239.59670934
0.75267136,317.69897,0.0023691338,False,100,50,15,0.821794738257016,1239.59670934
0.58540744,669.1161,0.00087489665,False,100,50,15,0.821794738257016,1239.59670934
0.76150894,1213.5636,0.0006274982,False,100,50,15,0.821794738257016,1239.59670934
0.22315581,333.05615,0.0006700246,False,100,50,15,0.821794738257016,1239.59670934
0.50918925,656.12726,0.0007760526,False,100,50,15,0.821794738257016,1239.59670934
0.82179475,714.23376,0.0011505963,False,100,50,15,0.821794738257016,1239.59670934
0.5036701,240.79987,0.0020916543,False,100,50,15,0.821794738257016,1239.59670934
0.75807637,519.5895,0.001458991,False,100,50,15,0.821794738257016,1239.59670934
1.0030579e-15,341.8337,2.9343446e-18,False,100,50,15,0.821794738257016,1239.59670934
0.8123456,533.89874,0.001521535,False,100,50,15,0.821794738257016,1239.59670934
0.80902207,1040.1443,0.00077779795,False,100,50,15,0.821794738257016,1239.59670934
0.3146351,157.26883,0.0020006197,False,100,50,15,0.821794738257016,1239.59670934
0.82179475,397.14648,0.0020692484,False,100,50,15,0.821794738257016,1239.59670934
0.4580951,790.3733,0.00057959335,False,100,50,15,0.821794738257016,1239.59670934
0.10030834,383.57028,0.00026151226,False,100,50,15,0.821794738257016,1239.59670934
0.7090469,644.3281,0.0011004438,False,100,50,15,0.821794738257016,1239.59670934
0.42373523,719.2092,0.0005891682,False,100,50,15,0.821794738257016,1239.59670934
0.4556062,858.9969,0.00053039327,False,100,50,15,0.821794738257016,1239.59670934
0.41094896,549.74634,0.00074752467,False,100,50,15,0.821794738257016,1239.59670934
0.770585,316.46216,0.002434999,False,100,50,15,0.821794738257016,1239.59670934
0.0,7.764724,0.0,False,100,50,15,0.821794738257016,1239.59670934
0.7953801,330.4072,0.0024072723,False,100,50,15,0.821794738257016,1239.59670934
0.5008065,239.95424,0.0020870918,False,100,50,15,0.821794738257016,1239.59670934
0.234034,493.93967,0.0004738109,False,100,50,15,0.821794738257016,1239.59670934
0.0,206.94734,0.0,False,100,50,15,0.821794738257016,1239.59670934
0.53758234,251.0902,0.002140993,False,100,50,15,0.821794738257016,1239.59670934
0.82179475,764.2238,0.0010753325,False,100,50,15,0.821794738257016,1239.59670934
0.8149678,560.3331,0.0014544345,False,100,50,15,0.821794738257016,1239.59670934
0.45281217,223.22945,0.0020284606,False,100,50,15,0.821794738257016,1239.59670934
0.7968728,337.26935,0.0023627193,False,100,50,15,0.821794738257016,1239.59670934
0.80914307,513.983,0.0015742604,False,100,50,15,0.821794738257016,1239.59670934
0.82179475,388.45462,0.0021155488,True,100,50,15,0.821794738257016,1239.59670934
0.77295774,1200.7765,0.0006437149,False,100,50,15,0.821794738257016,1239.59670934
0.6447413,274.80966,0.0023461378,False,100,50,15,0.821794738257016,1239.59670934
0.6142889,597.59406,0.0010279368,False,100,50,15,0.821794738257016,1239.59670934
0.8098361,355.49518,0.0022780509,False,100,50,15,0.821794738257016,1239.59670934
0.4858492,232.76657,0.0020872809,False,100,50,15,0.821794738257016,1239.59670934
9.897537e-12,197.84702,5.0026213e-14,False,100,50,15,0.821794738257016,1239.59670934
0.6810704,686.9815,0.0009913956,False,100,50,15,0.821794738257016,1239.59670934
0.0,7.764724,0.0,False,100,50,15,0.821794738257016,1239.59670934
0.30032933,585.273,0.000513144,False,100,50,15,0.821794738257016,1239.59670934
0.82179475,390.84106,0.0021026316,True,100,50,15,0.821794738257016,1239.59670934
0.4782555,517.05444,0.0009249616,False,100,50,15,0.821794738257016,1239.59670934
0.03502119,268.35065,0.00013050533,False,100,50,15,0.821794738257016,1239.59670934
3.8008718e-17,515.0274,7.3799406e-20,False,100,50,15,0.821794738257016,1239.59670934
0.42325354,797.27997,0.0005308719,False,100,50,15,0.821794738257016,1239.59670934
0.09160177,343.69287,0.00026652217,False,100,50,15,0.821794738257016,1239.59670934
0.53079104,660.1579,0.0008040365,False,100,50,15,0.821794738257016,1239.59670934
0.76910067,295.43494,0.0026032827,False,100,50,15,0.821794738257016,1239.59670934
0.39276132,608.9534,0.0006449776,False,100,50,15,0.821794738257016,1239.59670934
0.8012901,326.33096,0.0024554522,False,100,50,15,0.821794738257016,1239.59670934
0.82179475,905.51794,0.0009075411,False,100,50,15,0.821794738257016,1239.59670934
0.695774,781.52875,0.0008902731,False,100,50,15,0.821794738257016,1239.59670934
0.536636,671.4944,0.00079916674,False,100,50,15,0.821794738257016,1239.59670934
0.35264087,287.13687,0.0012281281,False,100,50,15,0.821794738257016,1239.59670934
1.0198102e-14,7.764724,1.313389e-15,True,100,50,15,0.821794738257016,1239.59670934
0.35733622,183.11986,0.0019513789,False,100,50,15,0.821794738257016,1239.59670934
0.7915606,1138.0289,0.000695554,False,100,50,15,0.821794738257016,1239.59670934
0.5794971,982.31854,0.0005899279,False,100,50,15,0.821794738257016,1239.59670934
0.57921225,623.77136,0.000928565,False,100,50,15,0.821794738257016,1239.59670934
0.5006423,236.11653,0.0021203188,False,100,50,15,0.821794738257016,1239.59670934
0.26259246,129.03336,0.0020350744,False,100,50,15,0.821794738257016,1239.59670934
0.7405151,690.9196,0.0010717819,False,100,50,15,0.821794738257016,1239.59670934
0.7335219,259.46936,0.0028270078,False,100,50,15,0.821794738257016,1239.59670934
0.6753943,618.8359,0.0010913948,False,100,50,15,0.821794738257016,1239.59670934
0.7949283,304.95135,0.0026067381,False,100,50,15,0.821794738257016,1239.59670934
0.68157667,622.0784,0.0010956443,False,100,50,15,0.821794738257016,1239.59670934
0.58445835,493.26727,0.0011848715,False,100,50,15,0.821794738257016,1239.59670934
0.7261875,756.861,0.00095947273,False,100,50,15,0.821794738257016,1239.59670934
5.103781e-16,57.308407,8.905816e-18,False,100,50,15,0.821794738257016,1239.59670934
0.14040574,207.86302,0.00067547243,False,100,50,15,0.821794738257016,1239.59670934
0.5904582,524.0531,0.0011267145,False,100,50,15,0.821794738257016,1239.59670934
0.7396798,223.91393,0.0033034114,True,100,50,15,0.821794738257016,1239.59670934
0.46187788,629.27124,0.00073398853,False,100,50,15,0.821794738257016,1239.59670934
0.8122216,355.39563,0.002285401,False,100,50,15,0.821794738257016,1239.59670934
0.81331646,701.71454,0.0011590418,False,100,50,15,0.821794738257016,1239.59670934
0.46120688,675.9329,0.0006823264,False,100,50,15,0.821794738257016,1239.59670934
0.65229005,1091.3586,0.0005976862,False,100,50,15,0.821794738257016,1239.59670934
0.25701275,395.84988,0.0006492682,False,100,50,15,0.821794738257016,1239.59670934
0.35391265,405.08557,0.0008736738,False,100,50,15,0.821794738257016,1239.59670934
0.8090859,332.94183,0.0024301119,False,100,50,15,0.821794738257016,1239.59670934
0.64493555,359.15637,0.0017956956,False,100,50,15,0.821794738257016,1239.59670934
0.8188592,1000.76154,0.0008182361,False,100,50,15,0.821794738257016,1239.59670934
0.17822331,96.34036,0.001849934,False,100,50,15,0.821794738257016,1239.59670934
0.48213542,211.63147,0.002278184,False,100,50,15,0.821794738257016,1239.59670934
0.7474167,637.5992,0.0011722359,False,100,50,15,0.821794738257016,1239.59670934
9.003207e-09,170.51207,5.2800996e-11,False,100,50,15,0.821794738257016,1239.59670934
0.72769874,245.2145,0.002967601,False,100,50,15,0.821794738257016,1239.59670934
0.63510007,744.5917,0.0008529508,False,100,50,15,0.821794738257016,1239.59670934
0.44904298,452.69962,0.0009919226,False,100,50,15,0.821794738257016,1239.59670934
0.6697902,802.08673,0.00083505956,False,100,50,15,0.821794738257016,1239.59670934
0.8165068,358.75372,0.0022759535,False,100,50,15,0.821794738257016,1239.59670934
0.43327692,201.33884,0.002151979,False,100,50,15,0.821794738257016,1239.59670934
0.5887448,634.63513,0.00092769024,False,100,50,15,0.821794738257016,1239.59670934
0.79514074,562.94995,0.0014124537,False,100,50,15,0.821794738257016,1239.59670934
0.7958782,555.6979,0.0014322138,False,100,50,15,0.821794738257016,1239.59670934
0.76231384,266.79648,0.002857286,True,100,50,15,0.821794738257016,1239.59670934
0.3287985,775.65967,0.0004238953,False,100,50,15,0.821794738257016,1239.59670934
0.81085324,634.6838,0.0012775705,False,100,50,15,0.821794738257016,1239.59670934
0.33294857,467.03598,0.00071289705,False,100,50,15,0.821794738257016,1239.59670934
1.790848e-15,48.86462,3.6649177e-17,False,100,50,15,0.821794738257016,1239.59670934
0.4476218,493.2587,0.00090747874,False,100,50,15,0.821794738257016,1239.59670934
0.66458577,211.77283,0.0031382013,True,100,50,15,0.821794738257016,1239.59670934
0.61011493,654.3094,0.00093245634,False,100,50,15,0.821794738257016,1239.59670934
0.0,313.0471,0.0,False,100,50,15,0.821794738257016,1239.59670934
0.11493384,327.53793,0.00035090238,False,100,50,15,0.821794738257016,1239.59670934
0.8205071,709.72284,0.0011560951,False,100,50,15,0.821794738257016,1239.59670934
0.81309545,1049.8998,0.00077445054,False,100,50,15,0.821794738257016,1239.59670934
0.6179089,460.82947,0.0013408624,False,100,50,15,0.821794738257016,1239.59670934
0.1001062,495.97006,0.0002018392,False,100,50,15,0.821794738257016,1239.59670934
0.0,174.25783,0.0,False,100,50,15,0.821794738257016,1239.59670934
0.75062525,257.01163,0.0029205887,False,100,50,15,0.821794738257016,1239.59670934
0.68771416,403.59348,0.0017039774,False,100,50,15,0.821794738257016,1239.59670934
0.61962414,875.90436,0.00070741074,False,100,50,15,0.821794738257016,1239.59670934
0.65019137,697.2149,0.0009325552,False,100,50,15,0.821794738257016,1239.59670934
5.5226264e-14,446.17422,1.2377735e-16,False,100,50,15,0.821794738257016,1239.59670934
0.7994758,321.64288,0.0024856008,False,100,50,15,0.821794738257016,1239.59670934
0.1736741,212.30717,0.0008180322,False,100,50,15,0.821794738257016,1239.59670934
0.43194523,775.4256,0.0005570428,False,100,50,15,0.821794738257016,1239.59670934
0.80340624,579.698,0.0013859048,False,100,50,15,0.821794738257016,1239.59670934
0.25343937,617.3629,0.00041051925,False,100,50,15,0.821794738257016,1239.59670934
0.39537755,594.9924,0.0006645086,False,100,50,15,0.821794738257016,1239.59670934
0.55745625,525.011,0.0010617992,False,100,50,15,0.821794738257016,1239.59670934
0.77046466,623.3509,0.0012360048,False,100,50,15,0.821794738257016,1239.59670934
0.2652089,513.31647,0.0005166577,False,100,50,15,0.821794738257016,1239.59670934
0.6577004,210.07005,0.0031308623,True,100,50,15,0.821794738257016,1239.59670934
0.8133535,302.87494,0.0026854433,True,100,50,15,0.821794738257016,1239.59670934
0.61598635,784.0887,0.000785608,False,100,50,15,0.821794738257016,1239.59670934
0.0,7.7654605,0.0,False,100,50,15,0.821794738257016,1239.59670934
0.7216242,1227.3737,0.00058794173,False,100,50,15,0.821794738257016,1239.59670934
0.040470246,340.15436,0.000118976124,False,100,50,15,0.821794738257016,1239.59670934
0.55538774,698.79364,0.00079478073,False,100,50,15,0.821794738257016,1239.59670934
0.6532466,727.9023,0.0008974372,False,100,50,15,0.821794738257016,1239.59670934
0.52732426,630.0353,0.00083697576,False,100,50,15,0.821794738257016,1239.59670934
0.6714296,876.48334,0.00076604943,False,100,50,15,0.821794738257016,1239.59670934
0.8154827,327.16406,0.0024925803,True,100,50,15,0.821794738257016,1239.59670934
0.46332267,1060.9741,0.00043669555,False,100,50,15,0.821794738257016,1239.59670934
0.40059218,188.0688,0.00213003,False,100,50,15,0.821794738257016,1239.59670934
0.48501545,512.3296,0.00094668637,False,100,50,15,0.821794738257016,1239.59670934
0.42336452,525.4012,0.00080579286,False,100,50,15,0.821794738257016,1239.59670934
0.79507554,301.34067,0.0026384608,False,100,50,15,0.821794738257016,1239.59670934
0.70019364,238.53519,0.0029353893,False,100,50,15,0.821794738257016,1239.59670934
0.34220436,433.00873,0.0007902944,False,100,50,15,0.821794738257016,1239.59670934
2.3228845e-13,195.02827,1.1910501e-15,False,100,50,15,0.821794738257016,1239.59670934
0.53380865,664.5175,0.0008033026,False,100,50,15,0.821794738257016,1239.59670934
0.30911928,148.24161,0.0020852396,False,100,50,15,0.821794738257016,1239.59670934
0.4762916,376.44843,0.0012652241,False,100,50,15,0.821794738257016,1239.59670934
0.8135139,1272.2621,0.0006394232,False,100,50,15,0.821794738257016,1239.59670934
0.2565576,273.3973,0.00093840575,False,100,50,15,0.821794738257016,1239.59670934
0.0,180.60837,0.0,False,100,50,15,0.821794738257016,1239.59670934
0.81418663,314.9372,0.0025852348,True,100,50,15,0.821794738257016,1239.59670934
0.22067207,109.048805,0.0020236084,False,100,50,15,0.821794738257016,1239.59670934
0.0,160.7551,0.0,False,100,50,15,0.821794738257016,1239.59670934
0.14733125,342.7399,0.00042986314,False,100,50,15,0.821794738257016,1239.59670934
0.003388329,286.55994,1.1824154e-05,False,100,50,15,0.821794738257016,1239.59670934
0.80797285,543.97125,0.0014853227,False,100,50,15,0.821794738257016,1239.59670934
0.7774486,270.31766,0.0028760554,False,100,50,15,0.821794738257016,1239.59670934
0.8121598,337.31378,0.0024077278,False,100,50,15,0.821794738257016,1239.59670934
0.010715555,370.918,2.8889284e-05,False,100,50,15,0.821794738257016,1239.59670934
0.5496719,555.15076,0.0009901308,False,100,50,15,0.821794738257016,1239.59670934
0.4455031,580.0761,0.000768008,False,100,50,15,0.821794738257016,1239.59670934
0.41554257,842.4092,0.0004932788,False,100,50,15,0.821794738257016,1239.59670934
0.21162282,439.4258,0.0004815894,False,100,50,15,0.821794738257016,1239.59670934
3.1867796e-15,138.74724,2.2968238e-17,False,100,50,15,0.821794738257016,1239.59670934
0.81119275,332.8309,0.0024372519,False,100,50,15,0.821794738257016,1239.59670934
0.7566322,464.89926,0.0016275187,False,100,50,15,0.821794738257016,1239.59670934
0.62226087,214.55815,0.002900197,False,100,50,15,0.821794738257016,1239.59670934
0.6113409,795.6767,0.00076832826,False,100,50,15,0.821794738257016,1239.59670934
0.495589,600.63544,0.0008251078,False,100,50,15,0.821794738257016,1239.59670934
0.765295,1714.599,0.00044634053,False,100,50,15,0.821794738257016,1239.59670934
0.81106675,644.24536,0.0012589408,False,100,50,15,0.821794738257016,1239.59670934
0.71942526,253.67273,0.002836037,False,100,50,15,0.821794738257016,1239.59670934
0.6989704,570.4355,0.0012253276,False,100,50,15,0.821794738257016,1239.59670934
0.6817154,232.04477,0.0029378617,False,100,50,15,0.821794738257016,1239.59670934
0.37355393,470.44247,0.0007940481,False,100,50,15,0.821794738257016,1239.59670934
0.18828128,285.27576,0.00065999746,False,100,50,15,0.821794738257016,1239.59670934
0.4553611,502.95538,0.00090537075,False,100,50,15,0.821794738257016,1239.59670934
0.52710736,458.7746,0.0011489462,False,100,50,15,0.821794738257016,1239.59670934
0.41905645,504.61902,0.00083044125,False,100,50,15,0.821794738257016,1239.59670934
0.5445556,855.5974,0.0006364624,False,100,50,15,0.821794738257016,1239.59670934
0.5426159,167.70093,0.0032356165,True,100,50,15,0.821794738257016,1239.59670934
0.21492866,337.82623,0.00063621067,False,100,50,15,0.821794738257016,1239.59670934
0.7663532,291.2314,0.0026314235,False,100,50,15,0.821794738257016,1239.59670934
0.591627,769.9092,0.0007684374,False,100,50,15,0.821794738257016,1239.59670934
0.59293944,425.6349,0.0013930706,False,100,50,15,0.821794738257016,1239.59670934
0.82179475,611.2149,0.0013445267,False,100,50,15,0.821794738257016,1239.59670934
0.7578742,276.0384,0.0027455392,False,100,50,15,0.821794738257016,1239.59670934
0.6160381,549.7593,0.0011205596,False,100,50,15,0.821794738257016,1239.59670934
0.70912874,674.8992,0.001050718,False,100,50,15,0.821794738257016,1239.59670934
0.46450603,439.83633,0.0010560884,False,100,50,15,0.821794738257016,1239.59670934
0.16034035,473.94513,0.00033830994,False,100,50,15,0.821794738257016,1239.59670934
0.031583715,505.52444,6.247713e-05,False,100,50,15,0.821794738257016,1239.59670934
0.020872202,382.2627,5.460172e-05,False,100,50,15,0.821794738257016,1239.59670934
0.43441528,695.0801,0.00062498596,False,100,50,15,0.821794738257016,1239.59670934
4.3041856e-15,671.4146,6.4106225e-18,False,100,50,15,0.821794738257016,1239.59670934
0.45676044,533.9627,0.00085541635,False,100,50,15,0.821794738257016,1239.59670934
0.29581478,649.6068,0.00045537512,False,100,50,15,0.821794738257016,1239.59670934
0.6835139,774.6787,0.0008823192,False,100,50,15,0.821794738257016,1239.59670934
0.3953058,384.47394,0.0010281733,False,100,50,15,0.821794738257016,1239.59670934
0.11140844,567.6188,0.00019627335,False,100,50,15,0.821794738257016,1239.59670934
0.7139169,233.47203,0.0030578263,False,100,50,15,0.821794738257016,1239.59670934
0.82179475,400.79544,0.0020504093,True,100,50,15,0.821794738257016,1239.59670934
0.32182205,557.38293,0.00057738053,False,100,50,15,0.821794738257016,1239.59670934
0.0,115.19217,0.0,False,100,50,15,0.821794738257016,1239.59670934
0.54043645,390.19122,0.0013850554,False,100,50,15,0.821794738257016,1239.59670934
0.7973396,280.98163,0.002837693,True,100,50,15,0.821794738257016,1239.59670934
0.6828203,588.0423,0.0011611755,False,100,50,15,0.821794738257016,1239.59670934
0.4981353,414.1015,0.0012029305,False,100,50,15,0.821794738257016,1239.59670934
0.2888232,287.52844,0.001004503,False,100,50,15,0.821794738257016,1239.59670934
0.18823119,606.4966,0.00031035818,False,100,50,15,0.821794738257016,1239.59670934
0.6547183,580.4298,0.0011279887,False,100,50,15,0.821794738257016,1239.59670934
0.4616624,422.548,0.0010925679,False,100,50,15,0.821794738257016,1239.59670934
0.34733015,547.5111,0.0006343801,False,100,50,15,0.821794738257016,1239.59670934
0.73700786,735.38,0.0010022136,False,100,50,15,0.821794738257016,1239.59670934
1.0147124e-14,153.07198,6.628989e-17,False,100,50,15,0.821794738257016,1239.59670934
0.7696112,669.15656,0.0011501212,False,100,50,15,0.821794738257016,1239.59670934
0.75755745,277.00623,0.002734803,False,100,50,15,0.821794738257016,1239.59670934
0.27824852,133.97713,0.002076836,False,100,50,15,0.821794738257016,1239.59670934
0.56646776,174.07138,0.0032542269,True,100,50,15,0.821794738257016,1239.59670934
0.5999046,187.84651,0.0031935892,True,100,50,15,0.821794738257016,1239.59670934
0.1839664,559.8056,0.0003286255,False,100,50,15,0.821794738257016,1239.59670934
0.6460664,209.734,0.0030804088,True,100,50,15,0.821794738257016,1239.59670934
0.17534117,313.97488,0.00055845606,False,100,50,15,0.821794738257016,1239.59670934
0.2699894,445.0554,0.0006066422,False,100,50,15,0.821794738257016,1239.59670934
0.32584307,468.53244,0.00069545466,False,100,50,15,0.821794738257016,1239.59670934
0.53247786,703.7638,0.00075661443,False,100,50,15,0.821794738257016,1239.59670934
0.03271059,309.15277,0.0001058072,False,100,50,15,0.821794738257016,1239.59670934
0.6107475,680.94336,0.0008969138,False,100,50,15,0.821794738257016,1239.59670934
0.12527879,563.3635,0.00022237646,False,100,50,15,0.821794738257016,1239.59670934
0.7883793,1245.0995,0.0006331858,False,100,50,15,0.821794738257016,1239.59670934
0.7593735,277.354,0.0027379214,False,100,50,15,0.821794738257016,1239.59670934
0.8011641,995.0751,0.0008051293,False,100,50,15,0.821794738257016,1239.59670934
0.0,88.214745,0.0,False,100,50,15,0.821794738257016,1239.59670934
0.7223908,253.38045,0.0028510124,False,100,50,15,0.821794738257016,1239.59670934
0.045051623,316.68326,0.00014226083,False,100,50,15,0.821794738257016,1239.59670934
0.7250181,671.79987,0.0010792174,False,100,50,15,0.821794738257016,1239.59670934
0.1726088,269.25656,0.000641057,False,100,50,15,0.821794738257016,1239.59670934
0.67276895,223.32097,0.003012565,True,100,50,15,0.821794738257016,1239.59670934
0.75056404,711.8731,0.0010543509,False,100,50,15,0.821794738257016,1239.59670934
0.07881563,316.21887,0.00024924392,False,100,50,15,0.821794738257016,1239.59670934
0.35287118,285.8725,0.0012343656,False,100,50,15,0.821794738257016,1239.59670934
0.5602597,524.1762,0.0010688385,False,100,50,15,0.821794738257016,1239.59670934
0.6788136,701.59973,0.00096752256,False,100,50,15,0.821794738257016,1239.59670934
0.82179475,525.80194,0.0015629359,False,100,50,15,0.821794738257016,1239.59670934
0.4762315,547.26855,0.0008701971,False,100,50,15,0.821794738257016,1239.59670934
0.74616283,267.2552,0.0027919488,False,100,50,15,0.821794738257016,1239.59670934
0.35424826,543.6733,0.00065158296,False,100,50,15,0.821794738257016,1239.59670934
0.48393366,650.5091,0.00074393064,False,100,50,15,0.821794738257016,1239.59670934
0.25219607,463.41946,0.0005442069,False,100,50,15,0.821794738257016,1239.59670934
0.020993812,160.82184,0.00013054081,False,100,50,15,0.821794738257016,1239.59670934
1.234948e-09,126.664955,9.749722e-12,False,100,50,15,0.821794738257016,1239.59670934
0.6348857,640.92163,0.0009905825,False,100,50,15,0.821794738257016,1239.59670934
0.59834015,486.87003,0.0012289525,False,100,50,15,0.821794738257016,1239.59670934
0.01364696,733.7694,1.8598432e-05,False,100,50,15,0.821794738257016,1239.59670934
0.20961559,523.4203,0.0004004728,False,100,50,15,0.821794738257016,1239.59670934
0.6644897,566.4411,0.0011730958,False,100,50,15,0.821794738257016,1239.59670934
0.54878795,733.2991,0.0007483822,False,100,50,15,0.821794738257016,1239.59670934
0.6515172,778.7787,0.0008365884,False,100,50,15,0.821794738257016,1239.59670934
0.7921425,1148.192,0.0006899042,False,100,50,15,0.821794738257016,1239.59670934
0.0,576.6771,0.0,False,100,50,15,0.821794738257016,1239.59670934
0.6648725,224.04839,0.00296754,False,100,50,15,0.821794738257016,1239.59670934
0.28737685,380.63647,0.0007549903,False,100,50,15,0.821794738257016,1239.59670934
0.24147113,453.8556,0.000532044,False,100,50,15,0.821794738257016,1239.59670934
3.0928622e-14,369.12137,8.378984e-17,False,100,50,15,0.821794738257016,1239.59670934
0.116555765,362.47137,0.00032155853,False,100,50,15,0.821794738257016,1239.59670934
0.78914624,301.20184,0.0026199913,False,100,50,15,0.821794738257016,1239.59670934
0.61310476,531.0541,0.0011545053,False,100,50,15,0.821794738257016,1239.59670934
0.5504347,404.48752,0.00136082,False,100,50,15,0.821794738257016,1239.59670934
0.22296779,413.86914,0.00053873984,False,100,50,15,0.821794738257016,1239.59670934
0.6557774,219.12434,0.002992718,False,100,50,15,0.821794738257016,1239.59670934
0.45820192,553.1343,0.00082837377,False,100,50,15,0.821794738257016,1239.59670934
0.015856687,411.7367,3.8511716e-05,False,100,50,15,0.821794738257016,1239.59670934
0.23239364,414.59955,0.0005605256,False,100,50,15,0.821794738257016,1239.59670934
0.4772092,154.17393,0.0030952652,False,100,50,15,0.821794738257016,1239.59670934
0.60252005,681.6493,0.000883915,False,100,50,15,0.821794738257016,1239.59670934
0.53340423,166.06099,0.0032120983,True,100,50,15,0.821794738257016,1239.59670934
0.2137612,88.09776,0.002426409,True,100,50,15,0.821794738257016,1239.59670934
0.0,7.764724,0.0,False,100,50,15,0.821794738257016,1239.59670934
0.3282794,326.91144,0.0010041845,False,100,50,15,0.821794738257016,1239.59670934
0.82179475,576.2821,0.0014260286,False,100,50,15,0.821794738257016,1239.59670934
0.7843275,308.66736,0.0025410121,False,100,50,15,0.821794738257016,1239.59670934
0.6300446,694.52246,0.00090716226,False,100,50,15,0.821794738257016,1239.59670934
0.6297644,206.547,0.0030490125,True,100,50,15,0.821794738257016,1239.59670934
0.0,199.1241,0.0,False,100,50,15,0.821794738257016,1239.59670934
0.56301314,471.58044,0.0011938857,False,100,50,15,0.821794738257016,1239.59670934
0.82179475,780.236,0.0010532642,False,100,50,15,0.821794738257016,1239.59670934
0.82179475,1151.2755,0.0007138124,False,100,50,15,0.821794738257016,1239.59670934
0.23345907,508.36664,0.00045923365,False,100,50,15,0.821794738257016,1239.59670934
0.69069034,239.39789,0.0028851146,False,100,50,15,0.821794738257016,1239.59670934
0.13274671,326.179,0.00040697504,False,100,50,15,0.821794738257016,1239.59670934
0.5842481,181.2927,0.0032226788,True,100,50,15,0.821794738257016,1239.59670934
0.69242895,244.28912,0.002834465,False,100,50,15,0.821794738257016,1239.59670934
0.105235465,373.0957,0.00028206024,False,100,50,15,0.821794738257016,1239.59670934
0.7487699,284.65262,0.002630469,False,100,50,15,0.821794738257016,1239.59670934
0.699321,739.605,0.0009455331,False,100,50,15,0.821794738257016,1239.59670934
0.27922502,357.36154,0.00078135164,False,100,50,15,0.821794738257016,1239.59670934
0.20152687,392.09457,0.00051397516,False,100,50,15,0.821794738257016,1239.59670934
0.44705653,349.55502,0.0012789303,False,100,50,15,0.821794738257016,1239.59670934
0.36231014,364.2644,0.000994635,False,100,50,15,0.821794738257016,1239.59670934
0.39660925,534.0188,0.0007426878,False,100,50,15,0.821794738257016,1239.59670934
0.4992655,591.02527,0.00084474473,False,100,50,15,0.821794738257016,1239.59670934
7.3102305e-16,104.76117,6.977996e-18,False,100,50,15,0.821794738257016,1239.59670934
0.6425226,910.4375,0.0007057295,False,100,50,15,0.821794738257016,1239.59670934
0.7957187,807.7388,0.0009851189,False,100,50,15,0.821794738257016,1239.59670934
0.028192233,329.81424,8.547913e-05,False,100,50,15,0.821794738257016,1239.59670934
0.82179475,505.4512,0.0016258637,False,100,50,15,0.821794738257016,1239.59670934
0.69930345,247.86862,0.0028212667,False,100,50,15,0.821794738257016,1239.59670934
0.7620726,291.40698,0.002615149,False,100,50,15,0.821794738257016,1239.59670934
0.60729015,473.94568,0.0012813497,False,100,50,15,0.821794738257016,1239.59670934
0.5344476,474.99655,0.0011251611,False,100,50,15,0.821794738257016,1239.59670934
0.46121126,718.4947,0.00064191327,False,100,50,15,0.821794738257016,1239.59670934
0.65585726,222.2828,0.0029505533,False,100,50,15,0.821794738257016,1239.59670934
0.6174648,738.2118,0.0008364331,False,100,50,15,0.821794738257016,1239.59670934
0.35705096,666.70746,0.00053554366,False,100,50,15,0.821794738257016,1239.59670934
0.5291917,161.36697,0.0032794299,True,100,50,15,0.821794738257016,1239.59670934
0.44979107,525.7482,0.0008555256,False,100,50,15,0.821794738257016,1239.59670934
0.42385373,447.0438,0.00094812573,False,100,50,15,0.821794738257016,1239.59670934
0.82179475,843.1294,0.0009746959,False,100,50,15,0.821794738257016,1239.59670934
0.37641004,432.05774,0.0008712031,False,100,50,15,0.821794738257016,1239.59670934
0.3164009,534.3249,0.0005921507,False,100,50,15,0.821794738257016,1239.59670934
0.7596836,283.44412,0.0026801883,False,100,50,15,0.821794738257016,1239.59670934
0.5344271,596.5867,0.000895808,False,100,50,15,0.821794738257016,1239.59670934
0.81392443,1036.8385,0.000785006,False,100,50,15,0.821794738257016,1239.59670934
0.639595,644.0569,0.0009930722,False,100,50,15,0.821794738257016,1239.59670934
0.64830834,1041.6669,0.00062237587,False,100,50,15,0.821794738257016,1239.59670934
0.5673507,606.27014,0.0009358051,False,100,50,15,0.821794738257016,1239.59670934
0.56347156,638.3443,0.0008827079,False,100,50,15,0.821794738257016,1239.59670934
0.82179475,552.9094,0.0014863099,False,100,50,15,0.821794738257016,1239.59670934
0.5938134,192.08156,0.003091465,False,100,50,15,0.821794738257016,1239.59670934
0.42128608,377.83218,0.0011150085,False,100,50,15,0.821794738257016,1239.59670934
0.2929241,371.11304,0.00078931235,False,100,50,15,0.821794738257016,1239.59670934
0.3876911,546.39886,0.00070953864,False,100,50,15,0.821794738257016,1239.59670934
5.8030935e-08,160.7416,3.6102002e-10,False,100,50,15,0.821794738257016,1239.59670934
2.6890956e-15,413.28964,6.5065642e-18,False,100,50,15,0.821794738257016,1239.59670934
0.5726278,507.56036,0.0011281964,False,100,50,15,0.821794738257016,1239.59670934
0.742545,274.2242,0.0027078025,False,100,50,15,0.821794738257016,1239.59670934
0.77428824,293.53293,0.002637824,False,100,50,15,0.821794738257016,1239.59670934
0.59489375,193.17899,0.0030794952,False,100,50,15,0.821794738257016,1239.59670934
0.523221,752.3651,0.000695435,False,100,50,15,0.821794738257016,1239.59670934
0.82179475,610.08264,0.001347022,False,100,50,15,0.821794738257016,1239.59670934
0.62237895,207.20337,0.0030037106,False,100,50,15,0.821794738257016,1239.59670934
0.7299879,269.96545,0.002704005,False,100,50,15,0.821794738257016,1239.59670934
0.63995826,752.2548,0.00085072004,False,100,50,15,0.821794738257016,1239.59670934
0.5037358,515.2493,0.0009776544,False,100,50,15,0.821794738257016,1239.59670934
0.052298393,364.06305,0.00014365203,False,100,50,15,0.821794738257016,1239.59670934
0.82179475,576.71,0.0014249705,False,100,50,15,0.821794738257016,1239.59670934
0.76029676,284.81738,0.0026694185,False,100,50,15,0.821794738257016,1239.59670934
0.58475375,668.2698,0.0008750265,False,100,50,15,0.821794738257016,1239.59670934
0.76051146,672.47,0.0011309226,False,100,50,15,0.821794738257016,1239.59670934
0.489668,618.9059,0.0007911833,False,100,50,15,0.821794738257016,1239.59670934
0.79008025,300.18057,0.0026320165,False,100,50,15,0.821794738257016,1239.59670934
0.50605524,480.0316,0.0010542123,False,100,50,15,0.821794738257016,1239.59670934
0.8178254,349.80997,0.0023379133,True,100,50,15,0.821794738257016,1239.59670934
0.68146247,656.7227,0.0010376716,False,100,50,15,0.821794738257016,1239.59670934
0.6509122,1004.3155,0.0006481153,False,100,50,15,0.821794738257016,1239.59670934
2.1373737e-15,79.080605,2.7027787e-17,False,100,50,15,0.821794738257016,1239.59670934
0.7929928,1148.8179,0.00069026847,False,100,50,15,0.821794738257016,1239.59670934
0.62482256,584.6758,0.0010686651,False,100,50,15,0.821794738257016,1239.59670934
0.5043632,558.02026,0.00090384384,False,100,50,15,0.821794738257016,1239.59670934
0.2504898,332.0291,0.00075442117,False,100,50,15,0.821794738257016,1239.59670934
0.61422884,691.71326,0.0008879819,False,100,50,15,0.821794738257016,1239.59670934
0.82179475,696.72736,0.0011795069,False,100,50,15,0.821794738257016,1239.59670934
0.5532472,626.88654,0.00088253163,False,100,50,15,0.821794738257016,1239.59670934
0.63198894,548.41315,0.0011523957,False,100,50,15,0.821794738257016,1239.59670934
0.68410456,706.27673,0.00096860697,False,100,50,15,0.821794738257016,1239.59670934
0.7613676,282.81348,0.0026921192,False,100,50,15,0.821794738257016,1239.59670934
0.6087223,203.98524,0.002984149,True,100,50,15,0.821794738257016,1239.59670934
0.5040707,391.03662,0.0012890627,False,100,50,15,0.821794738257016,1239.59670934
0.82179475,498.42233,0.001648792,False,100,50,15,0.821794738257016,1239.59670934
0.44813508,553.5553,0.0008095579,False,100,50,15,0.821794738257016,1239.59670934
0.56671727,535.41125,0.0010584709,False,100,50,15,0.821794738257016,1239.59670934
0.5243768,763.5404,0.0006867702,False,100,50,15,0.821794738257016,1239.59670934
0.82179475,541.5094,0.0015176001,False,100,50,15,0.821794738257016,1239.59670934
0.44063333,475.46872,0.00092673465,False,100,50,15,0.821794738257016,1239.59670934
0.73651737,406.33817,0.0018125725,False,100,50,15,0.821794738257016,1239.59670934
0.3965037,526.0927,0.00075367646,False,100,50,15,0.821794738257016,1239.59670934
0.270458,594.1781,0.00045518004,False,100,50,15,0.821794738257016,1239.59670934
0.36318576,336.7624,0.0010784629,False,100,50,15,0.821794738257016,1239.59670934
3.8865555e-09,7.764724,5.005401e-10,True,100,50,15,0.821794738257016,1239.59670934
0.4273535,492.3156,0.0008680478,False,100,50,15,0.821794738257016,1239.59670934
0.6642165,229.86969,0.002889535,False,100,50,15,0.821794738257016,1239.59670934
0.7336276,261.6128,0.0028042498,False,100,50,15,0.821794738257016,1239.59670934
0.2749488,476.0578,0.0005775534,False,100,50,15,0.821794738257016,1239.59670934
0.3337357,572.6132,0.0005828292,False,100,50,15,0.821794738257016,1239.59670934
7.510919e-29,445.29932,1.6867125e-31,False,100,50,15,0.821794738257016,1239.59670934
0.5618872,557.9734,0.0010070143,False,100,50,15,0.821794738257016,1239.59670934
0.445041,765.9306,0.0005810461,False,100,50,15,0.821794738257016,1239.59670934
0.61239374,207.07057,0.0029574155,False,100,50,15,0.821794738257016,1239.59670934
0.04919027,303.16388,0.00016225637,False,100,50,15,0.821794738257016,1239.59670934
0.54968417,180.31615,0.0030484467,False,100,50,15,0.821794738257016,1239.59670934
0.047733236,344.57147,0.00013852927,False,100,50,15,0.821794738257016,1239.59670934
0.82035273,556.48987,0.0014741557,False,100,50,15,0.821794738257016,1239.59670934
0.43119514,509.932,0.0008455934,False,100,50,15,0.821794738257016,1239.59670934
0.6105692,1121.1909,0.000544572,False,100,50,15,0.821794738257016,1239.59670934
0.256639,391.33264,0.0006558078,False,100,50,15,0.821794738257016,1239.59670934
0.75422966,274.59576,0.0027466908,False,100,50,15,0.821794738257016,1239.59670934
0.17622364,112.90406,0.0015608264,False,100,50,15,0.821794738257016,1239.59670934
0.0,7.7648735,0.0,False,100,50,15,0.821794738257016,1239.59670934
0.6714404,773.35156,0.00086822145,False,100,50,15,0.821794738257016,1239.59670934
0.24439906,391.78644,0.00062380685,False,100,50,15,0.821794738257016,1239.59670934
0.46971542,488.8822,0.0009607947,False,100,50,15,0.821794738257016,1239.59670934
0.14849605,356.44623,0.00041660154,False,100,50,15,0.821794738257016,1239.59670934
3.4152913e-13,7.764724,4.398471e-14,False,100,50,15,0.821794738257016,1239.59670934
0.13049912,240.21283,0.0005432646,False,100,50,15,0.821794738257016,1239.59670934
0.79097116,294.26776,0.0026879301,False,100,50,15,0.821794738257016,1239.59670934
0.0068316273,443.43607,1.5406116e-05,False,100,50,15,0.821794738257016,1239.59670934
0.33592114,131.27007,0.0025590078,True,100,50,15,0.821794738257016,1239.59670934
0.044016454,398.21393,0.0001105347,False,100,50,15,0.821794738257016,1239.59670934
0.25819936,608.6263,0.000424233,False,100,50,15,0.821794738257016,1239.59670934
0.16625808,346.91138,0.0004792523,False,100,50,15,0.821794738257016,1239.59670934
0.5888106,195.66197,0.0030093258,False,100,50,15,0.821794738257016,1239.59670934
0.29988173,488.3566,0.000614063,False,100,50,15,0.821794738257016,1239.59670934
0.60917026,204.71786,0.0029756576,True,100,50,15,0.821794738257016,1239.59670934
0.7854662,294.66873,0.0026655905,False,100,50,15,0.821794738257016,1239.59670934
0.7667863,1675.49,0.00045764897,False,100,50,15,0.821794738257016,1239.59670934
0.81267905,338.64615,0.0023997882,False,100,50,15,0.821794738257016,1239.59670934
0.5469459,697.583,0.0007840586,False,100,50,15,0.821794738257016,1239.59670934
0.43645966,339.16608,0.0012868611,False,100,50,15,0.821794738257016,1239.59670934
0.64467454,836.5255,0.0007706574,False,100,50,15,0.821794738257016,1239.59670934
0.58186245,585.0897,0.0009944842,False,100,50,15,0.821794738257016,1239.59670934
0.6786679,575.8852,0.0011784778,False,100,50,15,0.821794738257016,1239.59670934
0.20288761,284.9319,0.0007120565,False,100,50,15,0.821794738257016,1239.59670934
0.56199896,405.18533,0.0013870171,False,100,50,15,0.821794738257016,1239.59670934
0.62043506,777.6885,0.0007977938,False,100,50,15,0.821794738257016,1239.59670934
0.18702185,428.34485,0.00043661514,False,100,50,15,0.821794738257016,1239.59670934
0.6940657,245.01942,0.0028326965,False,100,50,15,0.821794738257016,1239.59670934
0.82179475,759.6758,0.0010817704,False,100,50,15,0.821794738257016,1239.59670934
0.813564,356.41302,0.002282644,False,100,50,15,0.821794738257016,1239.59670934
0.5887312,196.6082,0.0029944389,False,100,50,15,0.821794738257016,1239.59670934
0.6855269,964.94824,0.0007104287,False,100,50,15,0.821794738257016,1239.59670934
0.5826198,800.8172,0.00072753156,False,100,50,15,0.821794738257016,1239.59670934
0.50972056,724.48413,0.00070356345,False,100,50,15,0.821794738257016,1239.59670934
0.19408965,325.52304,0.00059623935,False,100,50,15,0.821794738257016,1239.59670934
0.50144625,300.33868,0.0016696026,False,100,50,15,0.821794738257016,1239.59670934
0.6286546,214.53062,0.0029303723,False,100,50,15,0.821794738257016,1239.59670934
0.68577886,377.5755,0.0018162695,False,100,50,15,0.821794738257016,1239.59670934
0.5427179,576.09564,0.0009420621,False,100,50,15,0.821794738257016,1239.59670934
0.5287305,637.8333,0.00082894776,False,100,50,15,0.821794738257016,1239.59670934
0.29060686,317.52692,0.0009152196,False,100,50,15,0.821794738257016,1239.59670934
0.2937575,261.602,0.0011229176,False,100,50,15,0.821794738257016,1239.59670934
0.82179475,705.96234,0.0011640773,False,100,50,15,0.821794738257016,1239.59670934
0.61986315,210.20772,0.0029488124,False,100,50,15,0.821794738257016,1239.59670934
0.80988467,345.86707,0.002341607,False,100,50,15,0.821794738257016,1239.59670934
0.63246256,215.41995,0.0029359516,False,100,50,15,0.821794738257016,1239.59670934
0.7036602,770.19165,0.000913617,False,100,50,15,0.821794738257016,1239.59670934
0.6138032,724.3575,0.00084737607,False,100,50,15,0.821794738257016,1239.59670934
0.43927866,135.29099,0.0032469174,True,100,50,15,0.821794738257016,1239.59670934
0.6886692,241.94724,0.0028463611,False,100,50,15,0.821794738257016,1239.59670934
0.52674156,539.55005,0.0009762608,False,100,50,15,0.821794738257016,1239.59670934
0.107444204,310.66415,0.00034585324,False,100,50,15,0.821794738257016,1239.59670934
0.8042935,328.62375,0.00244746,False,100,50,15,0.821794738257016,1239.59670934
0.07345824,326.31332,0.00022511565,False,100,50,15,0.821794738257016,1239.59670934
0.6018942,680.4652,0.0008845334,False,100,50,15,0.821794738257016,1239.59670934
0.06649295,286.0041,0.00023248952,False,100,50,15,0.821794738257016,1239.59670934
0.5398518,175.18791,0.0030815585,False,100,50,15,0.821794738257016,1239.59670934
0.72968686,262.11758,0.002783815,False,100,50,15,0.821794738257016,1239.59670934
0.13770823,287.96826,0.0004782063,False,100,50,15,0.821794738257016,1239.59670934
0.5959956,487.75943,0.0012219049,False,100,50,15,0.821794738257016,1239.59670934
0.46108672,145.67645,0.0031651424,True,100,50,15,0.821794738257016,1239.59670934
0.82179475,906.1682,0.00090688985,False,100,50,15,0.821794738257016,1239.59670934
0.8109248,346.5577,0.0023399417,False,100,50,15,0.821794738257016,1239.59670934
0.7275977,455.2526,0.0015982286,False,100,50,15,0.821794738257016,1239.59670934
0.12996918,330.95084,0.00039271446,False,100,50,15,0.821794738257016,1239.59670934
0.33160615,382.09137,0.00086787133,False,100,50,15,0.821794738257016,1239.59670934
0.49174362,455.88443,0.0010786585,False,100,50,15,0.821794738257016,1239.59670934
0.084690765,305.18762,0.00027750392,False,100,50,15,0.821794738257016,1239.59670934
0.72335565,921.7368,0.0007847746,False,100,50,15,0.821794738257016,1239.59670934
0.6221839,539.724,0.0011527817,False,100,50,15,0.821794738257016,1239.59670934
0.58078045,195.93939,0.0029640822,False,100,50,15,0.821794738257016,1239.59670934
0.43757206,498.6942,0.0008774356,False,100,50,15,0.821794738257016,1239.59670934
0.7879063,291.86533,0.0026995542,False,100,50,15,0.821794738257016,1239.59670934
0.82179475,1206.6543,0.00068105233,False,100,50,15,0.821794738257016,1239.59670934
0.5900834,201.2072,0.0029327152,False,100,50,15,0.821794738257016,1239.59670934
0.82179475,556.59515,0.0014764677,False,100,50,15,0.821794738257016,1239.59670934
0.6797542,241.13042,0.0028190312,False,100,50,15,0.821794738257016,1239.59670934
0.8009195,376.9647,0.002124654,False,100,50,15,0.821794738257016,1239.59670934
0.63260716,783.0323,0.0008078941,False,100,50,15,0.821794738257016,1239.59670934
2.012209e-15,7.764724,2.5914753e-16,False,100,50,15,0.821794738257016,1239.59670934
0.2457617,383.66635,0.000640561,False,100,50,15,0.821794738257016,1239.59670934
0.6590074,1125.6194,0.00058546197,False,100,50,15,0.821794738257016,1239.59670934
0.82179475,856.25256,0.0009597574,False,100,50,15,0.821794738257016,1239.59670934
0.66132605,1061.9065,0.0006227724,False,100,50,15,0.821794738257016,1239.59670934
0.48136377,502.02975,0.0009588351,False,100,50,15,0.821794738257016,1239.59670934
0.49367386,485.58682,0.0010166542,False,100,50,15,0.821794738257016,1239.59670934
0.62166154,638.59845,0.000973478,False,100,50,15,0.821794738257016,1239.59670934
0.5011684,162.4162,0.0030857043,False,100,50,15,0.821794738257016,1239.59670934
0.68779504,244.21397,0.0028163623,False,100,50,15,0.821794738257016,1239.59670934
0.1519797,479.0737,0.00031723658,False,100,50,15,0.821794738257016,1239.59670934
0.52470714,582.77985,0.00090035226,False,100,50,15,0.821794738257016,1239.59670934
0.47406217,398.89612,0.0011884351,False,100,50,15,0.821794738257016,1239.59670934
0.58279544,197.38312,0.0029526104,False,100,50,15,0.821794738257016,1239.59670934
0.46408623,639.85596,0.00072529796,False,100,50,15,0.821794738257016,1239.59670934
0.3956279,424.30194,0.00093242066,False,100,50,15,0.821794738257016,1239.59670934
0.569052,397.52142,0.0014315002,False,100,50,15,0.821794738257016,1239.59670934
0.104884766,113.72504,0.0009222663,False,100,50,15,0.821794738257016,1239.59670934
0.26484394,577.39905,0.0004586844,False,100,50,15,0.821794738257016,1239.59670934
0.806745,329.33078,0.0024496496,False,100,50,15,0.821794738257016,1239.59670934
0.82179475,498.6895,0.0016479086,True,100,50,15,0.821794738257016,1239.59670934
0.30658484,132.82576,0.002308173,False,100,50,15,0.821794738257016,1239.59670934
0.29981,799.2862,0.00037509718,False,100,50,15,0.821794738257016,1239.59670934
0.641832,224.34163,0.002860958,False,100,50,15,0.821794738257016,1239.59670934
0.561824,535.9487,0.0010482795,False,100,50,15,0.821794738257016,1239.59670934
0.46284565,596.0855,0.00077647524,False,100,50,15,0.821794738257016,1239.59670934
0.24760161,487.70496,0.0005076873,False,100,50,15,0.821794738257016,1239.59670934
0.47737387,147.63396,0.0032334963,True,100,50,15,0.821794738257016,1239.59670934
0.39519277,352.94574,0.0011196984,False,100,50,15,0.821794738257016,1239.59670934
0.68853974,247.6823,0.0027799313,False,100,50,15,0.821794738257016,1239.59670934
0.0,360.52176,0.0,False,100,50,15,0.821794738257016,1239.59670934
0.79880786,315.15027,0.002534689,False,100,50,15,0.821794738257016,1239.59670934
0.7975071,382.09726,0.0020871835,False,100,50,15,0.821794738257016,1239.59670934
0.30963597,424.69992,0.00072907,False,100,50,15,0.821794738257016,1239.59670934
0.0,7.764724,0.0,True,100,50,15,0.821794738257016,1239.59670934
0.7049879,1278.0323,0.00055161974,False,100,50,15,0.821794738257016,1239.59670934
0.799905,317.5006,0.002519381,False,100,50,15,0.821794738257016,1239.59670934
0.18271528,118.26843,0.0015449201,False,100,50,15,0.821794738257016,1239.59670934
0.115049414,106.96339,0.0010755962,False,100,50,15,0.821794738257016,1239.59670934
0.0,173.81128,0.0,False,100,50,15,0.821794738257016,1239.59670934
0.6588097,232.64677,0.0028318025,False,100,50,15,0.821794738257016,1239.59670934
0.82179475,1210.6274,0.0006788172,False,100,50,15,0.821794738257016,1239.59670934
1.7257629e-15,7.764724,2.2225684e-16,False,100,50,15,0.821794738257016,1239.59670934
0.2585077,609.30347,0.00042426758,False,100,50,15,0.821794738257016,1239.59670934
0.7002357,253.21214,0.0027654113,False,100,50,15,0.821794738257016,1239.59670934
0.8064649,342.1228,0.0023572382,False,100,50,15,0.821794738257016,1239.59670934
0.08409034,279.52344,0.00030083465,False,100,50,15,0.821794738257016,1239.59670934
0.79911906,352.45258,0.0022673095,False,100,50,15,0.821794738257016,1239.59670934
0.6255126,926.62085,0.000675047,False,100,50,15,0.821794738257016,1239.59670934
0.20616359,440.98523,0.0004675068,False,100,50,15,0.821794738257016,1239.59670934
0.47938284,466.55563,0.0010274934,False,100,50,15,0.821794738257016,1239.59670934
0.55157256,751.3011,0.00073415646,False,100,50,15,0.821794738257016,1239.59670934
0.20131184,120.0943,0.0016762814,False,100,50,15,0.821794738257016,1239.59670934
0.80669886,336.4121,0.0023979484,False,100,50,15,0.821794738257016,1239.59670934
0.531937,169.12935,0.003145149,False,100,50,15,0.821794738257016,1239.59670934
0.69584614,890.2753,0.0007816078,False,100,50,15,0.821794738257016,1239.59670934
0.58208644,193.68024,0.0030053994,False,100,50,15,0.821794738257016,1239.59670934
0.4909,151.13889,0.003248006,True,100,50,15,0.821794738257016,1239.59670934
0.31174728,404.21042,0.00077125,False,100,50,15,0.821794738257016,1239.59670934
0.6265533,792.9921,0.0007901129,False,100,50,15,0.821794738257016,1239.59670934
0.4811646,149.56932,0.0032170007,True,100,50,15,0.821794738257016,1239.59670934
0.5648159,185.91533,0.0030380276,False,100,50,15,0.821794738257016,1239.59670934
0.12686531,434.14322,0.00029221995,False,100,50,15,0.821794738257016,1239.59670934
0.61553264,950.28265,0.00064773636,False,100,50,15,0.821794738257016,1239.59670934
0.5927249,502.05,0.0011806093,False,100,50,15,0.821794738257016,1239.59670934
0.46488327,583.41693,0.00079682854,False,100,50,15,0.821794738257016,1239.59670934
0.49458557,658.6265,0.0007509348,False,100,50,15,0.821794738257016,1239.59670934
0.4419471,457.95114,0.000965053,False,100,50,15,0.821794738257016,1239.59670934
0.82179475,510.1799,0.0016107941,False,100,50,15,0.821794738257016,1239.59670934
0.82179475,842.86383,0.000975003,False,100,50,15,0.821794738257016,1239.59670934
0.5170548,1089.0972,0.00047475542,False,100,50,15,0.821794738257016,1239.59670934
0.6044228,207.2977,0.0029157237,False,100,50,15,0.821794738257016,1239.59670934
0.36317167,427.34427,0.00084983394,False,100,50,15,0.821794738257016,1239.59670934
0.74844575,280.5252,0.0026680161,False,100,50,15,0.821794738257016,1239.59670934
0.70212686,549.3964,0.0012779968,False,100,50,15,0.821794738257016,1239.59670934
0.8125589,359.8743,0.0022578964,False,100,50,15,0.821794738257016,1239.59670934
0.6238604,679.21045,0.0009185083,False,100,50,15,0.821794738257016,1239.59670934
0.50332606,357.54196,0.0014077398,False,100,50,15,0.821794738257016,1239.59670934
0.7075539,260.84778,0.0027125166,False,100,50,15,0.821794738257016,1239.59670934
0.34193918,538.1363,0.00063541374,False,100,50,15,0.821794738257016,1239.59670934
0.7341174,273.89136,0.0026803233,False,100,50,15,0.821794738257016,1239.59670934
1.834221e-12,101.76509,1.8024068e-14,False,100,50,15,0.821794738257016,1239.59670934
0.53423095,722.9057,0.00073900505,False,100,50,15,0.821794738257016,1239.59670934
0.8205548,543.4035,0.0015100285,False,100,50,15,0.821794738257016,1239.59670934
0.5604638,183.8562,0.0030483813,False,100,50,15,0.821794738257016,1239.59670934
0.41215333,147.07861,0.0028022656,False,100,50,15,0.821794738257016,1239.59670934
0.7610378,279.06583,0.0027270906,False,100,50,15,0.821794738257016,1239.59670934
0.44572607,545.76794,0.0008166952,False,100,50,15,0.821794738257016,1239.59670934
0.44400436,477.70337,0.0009294562,False,100,50,15,0.821794738257016,1239.59670934
0.8141063,359.97034,0.0022615928,False,100,50,15,0.821794738257016,1239.59670934
0.5859781,1172.5648,0.0004997405,False,100,50,15,0.821794738257016,1239.59670934
0.6041892,1123.2422,0.0005378975,False,100,50,15,0.821794738257016,1239.59670934
0.5572961,640.58215,0.0008699838,False,100,50,15,0.821794738257016,1239.59670934
0.4817234,775.36993,0.00062128203,False,100,50,15,0.821794738257016,1239.59670934
0.31342706,408.46524,0.0007673286,False,100,50,15,0.821794738257016,1239.59670934
5.387292e-13,7.764724,6.9381634e-14,True,100,50,15,0.821794738257016,1239.59670934
0.07151793,319.31686,0.00022397167,False,100,50,15,0.821794738257016,1239.59670934
0.5898818,526.0721,0.0011212946,False,100,50,15,0.821794738257016,1239.59670934
0.82179475,1184.1993,0.0006939666,False,100,50,15,0.821794738257016,1239.59670934
0.49183947,152.78339,0.0032191947,True,100,50,15,0.821794738257016,1239.59670934
0.82179475,582.90576,0.0014098244,False,100,50,15,0.821794738257016,1239.59670934
0.097101115,354.39047,0.00027399472,False,100,50,15,0.821794738257016,1239.59670934
0.7936612,540.5573,0.0014682276,False,100,50,15,0.821794738257016,1239.59670934
1.7752519e-16,453.2376,3.9168238e-19,False,100,50,15,0.821794738257016,1239.59670934
0.29370788,134.93541,0.0021766552,False,100,50,15,0.821794738257016,1239.59670934
0.79264075,298.66013,0.0026539892,False,100,50,15,0.821794738257016,1239.59670934
0.5633012,745.8889,0.0007552079,False,100,50,15,0.821794738257016,1239.59670934
0.57023025,189.62186,0.0030071968,False,100,50,15,0.821794738257016,1239.59670934
0.81605315,1232.5194,0.00066210167,False,100,50,15,0.821794738257016,1239.59670934
0.5026742,530.2126,0.00094806164,False,100,50,15,0.821794738257016,1239.59670934
0.5564444,950.88245,0.0005851874,False,100,50,15,0.821794738257016,1239.59670934
0.58040905,516.1969,0.0011243947,False,100,50,15,0.821794738257016,1239.59670934
0.11237439,415.74896,0.00027029385,False,100,50,15,0.821794738257016,1239.59670934
0.6966434,238.06041,0.0029263303,False,100,50,15,0.821794738257016,1239.59670934
0.10599058,111.44351,0.00095107,False,100,50,15,0.821794738257016,1239.59670934
0.7925709,270.35626,0.0029315795,True,100,50,15,0.821794738257016,1239.59670934
0.47574106,157.92958,0.003012362,False,100,50,15,0.821794738257016,1239.59670934
0.36562085,411.16794,0.0008892251,False,100,50,15,0.821794738257016,1239.59670934
0.5119373,579.6017,0.00088325713,False,100,50,15,0.821794738257016,1239.59670934
0.45413467,149.05959,0.0030466653,False,100,50,15,0.821794738257016,1239.59670934
0.8112246,442.62952,0.0018327395,False,100,50,15,0.821794738257016,1239.59670934
0.5969463,939.42145,0.00063544034,False,100,50,15,0.821794738257016,1239.59670934
0.75070196,253.62729,0.0029598628,True,100,50,15,0.821794738257016,1239.59670934
0.07366466,387.1494,0.00019027448,False,100,50,15,0.821794738257016,1239.59670934
0.82179475,832.5288,0.0009871067,False,100,50,15,0.821794738257016,1239.59670934
0.6628384,629.9886,0.0010521435,False,100,50,15,0.821794738257016,1239.59670934
0.6074824,684.60815,0.0008873432,False,100,50,15,0.821794738257016,1239.59670934
0.21092029,305.98,0.000689327,False,100,50,15,0.821794738257016,1239.59670934
0.80883116,340.41724,0.0023759995,False,100,50,15,0.821794738257016,1239.59670934
0.00933764,123.133194,7.5833654e-05,False,100,50,15,0.821794738257016,1239.59670934
0.60863835,210.60205,0.0028899924,False,100,50,15,0.821794738257016,1239.59670934
0.5790352,696.36505,0.00083151105,False,100,50,15,0.821794738257016,1239.59670934
0.3222613,290.63608,0.0011088138,False,100,50,15,0.821794738257016,1239.59670934
0.3774346,393.03635,0.0009603046,False,100,50,15,0.821794738257016,1239.59670934
0.6026323,814.9233,0.00073949574,False,100,50,15,0.821794738257016,1239.59670934
0.5083082,653.30176,0.0007780603,False,100,50,15,0.821794738257016,1239.59670934
0.67329586,942.0263,0.00071473146,False,100,50,15,0.821794738257016,1239.59670934
0.516601,774.19635,0.0006672739,False,100,50,15,0.821794738257016,1239.59670934
0.7252819,701.327,0.0010341565,False,100,50,15,0.821794738257016,1239.59670934
0.4399379,920.5082,0.00047792937,False,100,50,15,0.821794738257016,1239.59670934
0.51202977,579.87885,0.0008829944,False,100,50,15,0.821794738257016,1239.59670934
0.3941947,596.3291,0.0006610355,False,100,50,15,0.821794738257016,1239.59670934
0.0,7.764724,0.0,False,100,50,15,0.821794738257016,1239.59670934
0.44877973,153.31654,0.0029271448,False,100,50,15,0.821794738257016,1239.59670934
0.6470055,228.23268,0.0028348505,False,100,50,15,0.821794738257016,1239.59670934
0.49188048,444.18417,0.0011073796,False,100,50,15,0.821794738257016,1239.59670934
0.7950003,306.73306,0.0025918311,False,100,50,15,0.821794738257016,1239.59670934
0.050594047,364.33377,0.0001388673,False,100,50,15,0.821794738257016,1239.59670934
0.26336733,501.05554,0.000525625,False,100,50,15,0.821794738257016,1239.59670934
0.63965315,779.48663,0.0008206082,False,100,50,15,0.821794738257016,1239.59670934
0.79351056,303.67673,0.0026130108,False,100,50,15,0.821794738257016,1239.59670934
0.5279021,521.7986,0.0010116971,False,100,50,15,0.821794738257016,1239.59670934
0.3922755,456.7537,0.0008588338,False,100,50,15,0.821794738257016,1239.59670934
0.55786055,616.1929,0.0009053343,False,100,50,15,0.821794738257016,1239.59670934
0.5403934,499.11282,0.0010827079,False,100,50,15,0.821794738257016,1239.59670934
0.49800193,695.70526,0.00071582315,False,100,50,15,0.821794738257016,1239.59670934
0.82179475,573.92535,0.0014318844,False,100,50,15,0.821794738257016,1239.59670934
0.65179527,604.3136,0.0010785712,False,100,50,15,0.821794738257016,1239.59670934
5.567307e-15,7.764724,7.17e-16,True,100,50,15,0.821794738257016,1239.59670934
0.6950273,252.71492,0.0027502424,False,100,50,15,0.821794738257016,1239.59670934
0.8133004,357.75687,0.0022733326,False,100,50,15,0.821794738257016,1239.59670934
0.46754125,549.04083,0.0008515601,False,100,50,15,0.821794738257016,1239.59670934
0.6214145,1044.3314,0.00059503573,False,100,50,15,0.821794738257016,1239.59670934
0.48103154,400.3084,0.0012016523,False,100,50,15,0.821794738257016,1239.59670934
0.4699791,707.72784,0.0006640676,False,100,50,15,0.821794738257016,1239.59670934
0.21830343,334.4355,0.000652752,False,100,50,15,0.821794738257016,1239.59670934
0.5398542,671.2637,0.00080423575,False,100,50,15,0.821794738257016,1239.59670934
0.5702716,644.7131,0.0008845355,False,100,50,15,0.821794738257016,1239.59670934
0.50633514,349.43207,0.0014490231,False,100,50,15,0.821794738257016,1239.59670934
0.59747005,202.46753,0.0029509426,False,100,50,15,0.821794738257016,1239.59670934
0.64967144,906.08923,0.00071700604,False,100,50,15,0.821794738257016,1239.59670934
0.57790655,564.39844,0.0010239336,False,100,50,15,0.821794738257016,1239.59670934
0.38019675,343.7741,0.0011059494,False,100,50,15,0.821794738257016,1239.59670934
0.8000997,317.05582,0.0025235293,False,100,50,15,0.821794738257016,1239.59670934
0.5585265,182.73213,0.0030565315,False,100,50,15,0.821794738257016,1239.59670934
0.34200588,494.61624,0.000691457,False,100,50,15,0.821794738257016,1239.59670934
0.62418073,215.80058,0.002892396,False,100,50,15,0.821794738257016,1239.59670934
0.057730284,118.044075,0.00048905704,False,100,50,15,0.821794738257016,1239.59670934
0.82179475,592.2333,0.00138762,False,100,50,15,0.821794738257016,1239.59670934
0.32755804,351.5356,0.0009317919,False,100,50,15,0.821794738257016,1239.59670934
0.807943,369.04468,0.0021892823,False,100,50,15,0.821794738257016,1239.59670934
0.11318568,284.806,0.00039741327,False,100,50,15,0.821794738257016,1239.59670934
0.82179475,730.18774,0.0011254568,False,100,50,15,0.821794738257016,1239.59670934
0.084422246,342.30118,0.00024663148,False,100,50,15,0.821794738257016,1239.59670934
0.06424249,60.471725,0.0010623558,True,100,50,15,0.821794738257016,1239.59670934
0.33022612,401.17566,0.00082314597,False,100,50,15,0.821794738257016,1239.59670934
0.64592266,662.0316,0.0009756674,False,100,50,15,0.821794738257016,1239.59670934
0.26008043,360.21725,0.0007220099,False,100,50,15,0.821794738257016,1239.59670934
0.55732524,191.39827,0.0029118615,False,100,50,15,0.821794738257016,1239.59670934
0.7885769,267.4238,0.002948791,True,100,50,15,0.821794738257016,1239.59670934
0.7331843,425.58517,0.0017227675,False,100,50,15,0.821794738257016,1239.59670934
0.47200593,155.53297,0.0030347644,False,100,50,15,0.821794738257016,1239.59670934
0.26861736,101.921364,0.0026355353,True,100,50,15,0.821794738257016,1239.59670934
0.3410899,466.1569,0.0007317062,False,100,50,15,0.821794738257016,1239.59670934
0.36242312,414.9849,0.0008733405,False,100,50,15,0.821794738257016,1239.59670934
0.19908206,282.0957,0.0007057253,False,100,50,15,0.821794738257016,1239.59670934
0.67680657,589.60114,0.0011479058,False,100,50,15,0.821794738257016,1239.59670934
0.5360344,659.1619,0.00081320596,False,100,50,15,0.821794738257016,1239.59670934
0.38884607,668.27606,0.00058186444,False,100,50,15,0.821794738257016,1239.59670934
0.55999476,502.3939,0.0011146528,False,100,50,15,0.821794738257016,1239.59670934
0.10884322,337.29453,0.0003226949,False,100,50,15,0.821794738257016,1239.59670934
1.6009457e-15,660.6809,2.4231754e-18,False,100,50,15,0.821794738257016,1239.59670934
0.5130899,287.4946,0.001784694,False,100,50,15,0.821794738257016,1239.59670934
0.5615874,193.32564,0.002904878,False,100,50,15,0.821794738257016,1239.59670934
0.0747279,381.7337,0.00019575925,False,100,50,15,0.821794738257016,1239.59670934
0.6659403,544.80115,0.0012223548,False,100,50,15,0.821794738257016,1239.59670934
0.75084305,257.03455,0.0029211757,True,100,50,15,0.821794738257016,1239.59670934
0.52845377,770.3687,0.00068597513,False,100,50,15,0.821794738257016,1239.59670934
0.66355217,795.56,0.0008340693,False,100,50,15,0.821794738257016,1239.59670934
0.0,329.19278,0.0,False,100,50,15,0.821794738257016,1239.59670934
0.6464645,600.7686,0.0010760624,False,100,50,15,0.821794738257016,1239.59670934
0.13603504,92.10279,0.0014769915,False,100,50,15,0.821794738257016,1239.59670934
0.33889022,600.9843,0.00056389195,False,100,50,15,0.821794738257016,1239.59670934
0.5167322,470.04346,0.0010993286,False,100,50,15,0.821794738257016,1239.59670934
0.8025266,292.99625,0.0027390337,True,100,50,15,0.821794738257016,1239.59670934
0.1342297,492.4644,0.00027256733,False,100,50,15,0.821794738257016,1239.59670934
0.65794736,731.5266,0.00089941686,False,100,50,15,0.821794738257016,1239.59670934
0.6961479,423.81104,0.0016425904,False,100,50,15,0.821794738257016,1239.59670934
0.82179475,1199.2197,0.00068527454,False,100,50,15,0.821794738257016,1239.59670934
0.8161538,1284.7299,0.0006352727,False,100,50,15,0.821794738257016,1239.59670934
0.20951033,133.53831,0.0015689154,False,100,50,15,0.821794738257016,1239.59670934
0.636504,224.97183,0.002829261,False,100,50,15,0.821794738257016,1239.59670934
0.79487616,327.87033,0.0024243614,False,100,50,15,0.821794738257016,1239.59670934
0.57632625,696.4684,0.0008274981,False,100,50,15,0.821794738257016,1239.59670934
0.23614268,370.33154,0.00063765206,False,100,50,15,0.821794738257016,1239.59670934
0.30580896,412.92798,0.00074058666,False,100,50,15,0.821794738257016,1239.59670934
0.5249186,645.71747,0.00081292307,False,100,50,15,0.821794738257016,1239.59670934
0.37749213,375.19818,0.001006114,False,100,50,15,0.821794738257016,1239.59670934
0.52165616,546.32306,0.00095484924,False,100,50,15,0.821794738257016,1239.59670934
0.65950465,1197.2449,0.0005508519,False,100,50,15,0.821794738257016,1239.59670934
0.8004347,360.2386,0.002221957,False,100,50,15,0.821794738257016,1239.59670934
0.6579229,938.0804,0.0007013503,False,100,50,15,0.821794738257016,1239.59670934
0.578167,835.2112,0.00069224054,False,100,50,15,0.821794738257016,1239.59670934
0.7373154,279.23785,0.0026404564,False,100,50,15,0.821794738257016,1239.59670934
0.6086882,968.68604,0.0006283648,False,100,50,15,0.821794738257016,1239.59670934
0.22604038,101.38104,0.0022296119,True,100,50,15,0.821794738257016,1239.59670934
0.5370669,904.5308,0.0005937519,False,100,50,15,0.821794738257016,1239.59670934
0.23658599,760.9035,0.00031092772,False,100,50,15,0.821794738257016,1239.59670934
0.8194211,525.78186,0.0015584811,False,100,50,15,0.821794738257016,1239.59670934
0.15884614,273.32193,0.0005811687,False,100,50,15,0.821794738257016,1239.59670934
7.457334e-15,235.94989,3.1605585e-17,False,100,50,15,0.821794738257016,1239.59670934
0.49876365,782.8921,0.0006370784,False,100,50,15,0.821794738257016,1239.59670934
0.7888538,315.19962,0.002502712,False,100,50,15,0.821794738257016,1239.59670934
0.82179475,718.3412,0.0011440173,False,100,50,15,0.821794738257016,1239.59670934
0.63456833,617.0583,0.0010283766,False,100,50,15,0.821794738257016,1239.59670934
0.051932078,305.48868,0.00016999674,False,100,50,15,0.821794738257016,1239.59670934
0.5378746,173.4184,0.0031016006,False,100,50,15,0.821794738257016,1239.59670934
0.6037451,602.66064,0.0010017995,False,100,50,15,0.821794738257016,1239.59670934
0.8193879,521.54333,0.0015710831,False,100,50,15,0.821794738257016,1239.59670934
0.67151284,240.98108,0.002786579,False,100,50,15,0.821794738257016,1239.59670934
0.24006118,128.04024,0.0018748885,False,100,50,15,0.821794738257016,1239.59670934
0.5244951,656.92017,0.00079841533,False,100,50,15,0.821794738257016,1239.59670934
0.8149003,774.0319,0.0010527993,False,100,50,15,0.821794738257016,1239.59670934
0.30055526,136.47066,0.0022023434,False,100,50,15,0.821794738257016,1239.59670934
0.0800084,392.3558,0.00020391798,False,100,50,15,0.821794738257016,1239.59670934
0.52284575,164.85934,0.0031714656,False,100,50,15,0.821794738257016,1239.59670934
0.79849005,374.65332,0.0021312772,False,100,50,15,0.821794738257016,1239.59670934
0.434233,429.6159,0.001010747,False,100,50,15,0.821794738257016,1239.59670934
0.7280187,1218.097,0.00059766887,False,100,50,15,0.821794738257016,1239.59670934
0.0,97.570206,0.0,False,100,50,15,0.821794738257016,1239.59670934
0.5132473,159.7321,0.0032131758,True,100,50,15,0.821794738257016,1239.59670934
0.6090254,525.6687,0.0011585727,False,100,50,15,0.821794738257016,1239.59670934
0.49517718,712.4762,0.0006950087,False,100,50,15,0.821794738257016,1239.59670934
