cost,production,is_pareto,n_batch,n_start,n_candidates,init_cost,init_production
3045.9004,0.00095294777,False,100,50,15,2210.8624803400003,0.021073837077251217
2313.3335,0.0,False,100,50,15,2210.8624803400003,0.021073837077251217
3331.1848,0.007966058,False,100,50,15,2210.8624803400003,0.021073837077251217
1487.4528,0.0,False,100,50,15,2210.8624803400003,0.021073837077251217
1817.4423,0.0,False,100,50,15,2210.8624803400003,0.021073837077251217
2108.3374,0.0,False,100,50,15,2210.8624803400003,0.021073837077251217
2057.675,0.0,False,100,50,15,2210.8624803400003,0.021073837077251217
2034.8373,0.016041249,False,100,50,15,2210.8624803400003,0.021073837077251217
1993.5557,0.0,False,100,50,15,2210.8624803400003,0.021073837077251217
2082.4736,0.00844438,False,100,50,15,2210.8624803400003,0.021073837077251217
1552.4962,0.0,False,100,50,15,2210.8624803400003,0.021073837077251217
1835.4971,0.01136279,False,100,50,15,2210.8624803400003,0.021073837077251217
2096.1663,0.0,False,100,50,15,2210.8624803400003,0.021073837077251217
2449.5344,0.008942668,False,100,50,15,2210.8624803400003,0.021073837077251217
1572.648,0.0,False,100,50,15,2210.8624803400003,0.021073837077251217
1949.7262,0.017892336,False,100,50,15,2210.8624803400003,0.021073837077251217
1504.2037,0.0,False,100,50,15,2210.8624803400003,0.021073837077251217
2632.0095,0.0,False,100,50,15,2210.8624803400003,0.021073837077251217
2507.313,0.009920427,False,100,50,15,2210.8624803400003,0.021073837077251217
2004.7888,0.0,False,100,50,15,2210.8624803400003,0.021073837077251217
2308.821,0.0010424951,False,100,50,15,2210.8624803400003,0.021073837077251217
2925.4563,0.0,False,100,50,15,2210.8624803400003,0.021073837077251217
2308.4849,0.0,False,100,50,15,2210.8624803400003,0.021073837077251217
2191.536,0.0,False,100,50,15,2210.8624803400003,0.021073837077251217
2085.3064,0.0,False,100,50,15,2210.8624803400003,0.021073837077251217
1572.4478,0.0,False,100,50,15,2210.8624803400003,0.021073837077251217
1427.2041,0.0,False,100,50,15,2210.8624803400003,0.021073837077251217
2262.148,0.0,False,100,50,15,2210.8624803400003,0.021073837077251217
2921.1846,0.0,False,100,50,15,2210.8624803400003,0.021073837077251217
1914.8467,0.0,False,100,50,15,2210.8624803400003,0.021073837077251217
1537.1149,0.0,False,100,50,15,2210.8624803400003,0.021073837077251217
1768.1993,0.0,False,100,50,15,2210.8624803400003,0.021073837077251217
1758.6277,0.0,False,100,50,15,2210.8624803400003,0.021073837077251217
2725.8545,0.0,False,100,50,15,2210.8624803400003,0.021073837077251217
1532.8888,0.0,False,100,50,15,2210.8624803400003,0.021073837077251217
2064.4734,0.0,False,100,50,15,2210.8624803400003,0.021073837077251217
2624.2185,0.0,False,100,50,15,2210.8624803400003,0.021073837077251217
2165.497,0.0051209964,False,100,50,15,2210.8624803400003,0.021073837077251217
2908.4824,0.0,False,100,50,15,2210.8624803400003,0.021073837077251217
2231.2646,0.0060641784,False,100,50,15,2210.8624803400003,0.021073837077251217
2038.2782,0.013190933,False,100,50,15,2210.8624803400003,0.021073837077251217
2467.5913,0.0,False,100,50,15,2210.8624803400003,0.021073837077251217
1845.6854,0.0,False,100,50,15,2210.8624803400003,0.021073837077251217
2902.621,0.008055014,False,100,50,15,2210.8624803400003,0.021073837077251217
1719.7413,0.0,False,100,50,15,2210.8624803400003,0.021073837077251217
3281.127,0.0,False,100,50,15,2210.8624803400003,0.021073837077251217
1697.1896,0.018079454,False,100,50,15,2210.8624803400003,0.021073837077251217
2215.2942,0.0,False,100,50,15,2210.8624803400003,0.021073837077251217
2532.3896,0.0,False,100,50,15,2210.8624803400003,0.021073837077251217
2916.2307,0.0,False,100,50,15,2210.8624803400003,0.021073837077251217
941.55255,0.020175237,False,100,50,15,2210.8624803400003,0.021073837077251217
339.04172,0.006133145,False,100,50,15,2210.8624803400003,0.021073837077251217
322.40317,0.0,False,100,50,15,2210.8624803400003,0.021073837077251217
635.6131,0.0,False,100,50,15,2210.8624803400003,0.021073837077251217
3078.8398,0.020950815,False,100,50,15,2210.8624803400003,0.021073837077251217
3303.3215,0.0,False,100,50,15,2210.8624803400003,0.021073837077251217
786.08386,0.010559394,False,100,50,15,2210.8624803400003,0.021073837077251217
2363.5574,0.00032954715,False,100,50,15,2210.8624803400003,0.021073837077251217
1669.2028,0.04852148,False,100,50,15,2210.8624803400003,0.021073837077251217
318.96436,0.0039927997,False,100,50,15,2210.8624803400003,0.021073837077251217
861.5509,0.0,False,100,50,15,2210.8624803400003,0.021073837077251217
2821.905,0.020035591,False,100,50,15,2210.8624803400003,0.021073837077251217
2021.5299,0.015868373,False,100,50,15,2210.8624803400003,0.021073837077251217
207.04045,0.0,False,100,50,15,2210.8624803400003,0.021073837077251217
620.1251,0.007137063,False,100,50,15,2210.8624803400003,0.021073837077251217
514.2431,0.03633935,False,100,50,15,2210.8624803400003,0.021073837077251217
1050.2745,0.0058608507,False,100,50,15,2210.8624803400003,0.021073837077251217
1462.9115,0.015798429,False,100,50,15,2210.8624803400003,0.021073837077251217
610.62006,0.039358042,False,100,50,15,2210.8624803400003,0.021073837077251217
2168.9238,0.010084992,False,100,50,15,2210.8624803400003,0.021073837077251217
3342.2617,0.017790182,False,100,50,15,2210.8624803400003,0.021073837077251217
3096.9573,0.015584363,False,100,50,15,2210.8624803400003,0.021073837077251217
2394.4285,0.013513494,False,100,50,15,2210.8624803400003,0.021073837077251217
781.3759,0.043733124,False,100,50,15,2210.8624803400003,0.021073837077251217
1531.9606,0.0,False,100,50,15,2210.8624803400003,0.021073837077251217
600.66705,0.0,False,100,50,15,2210.8624803400003,0.021073837077251217
1186.5581,0.012938788,False,100,50,15,2210.8624803400003,0.021073837077251217
1163.4102,0.0,False,100,50,15,2210.8624803400003,0.021073837077251217
910.3605,0.0148934405,False,100,50,15,2210.8624803400003,0.021073837077251217
239.39528,0.0,False,100,50,15,2210.8624803400003,0.021073837077251217
142.5167,0.0,False,100,50,15,2210.8624803400003,0.021073837077251217
874.5743,0.04817383,False,100,50,15,2210.8624803400003,0.021073837077251217
397.73618,0.008351249,False,100,50,15,2210.8624803400003,0.021073837077251217
2739.223,0.017615013,False,100,50,15,2210.8624803400003,0.021073837077251217
1619.8954,0.009461573,False,100,50,15,2210.8624803400003,0.021073837077251217
1697.6694,0.021956075,False,100,50,15,2210.8624803400003,0.021073837077251217
1800.8635,0.01012411,False,100,50,15,2210.8624803400003,0.021073837077251217
856.77,0.0,False,100,50,15,2210.8624803400003,0.021073837077251217
1548.0114,0.0,False,100,50,15,2210.8624803400003,0.021073837077251217
2484.9492,0.0,False,100,50,15,2210.8624803400003,0.021073837077251217
575.55994,0.047771018,False,100,50,15,2210.8624803400003,0.021073837077251217
96.171074,0.0,False,100,50,15,2210.8624803400003,0.021073837077251217
1597.3002,0.012264252,False,100,50,15,2210.8624803400003,0.021073837077251217
712.9519,0.048027426,False,100,50,15,2210.8624803400003,0.021073837077251217
658.7437,0.044384096,False,100,50,15,2210.8624803400003,0.021073837077251217
448.17026,0.0,False,100,50,15,2210.8624803400003,0.021073837077251217
2148.5017,0.009722355,False,100,50,15,2210.8624803400003,0.021073837077251217
2653.7532,0.018309658,False,100,50,15,2210.8624803400003,0.021073837077251217
1096.668,0.0,False,100,50,15,2210.8624803400003,0.021073837077251217
184.85641,0.0,False,100,50,15,2210.8624803400003,0.021073837077251217
1494.7361,0.008758248,False,100,50,15,2210.8624803400003,0.021073837077251217
1116.0404,0.011718308,False,100,50,15,2210.8624803400003,0.021073837077251217
1530.9291,0.007761897,False,100,50,15,2210.8624803400003,0.021073837077251217
1520.0443,0.013361543,False,100,50,15,2210.8624803400003,0.021073837077251217
2204.7964,0.009364801,False,100,50,15,2210.8624803400003,0.021073837077251217
633.3235,0.047863405,False,100,50,15,2210.8624803400003,0.021073837077251217
302.0708,0.0,False,100,50,15,2210.8624803400003,0.021073837077251217
360.55307,0.0,False,100,50,15,2210.8624803400003,0.021073837077251217
391.05817,0.0,False,100,50,15,2210.8624803400003,0.021073837077251217
2880.2354,0.044720728,False,100,50,15,2210.8624803400003,0.021073837077251217
120.25073,0.0075432346,False,100,50,15,2210.8624803400003,0.021073837077251217
907.98047,0.0,False,100,50,15,2210.8624803400003,0.021073837077251217
2659.1064,0.0,False,100,50,15,2210.8624803400003,0.021073837077251217
1635.7976,0.0,False,100,50,15,2210.8624803400003,0.021073837077251217
2584.3782,0.014974287,False,100,50,15,2210.8624803400003,0.021073837077251217
1654.0735,0.0098188,False,100,50,15,2210.8624803400003,0.021073837077251217
1710.2,0.009110512,False,100,50,15,2210.8624803400003,0.021073837077251217
1759.0597,0.0,False,100,50,15,2210.8624803400003,0.021073837077251217
976.8443,0.03561346,False,100,50,15,2210.8624803400003,0.021073837077251217
2531.3062,0.0,False,100,50,15,2210.8624803400003,0.021073837077251217
814.0412,0.0,False,100,50,15,2210.8624803400003,0.021073837077251217
2029.7633,0.019552521,False,100,50,15,2210.8624803400003,0.021073837077251217
1321.6876,0.0,False,100,50,15,2210.8624803400003,0.021073837077251217
1094.4766,0.02786562,False,100,50,15,2210.8624803400003,0.021073837077251217
2399.4038,0.0030486477,False,100,50,15,2210.8624803400003,0.021073837077251217
503.11768,0.045762982,False,100,50,15,2210.8624803400003,0.021073837077251217
1658.675,0.0,False,100,50,15,2210.8624803400003,0.021073837077251217
1918.5128,0.0,False,100,50,15,2210.8624803400003,0.021073837077251217
324.136,0.037941393,False,100,50,15,2210.8624803400003,0.021073837077251217
1407.4176,0.011529686,False,100,50,15,2210.8624803400003,0.021073837077251217
791.9388,0.004359342,False,100,50,15,2210.8624803400003,0.021073837077251217
1562.0743,0.008782908,False,100,50,15,2210.8624803400003,0.021073837077251217
401.85617,0.042259008,False,100,50,15,2210.8624803400003,0.021073837077251217
1301.0874,0.008956889,False,100,50,15,2210.8624803400003,0.021073837077251217
1366.9717,0.010198775,False,100,50,15,2210.8624803400003,0.021073837077251217
1033.0818,0.0,False,100,50,15,2210.8624803400003,0.021073837077251217
1000.8923,0.0094228005,False,100,50,15,2210.8624803400003,0.021073837077251217
2252.2656,0.0,False,100,50,15,2210.8624803400003,0.021073837077251217
799.82874,0.0,False,100,50,15,2210.8624803400003,0.021073837077251217
1607.5021,0.004676156,False,100,50,15,2210.8624803400003,0.021073837077251217
490.13495,0.044803895,False,100,50,15,2210.8624803400003,0.021073837077251217
1273.0618,0.0063532563,False,100,50,15,2210.8624803400003,0.021073837077251217
1288.3811,0.0063386015,False,100,50,15,2210.8624803400003,0.021073837077251217
919.288,0.0,False,100,50,15,2210.8624803400003,0.021073837077251217
1240.1029,0.0003379026,False,100,50,15,2210.8624803400003,0.021073837077251217
988.72864,0.0,False,100,50,15,2210.8624803400003,0.021073837077251217
1049.459,0.015505163,False,100,50,15,2210.8624803400003,0.021073837077251217
2007.7955,0.008483483,False,100,50,15,2210.8624803400003,0.021073837077251217
865.75336,0.0031889759,False,100,50,15,2210.8624803400003,0.021073837077251217
1056.8888,0.002854368,False,100,50,15,2210.8624803400003,0.021073837077251217
1569.2639,0.014821397,False,100,50,15,2210.8624803400003,0.021073837077251217
221.89354,0.025333319,False,100,50,15,2210.8624803400003,0.021073837077251217
310.23288,0.03790726,False,100,50,15,2210.8624803400003,0.021073837077251217
2882.362,0.057671253,False,100,50,15,2210.8624803400003,0.021073837077251217
843.7736,0.0019152169,False,100,50,15,2210.8624803400003,0.021073837077251217
162.9487,0.0032781907,False,100,50,15,2210.8624803400003,0.021073837077251217
386.37238,0.04569598,False,100,50,15,2210.8624803400003,0.021073837077251217
762.80096,0.0,False,100,50,15,2210.8624803400003,0.021073837077251217
1525.8076,0.018242776,False,100,50,15,2210.8624803400003,0.021073837077251217
1023.90753,0.0,False,100,50,15,2210.8624803400003,0.021073837077251217
903.7784,0.0,False,100,50,15,2210.8624803400003,0.021073837077251217
1478.2782,0.010857429,False,100,50,15,2210.8624803400003,0.021073837077251217
2263.9329,0.054811332,False,100,50,15,2210.8624803400003,0.021073837077251217
2484.9226,0.0,False,100,50,15,2210.8624803400003,0.021073837077251217
1976.1799,0.012508091,False,100,50,15,2210.8624803400003,0.021073837077251217
2399.3813,0.008497441,False,100,50,15,2210.8624803400003,0.021073837077251217
1000.51465,0.0,False,100,50,15,2210.8624803400003,0.021073837077251217
1338.0111,0.011002512,False,100,50,15,2210.8624803400003,0.021073837077251217
1439.8258,0.01461705,False,100,50,15,2210.8624803400003,0.021073837077251217
1044.5366,0.0026878908,False,100,50,15,2210.8624803400003,0.021073837077251217
591.99036,0.048034187,False,100,50,15,2210.8624803400003,0.021073837077251217
1059.8379,0.0,False,100,50,15,2210.8624803400003,0.021073837077251217
2331.3823,0.0065049785,False,100,50,15,2210.8624803400003,0.021073837077251217
2108.787,0.013005552,False,100,50,15,2210.8624803400003,0.021073837077251217
1581.1124,0.0,False,100,50,15,2210.8624803400003,0.021073837077251217
2531.7073,0.05628115,False,100,50,15,2210.8624803400003,0.021073837077251217
1597.8578,0.013528437,False,100,50,15,2210.8624803400003,0.021073837077251217
2760.6865,0.0031375182,False,100,50,15,2210.8624803400003,0.021073837077251217
921.16846,0.0,False,100,50,15,2210.8624803400003,0.021073837077251217
2531.5002,0.0038142612,False,100,50,15,2210.8624803400003,0.021073837077251217
927.788,0.0032012686,False,100,50,15,2210.8624803400003,0.021073837077251217
2275.7112,0.054589212,False,100,50,15,2210.8624803400003,0.021073837077251217
2749.3325,0.019873995,False,100,50,15,2210.8624803400003,0.021073837077251217
1563.9651,0.051077932,False,100,50,15,2210.8624803400003,0.021073837077251217
252.09454,0.028767567,False,100,50,15,2210.8624803400003,0.021073837077251217
1087.6058,0.050731663,False,100,50,15,2210.8624803400003,0.021073837077251217
2616.9263,0.056777135,False,100,50,15,2210.8624803400003,0.021073837077251217
386.9413,0.042429242,False,100,50,15,2210.8624803400003,0.021073837077251217
2382.3035,0.0,False,100,50,15,2210.8624803400003,0.021073837077251217
1660.6567,0.012247344,False,100,50,15,2210.8624803400003,0.021073837077251217
1994.6489,0.01015066,False,100,50,15,2210.8624803400003,0.021073837077251217
1827.3873,0.025256967,False,100,50,15,2210.8624803400003,0.021073837077251217
718.7143,0.0,False,100,50,15,2210.8624803400003,0.021073837077251217
2223.737,0.013658793,False,100,50,15,2210.8624803400003,0.021073837077251217
1901.1251,0.0,False,100,50,15,2210.8624803400003,0.021073837077251217
382.74384,0.03794048,False,100,50,15,2210.8624803400003,0.021073837077251217
987.6326,0.010439621,False,100,50,15,2210.8624803400003,0.021073837077251217
1962.0359,0.0,False,100,50,15,2210.8624803400003,0.021073837077251217
1791.8132,0.04522693,False,100,50,15,2210.8624803400003,0.021073837077251217
1562.2047,0.02063494,False,100,50,15,2210.8624803400003,0.021073837077251217
853.57635,0.050360665,False,100,50,15,2210.8624803400003,0.021073837077251217
984.79736,0.04452622,False,100,50,15,2210.8624803400003,0.021073837077251217
244.08841,0.002493859,False,100,50,15,2210.8624803400003,0.021073837077251217
1559.5609,0.0039144456,False,100,50,15,2210.8624803400003,0.021073837077251217
1737.6904,0.057291698,False,100,50,15,2210.8624803400003,0.021073837077251217
68.626785,0.0,False,100,50,15,2210.8624803400003,0.021073837077251217
1906.6722,0.0,False,100,50,15,2210.8624803400003,0.021073837077251217
1194.4939,0.028754298,False,100,50,15,2210.8624803400003,0.021073837077251217
980.05414,0.0,False,100,50,15,2210.8624803400003,0.021073837077251217
1975.7721,0.0,False,100,50,15,2210.8624803400003,0.021073837077251217
1726.8704,0.0,False,100,50,15,2210.8624803400003,0.021073837077251217
1674.4149,0.0,False,100,50,15,2210.8624803400003,0.021073837077251217
1435.3828,0.014955895,False,100,50,15,2210.8624803400003,0.021073837077251217
398.15378,0.04425905,False,100,50,15,2210.8624803400003,0.021073837077251217
186.70352,0.0,False,100,50,15,2210.8624803400003,0.021073837077251217
344.3773,0.041251525,False,100,50,15,2210.8624803400003,0.021073837077251217
1452.343,0.056178182,True,100,50,15,2210.8624803400003,0.021073837077251217
922.9641,0.0,False,100,50,15,2210.8624803400003,0.021073837077251217
610.68286,0.042480983,False,100,50,15,2210.8624803400003,0.021073837077251217
1980.1987,0.0,False,100,50,15,2210.8624803400003,0.021073837077251217
741.672,0.011315377,False,100,50,15,2210.8624803400003,0.021073837077251217
2116.211,0.039079923,False,100,50,15,2210.8624803400003,0.021073837077251217
997.5708,0.00045458123,False,100,50,15,2210.8624803400003,0.021073837077251217
917.4838,0.0,False,100,50,15,2210.8624803400003,0.021073837077251217
2275.3481,0.0,False,100,50,15,2210.8624803400003,0.021073837077251217
2127.577,0.0,False,100,50,15,2210.8624803400003,0.021073837077251217
1095.909,0.024501989,False,100,50,15,2210.8624803400003,0.021073837077251217
2109.7256,0.01742175,False,100,50,15,2210.8624803400003,0.021073837077251217
2469.888,0.0,False,100,50,15,2210.8624803400003,0.021073837077251217
1447.5929,0.0,False,100,50,15,2210.8624803400003,0.021073837077251217
384.27408,0.045707427,False,100,50,15,2210.8624803400003,0.021073837077251217
1475.4619,0.05633486,True,100,50,15,2210.8624803400003,0.021073837077251217
962.5643,0.0,False,100,50,15,2210.8624803400003,0.021073837077251217
882.2902,0.0,False,100,50,15,2210.8624803400003,0.021073837077251217
892.56476,0.0,False,100,50,15,2210.8624803400003,0.021073837077251217
1955.9465,0.0118414285,False,100,50,15,2210.8624803400003,0.021073837077251217
1056.5402,0.0,False,100,50,15,2210.8624803400003,0.021073837077251217
950.424,0.0,False,100,50,15,2210.8624803400003,0.021073837077251217
1968.5675,0.00026166323,False,100,50,15,2210.8624803400003,0.021073837077251217
2392.5376,0.017842127,False,100,50,15,2210.8624803400003,0.021073837077251217
2111.6992,0.006285885,False,100,50,15,2210.8624803400003,0.021073837077251217
841.6283,0.01716161,False,100,50,15,2210.8624803400003,0.021073837077251217
1163.5616,0.0032300784,False,100,50,15,2210.8624803400003,0.021073837077251217
2006.4114,0.015463845,False,100,50,15,2210.8624803400003,0.021073837077251217
1107.6024,0.0,False,100,50,15,2210.8624803400003,0.021073837077251217
1027.9095,0.05244905,False,100,50,15,2210.8624803400003,0.021073837077251217
106.93374,0.0018489992,False,100,50,15,2210.8624803400003,0.021073837077251217
804.59204,0.050157037,False,100,50,15,2210.8624803400003,0.021073837077251217
1130.8463,0.02712318,False,100,50,15,2210.8624803400003,0.021073837077251217
1523.8564,0.0,False,100,50,15,2210.8624803400003,0.021073837077251217
278.0398,0.033031557,False,100,50,15,2210.8624803400003,0.021073837077251217
799.89124,0.049812276,False,100,50,15,2210.8624803400003,0.021073837077251217
405.85947,0.044999026,False,100,50,15,2210.8624803400003,0.021073837077251217
2211.9492,0.04797056,False,100,50,15,2210.8624803400003,0.021073837077251217
1429.7288,0.053973075,False,100,50,15,2210.8624803400003,0.021073837077251217
2324.4663,0.040621087,False,100,50,15,2210.8624803400003,0.021073837077251217
1360.4575,0.04370089,False,100,50,15,2210.8624803400003,0.021073837077251217
2406.4395,0.0056796405,False,100,50,15,2210.8624803400003,0.021073837077251217
2150.315,0.015508813,False,100,50,15,2210.8624803400003,0.021073837077251217
1223.3845,0.0,False,100,50,15,2210.8624803400003,0.021073837077251217
1121.207,0.05229767,False,100,50,15,2210.8624803400003,0.021073837077251217
358.507,0.04610643,False,100,50,15,2210.8624803400003,0.021073837077251217
1210.8956,0.015402516,False,100,50,15,2210.8624803400003,0.021073837077251217
1698.5231,0.0,False,100,50,15,2210.8624803400003,0.021073837077251217
219.03673,0.028790966,False,100,50,15,2210.8624803400003,0.021073837077251217
457.60062,0.04859868,False,100,50,15,2210.8624803400003,0.021073837077251217
620.898,0.044437107,False,100,50,15,2210.8624803400003,0.021073837077251217
1168.1464,0.0,False,100,50,15,2210.8624803400003,0.021073837077251217
943.4519,0.0,False,100,50,15,2210.8624803400003,0.021073837077251217
908.04114,0.0,False,100,50,15,2210.8624803400003,0.021073837077251217
1587.965,0.037385244,False,100,50,15,2210.8624803400003,0.021073837077251217
592.25586,0.0,False,100,50,15,2210.8624803400003,0.021073837077251217
1007.43176,0.0,False,100,50,15,2210.8624803400003,0.021073837077251217
982.56,0.03735583,False,100,50,15,2210.8624803400003,0.021073837077251217
677.7409,0.049755707,False,100,50,15,2210.8624803400003,0.021073837077251217
679.9977,0.02616565,False,100,50,15,2210.8624803400003,0.021073837077251217
336.2732,0.044897415,False,100,50,15,2210.8624803400003,0.021073837077251217
1062.4559,0.05279676,False,100,50,15,2210.8624803400003,0.021073837077251217
1051.553,0.0,False,100,50,15,2210.8624803400003,0.021073837077251217
2629.2842,0.0071914033,False,100,50,15,2210.8624803400003,0.021073837077251217
542.4325,0.049509127,False,100,50,15,2210.8624803400003,0.021073837077251217
1788.7919,0.05799348,True,100,50,15,2210.8624803400003,0.021073837077251217
941.5092,0.0,False,100,50,15,2210.8624803400003,0.021073837077251217
1026.7412,0.0,False,100,50,15,2210.8624803400003,0.021073837077251217
7.764724,0.0,True,100,50,15,2210.8624803400003,0.021073837077251217
808.9094,0.0,False,100,50,15,2210.8624803400003,0.021073837077251217
1635.2115,0.0,False,100,50,15,2210.8624803400003,0.021073837077251217
1774.8047,0.0,False,100,50,15,2210.8624803400003,0.021073837077251217
1512.1165,0.0,False,100,50,15,2210.8624803400003,0.021073837077251217
1684.331,0.015098537,False,100,50,15,2210.8624803400003,0.021073837077251217
593.5614,0.043662865,False,100,50,15,2210.8624803400003,0.021073837077251217
2341.8306,0.0106495945,False,100,50,15,2210.8624803400003,0.021073837077251217
628.21344,0.046776325,False,100,50,15,2210.8624803400003,0.021073837077251217
2188.8132,0.0056066755,False,100,50,15,2210.8624803400003,0.021073837077251217
602.9521,0.008494175,False,100,50,15,2210.8624803400003,0.021073837077251217
196.17136,0.032327987,False,100,50,15,2210.8624803400003,0.021073837077251217
732.75854,0.0,False,100,50,15,2210.8624803400003,0.021073837077251217
2350.282,0.0,False,100,50,15,2210.8624803400003,0.021073837077251217
867.9075,0.0,False,100,50,15,2210.8624803400003,0.021073837077251217
1036.8538,0.0,False,100,50,15,2210.8624803400003,0.021073837077251217
862.69037,0.0,False,100,50,15,2210.8624803400003,0.021073837077251217
29.014372,0.0,False,100,50,15,2210.8624803400003,0.021073837077251217
2284.623,0.011796814,False,100,50,15,2210.8624803400003,0.021073837077251217
1357.9631,0.0,False,100,50,15,2210.8624803400003,0.021073837077251217
682.0988,0.0088505605,False,100,50,15,2210.8624803400003,0.021073837077251217
1233.8547,0.04985194,False,100,50,15,2210.8624803400003,0.021073837077251217
1258.214,0.022735942,False,100,50,15,2210.8624803400003,0.021073837077251217
705.13544,0.048667956,False,100,50,15,2210.8624803400003,0.021073837077251217
119.54547,0.022324862,False,100,50,15,2210.8624803400003,0.021073837077251217
2269.1091,0.0,False,100,50,15,2210.8624803400003,0.021073837077251217
1346.9059,0.01690024,False,100,50,15,2210.8624803400003,0.021073837077251217
495.65555,0.04851573,False,100,50,15,2210.8624803400003,0.021073837077251217
354.38898,0.004745854,False,100,50,15,2210.8624803400003,0.021073837077251217
772.6418,0.029756347,False,100,50,15,2210.8624803400003,0.021073837077251217
228.67662,0.035875328,False,100,50,15,2210.8624803400003,0.021073837077251217
1603.5262,0.017144427,False,100,50,15,2210.8624803400003,0.021073837077251217
1693.0767,0.008797085,False,100,50,15,2210.8624803400003,0.021073837077251217
1878.1289,0.012203382,False,100,50,15,2210.8624803400003,0.021073837077251217
1700.0463,0.0029237438,False,100,50,15,2210.8624803400003,0.021073837077251217
1630.1427,0.0,False,100,50,15,2210.8624803400003,0.021073837077251217
1746.2952,0.055891443,False,100,50,15,2210.8624803400003,0.021073837077251217
361.5296,0.04646693,False,100,50,15,2210.8624803400003,0.021073837077251217
925.1359,0.0,False,100,50,15,2210.8624803400003,0.021073837077251217
2273.7112,0.009076342,False,100,50,15,2210.8624803400003,0.021073837077251217
1121.1075,0.050622765,False,100,50,15,2210.8624803400003,0.021073837077251217
842.59845,0.0,False,100,50,15,2210.8624803400003,0.021073837077251217
1028.3579,0.0,False,100,50,15,2210.8624803400003,0.021073837077251217
2320.7495,0.0017903687,False,100,50,15,2210.8624803400003,0.021073837077251217
836.2707,0.0,False,100,50,15,2210.8624803400003,0.021073837077251217
102.40055,0.0,False,100,50,15,2210.8624803400003,0.021073837077251217
958.5331,0.041941985,False,100,50,15,2210.8624803400003,0.021073837077251217
539.2423,0.010386437,False,100,50,15,2210.8624803400003,0.021073837077251217
1646.5443,0.008970279,False,100,50,15,2210.8624803400003,0.021073837077251217
969.817,0.0,False,100,50,15,2210.8624803400003,0.021073837077251217
1244.2278,0.053218313,False,100,50,15,2210.8624803400003,0.021073837077251217
457.42352,0.016940491,False,100,50,15,2210.8624803400003,0.021073837077251217
1064.1956,0.05230318,False,100,50,15,2210.8624803400003,0.021073837077251217
1337.3896,0.0,False,100,50,15,2210.8624803400003,0.021073837077251217
1806.6322,0.056760058,False,100,50,15,2210.8624803400003,0.021073837077251217
552.13434,0.04025661,False,100,50,15,2210.8624803400003,0.021073837077251217
598.1498,0.022511877,False,100,50,15,2210.8624803400003,0.021073837077251217
375.94934,0.0464548,False,100,50,15,2210.8624803400003,0.021073837077251217
817.8483,0.0,False,100,50,15,2210.8624803400003,0.021073837077251217
1716.3846,0.0,False,100,50,15,2210.8624803400003,0.021073837077251217
985.81635,0.005845099,False,100,50,15,2210.8624803400003,0.021073837077251217
939.1883,0.049551874,False,100,50,15,2210.8624803400003,0.021073837077251217
1819.1329,0.011482982,False,100,50,15,2210.8624803400003,0.021073837077251217
1865.757,0.004499915,False,100,50,15,2210.8624803400003,0.021073837077251217
2708.2837,0.0022473063,False,100,50,15,2210.8624803400003,0.021073837077251217
1010.63416,0.049708698,False,100,50,15,2210.8624803400003,0.021073837077251217
450.79584,0.047167182,False,100,50,15,2210.8624803400003,0.021073837077251217
1437.3838,0.004235468,False,100,50,15,2210.8624803400003,0.021073837077251217
905.3204,0.0072595915,False,100,50,15,2210.8624803400003,0.021073837077251217
982.456,0.0,False,100,50,15,2210.8624803400003,0.021073837077251217
799.7544,0.0,False,100,50,15,2210.8624803400003,0.021073837077251217
1365.7312,0.01329241,False,100,50,15,2210.8624803400003,0.021073837077251217
2269.5234,0.0,False,100,50,15,2210.8624803400003,0.021073837077251217
626.45496,0.0,False,100,50,15,2210.8624803400003,0.021073837077251217
1200.5236,0.0,False,100,50,15,2210.8624803400003,0.021073837077251217
1067.4847,0.0,False,100,50,15,2210.8624803400003,0.021073837077251217
124.19035,0.00074033055,False,100,50,15,2210.8624803400003,0.021073837077251217
2721.1824,0.017188502,False,100,50,15,2210.8624803400003,0.021073837077251217
2011.4946,0.004178078,False,100,50,15,2210.8624803400003,0.021073837077251217
1903.0089,0.058151018,False,100,50,15,2210.8624803400003,0.021073837077251217
2027.1195,0.013448058,False,100,50,15,2210.8624803400003,0.021073837077251217
260.94427,0.03933902,False,100,50,15,2210.8624803400003,0.021073837077251217
732.37915,0.0,False,100,50,15,2210.8624803400003,0.021073837077251217
456.39008,0.048310082,False,100,50,15,2210.8624803400003,0.021073837077251217
735.74994,0.0,False,100,50,15,2210.8624803400003,0.021073837077251217
902.80786,0.0,False,100,50,15,2210.8624803400003,0.021073837077251217
1540.4994,0.0,False,100,50,15,2210.8624803400003,0.021073837077251217
895.75055,0.030175854,False,100,50,15,2210.8624803400003,0.021073837077251217
1931.7804,0.015663572,False,100,50,15,2210.8624803400003,0.021073837077251217
2758.6382,0.0,False,100,50,15,2210.8624803400003,0.021073837077251217
1809.862,0.029579047,False,100,50,15,2210.8624803400003,0.021073837077251217
1841.2634,0.0,False,100,50,15,2210.8624803400003,0.021073837077251217
1562.8177,0.0,False,100,50,15,2210.8624803400003,0.021073837077251217
719.2569,0.0,False,100,50,15,2210.8624803400003,0.021073837077251217
1132.8744,0.008891447,False,100,50,15,2210.8624803400003,0.021073837077251217
755.5537,0.0,False,100,50,15,2210.8624803400003,0.021073837077251217
369.94086,0.04672357,False,100,50,15,2210.8624803400003,0.021073837077251217
1984.674,0.018724905,False,100,50,15,2210.8624803400003,0.021073837077251217
929.6804,0.0,False,100,50,15,2210.8624803400003,0.021073837077251217
1613.5555,0.01407057,False,100,50,15,2210.8624803400003,0.021073837077251217
1767.9714,0.015628736,False,100,50,15,2210.8624803400003,0.021073837077251217
7.764724,0.0,False,100,50,15,2210.8624803400003,0.021073837077251217
795.6448,0.0,False,100,50,15,2210.8624803400003,0.021073837077251217
1071.5532,0.0,False,100,50,15,2210.8624803400003,0.021073837077251217
1758.9249,0.013645472,False,100,50,15,2210.8624803400003,0.021073837077251217
1685.8606,0.008736837,False,100,50,15,2210.8624803400003,0.021073837077251217
1912.2391,0.057821743,False,100,50,15,2210.8624803400003,0.021073837077251217
1555.431,0.0,False,100,50,15,2210.8624803400003,0.021073837077251217
934.83246,0.0,False,100,50,15,2210.8624803400003,0.021073837077251217
1158.5302,0.009343607,False,100,50,15,2210.8624803400003,0.021073837077251217
1072.6189,0.04473915,False,100,50,15,2210.8624803400003,0.021073837077251217
174.71054,0.029325163,False,100,50,15,2210.8624803400003,0.021073837077251217
817.56433,0.05015475,False,100,50,15,2210.8624803400003,0.021073837077251217
1020.2074,0.0070088147,False,100,50,15,2210.8624803400003,0.021073837077251217
1154.7499,0.052450866,False,100,50,15,2210.8624803400003,0.021073837077251217
1353.27,0.04778575,False,100,50,15,2210.8624803400003,0.021073837077251217
968.27844,0.0,False,100,50,15,2210.8624803400003,0.021073837077251217
1380.7936,0.00866366,False,100,50,15,2210.8624803400003,0.021073837077251217
1292.5332,0.010271706,False,100,50,15,2210.8624803400003,0.021073837077251217
920.496,0.0,False,100,50,15,2210.8624803400003,0.021073837077251217
1627.0526,0.056124162,False,100,50,15,2210.8624803400003,0.021073837077251217
782.49365,0.004077935,False,100,50,15,2210.8624803400003,0.021073837077251217
2321.3362,0.011765167,False,100,50,15,2210.8624803400003,0.021073837077251217
672.63336,0.0,False,100,50,15,2210.8624803400003,0.021073837077251217
221.06459,0.033294074,False,100,50,15,2210.8624803400003,0.021073837077251217
1484.8872,0.048621178,False,100,50,15,2210.8624803400003,0.021073837077251217
661.36444,0.048267007,False,100,50,15,2210.8624803400003,0.021073837077251217
1082.2754,0.0,False,100,50,15,2210.8624803400003,0.021073837077251217
1559.4194,0.0,False,100,50,15,2210.8624803400003,0.021073837077251217
1152.5183,0.013317819,False,100,50,15,2210.8624803400003,0.021073837077251217
1660.196,0.01012043,False,100,50,15,2210.8624803400003,0.021073837077251217
1253.0317,0.008209172,False,100,50,15,2210.8624803400003,0.021073837077251217
2657.6553,0.0,False,100,50,15,2210.8624803400003,0.021073837077251217
188.66559,0.03482691,False,100,50,15,2210.8624803400003,0.021073837077251217
799.60535,0.0,False,100,50,15,2210.8624803400003,0.021073837077251217
883.1735,0.0,False,100,50,15,2210.8624803400003,0.021073837077251217
803.0546,0.0,False,100,50,15,2210.8624803400003,0.021073837077251217
1381.9371,0.04026586,False,100,50,15,2210.8624803400003,0.021073837077251217
873.50507,0.009382411,False,100,50,15,2210.8624803400003,0.021073837077251217
1128.7463,0.0045768134,False,100,50,15,2210.8624803400003,0.021073837077251217
1163.6116,0.0045530284,False,100,50,15,2210.8624803400003,0.021073837077251217
313.56192,0.04270184,False,100,50,15,2210.8624803400003,0.021073837077251217
940.3125,0.050430004,False,100,50,15,2210.8624803400003,0.021073837077251217
1033.6804,0.0,False,100,50,15,2210.8624803400003,0.021073837077251217
1641.799,0.0007109103,False,100,50,15,2210.8624803400003,0.021073837077251217
974.1324,0.006252611,False,100,50,15,2210.8624803400003,0.021073837077251217
2002.9059,0.012575348,False,100,50,15,2210.8624803400003,0.021073837077251217
2056.3533,0.0051302323,False,100,50,15,2210.8624803400003,0.021073837077251217
1001.0293,0.021982677,False,100,50,15,2210.8624803400003,0.021073837077251217
1361.1155,0.008757464,False,100,50,15,2210.8624803400003,0.021073837077251217
2055.853,0.009190845,False,100,50,15,2210.8624803400003,0.021073837077251217
796.6722,0.00041976606,False,100,50,15,2210.8624803400003,0.021073837077251217
1125.5288,0.036051735,False,100,50,15,2210.8624803400003,0.021073837077251217
2219.615,0.00041188925,False,100,50,15,2210.8624803400003,0.021073837077251217
1610.6018,0.055267945,False,100,50,15,2210.8624803400003,0.021073837077251217
1106.2642,0.0,False,100,50,15,2210.8624803400003,0.021073837077251217
574.6341,0.039959576,False,100,50,15,2210.8624803400003,0.021073837077251217
296.92938,0.0366111,False,100,50,15,2210.8624803400003,0.021073837077251217
788.8243,0.0,False,100,50,15,2210.8624803400003,0.021073837077251217
772.5633,0.0,False,100,50,15,2210.8624803400003,0.021073837077251217
1010.8777,0.03816725,False,100,50,15,2210.8624803400003,0.021073837077251217
1535.1694,0.0034903917,False,100,50,15,2210.8624803400003,0.021073837077251217
1383.4457,0.034921292,False,100,50,15,2210.8624803400003,0.021073837077251217
2324.7473,0.005899916,False,100,50,15,2210.8624803400003,0.021073837077251217
754.7797,0.027503777,False,100,50,15,2210.8624803400003,0.021073837077251217
1173.6254,0.050813697,False,100,50,15,2210.8624803400003,0.021073837077251217
835.8906,0.0,False,100,50,15,2210.8624803400003,0.021073837077251217
1651.0305,0.0049567022,False,100,50,15,2210.8624803400003,0.021073837077251217
1265.5424,0.04177466,False,100,50,15,2210.8624803400003,0.021073837077251217
1042.3105,0.0029862828,False,100,50,15,2210.8624803400003,0.021073837077251217
805.34674,0.00096389494,False,100,50,15,2210.8624803400003,0.021073837077251217
431.61276,0.046822693,False,100,50,15,2210.8624803400003,0.021073837077251217
716.0406,0.048251994,False,100,50,15,2210.8624803400003,0.021073837077251217
872.02734,0.047058016,False,100,50,15,2210.8624803400003,0.021073837077251217
2176.617,0.0,False,100,50,15,2210.8624803400003,0.021073837077251217
661.93506,0.039690547,False,100,50,15,2210.8624803400003,0.021073837077251217
920.6056,0.0026582773,False,100,50,15,2210.8624803400003,0.021073837077251217
2261.1287,0.003603,False,100,50,15,2210.8624803400003,0.021073837077251217
2960.0122,0.0094654225,False,100,50,15,2210.8624803400003,0.021073837077251217
313.6013,0.04312267,False,100,50,15,2210.8624803400003,0.021073837077251217
2022.5273,0.0,False,100,50,15,2210.8624803400003,0.021073837077251217
1093.3025,0.04482013,False,100,50,15,2210.8624803400003,0.021073837077251217
964.5015,0.0,False,100,50,15,2210.8624803400003,0.021073837077251217
214.26105,0.017616866,False,100,50,15,2210.8624803400003,0.021073837077251217
1707.7798,0.057572875,False,100,50,15,2210.8624803400003,0.021073837077251217
1389.3167,0.021329693,False,100,50,15,2210.8624803400003,0.021073837077251217
288.17648,0.042044904,False,100,50,15,2210.8624803400003,0.021073837077251217
871.39026,0.0,False,100,50,15,2210.8624803400003,0.021073837077251217
592.4963,0.04864471,False,100,50,15,2210.8624803400003,0.021073837077251217
953.9814,0.0,False,100,50,15,2210.8624803400003,0.021073837077251217
1116.6162,0.010253475,False,100,50,15,2210.8624803400003,0.021073837077251217
1311.1823,0.051454827,False,100,50,15,2210.8624803400003,0.021073837077251217
1031.1688,0.0,False,100,50,15,2210.8624803400003,0.021073837077251217
649.1254,0.0,False,100,50,15,2210.8624803400003,0.021073837077251217
995.4733,0.0,False,100,50,15,2210.8624803400003,0.021073837077251217
919.54474,0.0039079,False,100,50,15,2210.8624803400003,0.021073837077251217
1802.4675,0.028917529,False,100,50,15,2210.8624803400003,0.021073837077251217
752.13885,0.0,False,100,50,15,2210.8624803400003,0.021073837077251217
1014.41235,0.050635476,False,100,50,15,2210.8624803400003,0.021073837077251217
842.4124,0.0,False,100,50,15,2210.8624803400003,0.021073837077251217
1220.792,0.051203765,False,100,50,15,2210.8624803400003,0.021073837077251217
2265.024,0.057974234,False,100,50,15,2210.8624803400003,0.021073837077251217
141.55663,0.025721544,False,100,50,15,2210.8624803400003,0.021073837077251217
553.4659,0.046426054,False,100,50,15,2210.8624803400003,0.021073837077251217
1051.4259,0.044300154,False,100,50,15,2210.8624803400003,0.021073837077251217
1505.8899,0.013853631,False,100,50,15,2210.8624803400003,0.021073837077251217
2825.9978,0.010985516,False,100,50,15,2210.8624803400003,0.021073837077251217
2887.5454,0.0056108646,False,100,50,15,2210.8624803400003,0.021073837077251217
1465.4086,0.0041457755,False,100,50,15,2210.8624803400003,0.021073837077251217
1387.2786,0.0,False,100,50,15,2210.8624803400003,0.021073837077251217
1295.9884,0.013256249,False,100,50,15,2210.8624803400003,0.021073837077251217
1073.6077,0.0,False,100,50,15,2210.8624803400003,0.021073837077251217
715.5386,0.0,False,100,50,15,2210.8624803400003,0.021073837077251217
996.177,0.0,False,100,50,15,2210.8624803400003,0.021073837077251217
1003.7261,0.0016147424,False,100,50,15,2210.8624803400003,0.021073837077251217
2089.3042,0.017256256,False,100,50,15,2210.8624803400003,0.021073837077251217
225.72502,0.036196068,False,100,50,15,2210.8624803400003,0.021073837077251217
897.28754,0.051748566,False,100,50,15,2210.8624803400003,0.021073837077251217
367.7339,0.045134734,False,100,50,15,2210.8624803400003,0.021073837077251217
2059.2993,0.058129888,False,100,50,15,2210.8624803400003,0.021073837077251217
1575.8445,0.008127961,False,100,50,15,2210.8624803400003,0.021073837077251217
1216.5427,0.012018843,False,100,50,15,2210.8624803400003,0.021073837077251217
2024.4153,0.021898383,False,100,50,15,2210.8624803400003,0.021073837077251217
928.4241,0.0,False,100,50,15,2210.8624803400003,0.021073837077251217
2499.316,0.0,False,100,50,15,2210.8624803400003,0.021073837077251217
1138.7412,0.0,False,100,50,15,2210.8624803400003,0.021073837077251217
1068.7545,0.0,False,100,50,15,2210.8624803400003,0.021073837077251217
901.4317,0.012821438,False,100,50,15,2210.8624803400003,0.021073837077251217
1832.0958,0.011589052,False,100,50,15,2210.8624803400003,0.021073837077251217
1002.5978,0.0,False,100,50,15,2210.8624803400003,0.021073837077251217
1584.3558,0.0,False,100,50,15,2210.8624803400003,0.021073837077251217
548.0793,0.048623104,False,100,50,15,2210.8624803400003,0.021073837077251217
2046.8108,0.01812443,False,100,50,15,2210.8624803400003,0.021073837077251217
1939.7114,0.016434439,False,100,50,15,2210.8624803400003,0.021073837077251217
1192.9794,0.003673596,False,100,50,15,2210.8624803400003,0.021073837077251217
1024.9061,0.05159445,False,100,50,15,2210.8624803400003,0.021073837077251217
1325.8644,0.0,False,100,50,15,2210.8624803400003,0.021073837077251217
1447.6533,0.01867178,False,100,50,15,2210.8624803400003,0.021073837077251217
2382.3809,0.0,False,100,50,15,2210.8624803400003,0.021073837077251217
2408.127,0.009017768,False,100,50,15,2210.8624803400003,0.021073837077251217
1230.756,0.05159445,False,100,50,15,2210.8624803400003,0.021073837077251217
1374.3522,0.009176567,False,100,50,15,2210.8624803400003,0.021073837077251217
2289.7986,0.016005293,False,100,50,15,2210.8624803400003,0.021073837077251217
1282.7601,0.009874752,False,100,50,15,2210.8624803400003,0.021073837077251217
1239.4888,0.053218313,False,100,50,15,2210.8624803400003,0.021073837077251217
164.53029,0.03189635,False,100,50,15,2210.8624803400003,0.021073837077251217
66.68876,0.0115516,True,100,50,15,2210.8624803400003,0.021073837077251217
779.6814,0.05081477,False,100,50,15,2210.8624803400003,0.021073837077251217
314.55518,0.042640153,False,100,50,15,2210.8624803400003,0.021073837077251217
660.2217,0.0,False,100,50,15,2210.8624803400003,0.021073837077251217
2034.7986,0.0125828255,False,100,50,15,2210.8624803400003,0.021073837077251217
1235.3097,0.015125178,False,100,50,15,2210.8624803400003,0.021073837077251217
2521.0056,0.0019052511,False,100,50,15,2210.8624803400003,0.021073837077251217
865.8356,0.0,False,100,50,15,2210.8624803400003,0.021073837077251217
2608.468,0.013710642,False,100,50,15,2210.8624803400003,0.021073837077251217
2287.5708,0.015233739,False,100,50,15,2210.8624803400003,0.021073837077251217
947.05743,0.005741329,False,100,50,15,2210.8624803400003,0.021073837077251217
926.6882,0.0,False,100,50,15,2210.8624803400003,0.021073837077251217
1314.636,0.0072834524,False,100,50,15,2210.8624803400003,0.021073837077251217
931.62933,0.0069765397,False,100,50,15,2210.8624803400003,0.021073837077251217
2666.0732,0.009533687,False,100,50,15,2210.8624803400003,0.021073837077251217
103.39111,0.019278115,True,100,50,15,2210.8624803400003,0.021073837077251217
640.3863,0.0,False,100,50,15,2210.8624803400003,0.021073837077251217
1141.1272,0.05306288,False,100,50,15,2210.8624803400003,0.021073837077251217
484.5345,0.049799945,True,100,50,15,2210.8624803400003,0.021073837077251217
1013.2148,0.051510353,False,100,50,15,2210.8624803400003,0.021073837077251217
1937.7668,0.0074782725,False,100,50,15,2210.8624803400003,0.021073837077251217
1121.3214,0.0008557227,False,100,50,15,2210.8624803400003,0.021073837077251217
1075.9158,0.011785472,False,100,50,15,2210.8624803400003,0.021073837077251217
1351.5793,0.0037889609,False,100,50,15,2210.8624803400003,0.021073837077251217
953.3919,0.0,False,100,50,15,2210.8624803400003,0.021073837077251217
2246.4387,0.013636116,False,100,50,15,2210.8624803400003,0.021073837077251217
198.78673,0.0,False,100,50,15,2210.8624803400003,0.021073837077251217
1106.4448,0.009540087,False,100,50,15,2210.8624803400003,0.021073837077251217
854.17035,0.0,False,100,50,15,2210.8624803400003,0.021073837077251217
2098.4856,0.0034815897,False,100,50,15,2210.8624803400003,0.021073837077251217
202.04295,0.037258882,False,100,50,15,2210.8624803400003,0.021073837077251217
1313.1116,0.037157953,False,100,50,15,2210.8624803400003,0.021073837077251217
796.26276,0.048833314,False,100,50,15,2210.8624803400003,0.021073837077251217
1033.45,0.00037135498,False,100,50,15,2210.8624803400003,0.021073837077251217
919.7464,0.0,False,100,50,15,2210.8624803400003,0.021073837077251217
708.67065,0.008049375,False,100,50,15,2210.8624803400003,0.021073837077251217
671.4789,0.0,False,100,50,15,2210.8624803400003,0.021073837077251217
1640.9697,0.029763762,False,100,50,15,2210.8624803400003,0.021073837077251217
843.4225,0.0022041153,False,100,50,15,2210.8624803400003,0.021073837077251217
849.0117,0.0,False,100,50,15,2210.8624803400003,0.021073837077251217
1555.9556,0.019555675,False,100,50,15,2210.8624803400003,0.021073837077251217
678.9058,0.0,False,100,50,15,2210.8624803400003,0.021073837077251217
1672.6162,0.05651015,False,100,50,15,2210.8624803400003,0.021073837077251217
1023.12823,0.0,False,100,50,15,2210.8624803400003,0.021073837077251217
730.0342,0.0,False,100,50,15,2210.8624803400003,0.021073837077251217
402.47635,0.048221227,False,100,50,15,2210.8624803400003,0.021073837077251217
1014.6106,0.048399106,False,100,50,15,2210.8624803400003,0.021073837077251217
1547.32,0.0,False,100,50,15,2210.8624803400003,0.021073837077251217
907.2297,0.0,False,100,50,15,2210.8624803400003,0.021073837077251217
26.37215,0.0,False,100,50,15,2210.8624803400003,0.021073837077251217
1199.8447,0.052945778,False,100,50,15,2210.8624803400003,0.021073837077251217
925.7921,0.0,False,100,50,15,2210.8624803400003,0.021073837077251217
2215.4263,0.0,False,100,50,15,2210.8624803400003,0.021073837077251217
1061.961,0.0,False,100,50,15,2210.8624803400003,0.021073837077251217
1369.2606,0.004253775,False,100,50,15,2210.8624803400003,0.021073837077251217
910.4035,0.0013342596,False,100,50,15,2210.8624803400003,0.021073837077251217
987.2931,0.0,False,100,50,15,2210.8624803400003,0.021073837077251217
2469.9678,0.004182711,False,100,50,15,2210.8624803400003,0.021073837077251217
252.6023,0.039891325,True,100,50,15,2210.8624803400003,0.021073837077251217
1552.8369,0.013413175,False,100,50,15,2210.8624803400003,0.021073837077251217
600.32605,0.05088397,True,100,50,15,2210.8624803400003,0.021073837077251217
59.55532,0.008907198,True,100,50,15,2210.8624803400003,0.021073837077251217
1065.0919,0.0,False,100,50,15,2210.8624803400003,0.021073837077251217
843.90454,0.0,False,100,50,15,2210.8624803400003,0.021073837077251217
1796.2349,0.025834043,False,100,50,15,2210.8624803400003,0.021073837077251217
2522.4546,0.00826582,False,100,50,15,2210.8624803400003,0.021073837077251217
1800.9735,0.04664499,False,100,50,15,2210.8624803400003,0.021073837077251217
839.11694,0.0,False,100,50,15,2210.8624803400003,0.021073837077251217
613.08765,0.04244171,False,100,50,15,2210.8624803400003,0.021073837077251217
104.2127,0.019075515,False,100,50,15,2210.8624803400003,0.021073837077251217
502.60748,0.037962414,False,100,50,15,2210.8624803400003,0.021073837077251217
982.885,0.005456228,False,100,50,15,2210.8624803400003,0.021073837077251217
1058.2919,0.007955765,False,100,50,15,2210.8624803400003,0.021073837077251217
2373.205,0.0,False,100,50,15,2210.8624803400003,0.021073837077251217
991.94604,0.0,False,100,50,15,2210.8624803400003,0.021073837077251217
1283.4032,0.046587557,False,100,50,15,2210.8624803400003,0.021073837077251217
337.07874,0.045185037,True,100,50,15,2210.8624803400003,0.021073837077251217
693.7017,0.049012326,False,100,50,15,2210.8624803400003,0.021073837077251217
1664.6727,0.023629604,False,100,50,15,2210.8624803400003,0.021073837077251217
507.0022,0.043697696,False,100,50,15,2210.8624803400003,0.021073837077251217
920.41864,0.0,False,100,50,15,2210.8624803400003,0.021073837077251217
1395.3187,0.008207185,False,100,50,15,2210.8624803400003,0.021073837077251217
1235.1582,0.011649444,False,100,50,15,2210.8624803400003,0.021073837077251217
2109.792,0.0,False,100,50,15,2210.8624803400003,0.021073837077251217
841.19464,0.0,False,100,50,15,2210.8624803400003,0.021073837077251217
1347.9346,0.012058829,False,100,50,15,2210.8624803400003,0.021073837077251217
1337.1846,0.04951503,False,100,50,15,2210.8624803400003,0.021073837077251217
1800.7913,0.0,False,100,50,15,2210.8624803400003,0.021073837077251217
1603.7819,0.011700011,False,100,50,15,2210.8624803400003,0.021073837077251217
717.2817,0.0399824,False,100,50,15,2210.8624803400003,0.021073837077251217
757.7996,0.049906284,False,100,50,15,2210.8624803400003,0.021073837077251217
255.56476,0.040593967,True,100,50,15,2210.8624803400003,0.021073837077251217
1548.5791,0.04623367,False,100,50,15,2210.8624803400003,0.021073837077251217
1004.02673,0.0,False,100,50,15,2210.8624803400003,0.021073837077251217
1766.8073,0.048975527,False,100,50,15,2210.8624803400003,0.021073837077251217
1418.2166,0.009508591,False,100,50,15,2210.8624803400003,0.021073837077251217
2443.3025,0.056841116,False,100,50,15,2210.8624803400003,0.021073837077251217
1090.9846,0.009536999,False,100,50,15,2210.8624803400003,0.021073837077251217
1848.3391,0.039610144,False,100,50,15,2210.8624803400003,0.021073837077251217
868.51434,0.0,False,100,50,15,2210.8624803400003,0.021073837077251217
869.14075,0.0,False,100,50,15,2210.8624803400003,0.021073837077251217
1244.9575,0.038385134,False,100,50,15,2210.8624803400003,0.021073837077251217
801.66406,0.0,False,100,50,15,2210.8624803400003,0.021073837077251217
1132.3654,0.052849766,False,100,50,15,2210.8624803400003,0.021073837077251217
1196.284,0.049197663,False,100,50,15,2210.8624803400003,0.021073837077251217
211.2439,0.037867364,False,100,50,15,2210.8624803400003,0.021073837077251217
926.50214,0.0,False,100,50,15,2210.8624803400003,0.021073837077251217
1342.063,0.013193612,False,100,50,15,2210.8624803400003,0.021073837077251217
635.9665,0.046484195,False,100,50,15,2210.8624803400003,0.021073837077251217
1082.8357,0.05314527,False,100,50,15,2210.8624803400003,0.021073837077251217
1686.0055,0.004442692,False,100,50,15,2210.8624803400003,0.021073837077251217
801.35095,0.0066338982,False,100,50,15,2210.8624803400003,0.021073837077251217
955.824,0.003736237,False,100,50,15,2210.8624803400003,0.021073837077251217
763.5927,0.04944082,False,100,50,15,2210.8624803400003,0.021073837077251217
823.5,0.0,False,100,50,15,2210.8624803400003,0.021073837077251217
998.89355,0.052155755,False,100,50,15,2210.8624803400003,0.021073837077251217
1519.2251,0.0,False,100,50,15,2210.8624803400003,0.021073837077251217
846.09644,0.04926535,False,100,50,15,2210.8624803400003,0.021073837077251217
1468.5626,0.0,False,100,50,15,2210.8624803400003,0.021073837077251217
2161.8035,0.0,False,100,50,15,2210.8624803400003,0.021073837077251217
774.04285,0.05030479,False,100,50,15,2210.8624803400003,0.021073837077251217
369.02744,0.04687575,True,100,50,15,2210.8624803400003,0.021073837077251217
1098.1919,0.0,False,100,50,15,2210.8624803400003,0.021073837077251217
1371.511,0.0066369483,False,100,50,15,2210.8624803400003,0.021073837077251217
996.0508,0.0,False,100,50,15,2210.8624803400003,0.021073837077251217
1965.299,0.0,False,100,50,15,2210.8624803400003,0.021073837077251217
1295.9489,0.011852888,False,100,50,15,2210.8624803400003,0.021073837077251217
2430.927,0.01564785,False,100,50,15,2210.8624803400003,0.021073837077251217
2288.1428,0.03495946,False,100,50,15,2210.8624803400003,0.021073837077251217
2079.91,0.0039263912,False,100,50,15,2210.8624803400003,0.021073837077251217
1520.7961,0.010189125,False,100,50,15,2210.8624803400003,0.021073837077251217
1433.3854,0.038461085,False,100,50,15,2210.8624803400003,0.021073837077251217
1356.7421,0.0052864323,False,100,50,15,2210.8624803400003,0.021073837077251217
1441.2246,0.0,False,100,50,15,2210.8624803400003,0.021073837077251217
941.7613,0.04953187,False,100,50,15,2210.8624803400003,0.021073837077251217
322.03424,0.044185594,True,100,50,15,2210.8624803400003,0.021073837077251217
1624.4622,0.01250875,False,100,50,15,2210.8624803400003,0.021073837077251217
1275.5363,0.0005260671,False,100,50,15,2210.8624803400003,0.021073837077251217
1394.6488,0.0068961335,False,100,50,15,2210.8624803400003,0.021073837077251217
1410.6027,0.017652214,False,100,50,15,2210.8624803400003,0.021073837077251217
1420.3466,0.0162723,False,100,50,15,2210.8624803400003,0.021073837077251217
1886.1438,0.005038245,False,100,50,15,2210.8624803400003,0.021073837077251217
786.16565,0.050198335,False,100,50,15,2210.8624803400003,0.021073837077251217
1244.3397,0.050775025,False,100,50,15,2210.8624803400003,0.021073837077251217
820.3856,0.052382275,False,100,50,15,2210.8624803400003,0.021073837077251217
1374.6458,0.011573228,False,100,50,15,2210.8624803400003,0.021073837077251217
1836.5477,0.044173557,False,100,50,15,2210.8624803400003,0.021073837077251217
1603.3154,0.017571216,False,100,50,15,2210.8624803400003,0.021073837077251217
1739.3593,0.016587975,False,100,50,15,2210.8624803400003,0.021073837077251217
1523.7094,0.014681472,False,100,50,15,2210.8624803400003,0.021073837077251217
331.71338,0.044058472,False,100,50,15,2210.8624803400003,0.021073837077251217
819.18005,0.050447732,False,100,50,15,2210.8624803400003,0.021073837077251217
1755.4121,0.010828942,False,100,50,15,2210.8624803400003,0.021073837077251217
1554.1161,0.0017881826,False,100,50,15,2210.8624803400003,0.021073837077251217
860.8606,0.0,False,100,50,15,2210.8624803400003,0.021073837077251217
677.27136,0.046714872,False,100,50,15,2210.8624803400003,0.021073837077251217
1042.984,0.0014220567,False,100,50,15,2210.8624803400003,0.021073837077251217
1251.9625,0.009455498,False,100,50,15,2210.8624803400003,0.021073837077251217
1261.9528,0.014222741,False,100,50,15,2210.8624803400003,0.021073837077251217
2468.5806,0.0,False,100,50,15,2210.8624803400003,0.021073837077251217
1284.3839,0.045652907,False,100,50,15,2210.8624803400003,0.021073837077251217
1570.748,0.014505945,False,100,50,15,2210.8624803400003,0.021073837077251217
284.1137,0.041891444,True,100,50,15,2210.8624803400003,0.021073837077251217
479.3053,0.045522973,False,100,50,15,2210.8624803400003,0.021073837077251217
1415.9357,0.017108306,False,100,50,15,2210.8624803400003,0.021073837077251217
515.7992,0.046422567,False,100,50,15,2210.8624803400003,0.021073837077251217
1026.2354,0.0,False,100,50,15,2210.8624803400003,0.021073837077251217
1088.5896,0.0,False,100,50,15,2210.8624803400003,0.021073837077251217
845.9788,0.050759837,False,100,50,15,2210.8624803400003,0.021073837077251217
962.968,0.01782124,False,100,50,15,2210.8624803400003,0.021073837077251217
2281.6733,0.0,False,100,50,15,2210.8624803400003,0.021073837077251217
1134.1517,0.05015705,False,100,50,15,2210.8624803400003,0.021073837077251217
179.78395,0.033989366,False,100,50,15,2210.8624803400003,0.021073837077251217
691.40735,0.0,False,100,50,15,2210.8624803400003,0.021073837077251217
1195.0001,0.0,False,100,50,15,2210.8624803400003,0.021073837077251217
2215.9712,0.021252565,False,100,50,15,2210.8624803400003,0.021073837077251217
1088.3035,0.0040584165,False,100,50,15,2210.8624803400003,0.021073837077251217
1128.015,0.0055608624,False,100,50,15,2210.8624803400003,0.021073837077251217
1709.2964,0.00523447,False,100,50,15,2210.8624803400003,0.021073837077251217
2585.0159,0.05510942,False,100,50,15,2210.8624803400003,0.021073837077251217
949.1989,0.050209913,False,100,50,15,2210.8624803400003,0.021073837077251217
268.3063,0.04065229,True,100,50,15,2210.8624803400003,0.021073837077251217
1435.8848,0.020663813,False,100,50,15,2210.8624803400003,0.021073837077251217
378.84595,0.04727355,False,100,50,15,2210.8624803400003,0.021073837077251217
1956.02,0.01343229,False,100,50,15,2210.8624803400003,0.021073837077251217
1709.611,0.03006397,False,100,50,15,2210.8624803400003,0.021073837077251217
1236.8088,0.0011106189,False,100,50,15,2210.8624803400003,0.021073837077251217
170.51244,0.032265645,False,100,50,15,2210.8624803400003,0.021073837077251217
1202.4843,0.0,False,100,50,15,2210.8624803400003,0.021073837077251217
1260.6783,0.05380144,False,100,50,15,2210.8624803400003,0.021073837077251217
1817.3019,0.014328821,False,100,50,15,2210.8624803400003,0.021073837077251217
782.7293,0.0,False,100,50,15,2210.8624803400003,0.021073837077251217
1482.7888,0.0083501665,False,100,50,15,2210.8624803400003,0.021073837077251217
1131.541,0.014815609,False,100,50,15,2210.8624803400003,0.021073837077251217
1189.1245,0.018896632,False,100,50,15,2210.8624803400003,0.021073837077251217
117.448685,0.023204682,False,100,50,15,2210.8624803400003,0.021073837077251217
727.7074,0.049647085,False,100,50,15,2210.8624803400003,0.021073837077251217
1144.2542,0.052641448,False,100,50,15,2210.8624803400003,0.021073837077251217
435.40103,0.048842523,False,100,50,15,2210.8624803400003,0.021073837077251217
1279.5911,0.023680452,False,100,50,15,2210.8624803400003,0.021073837077251217
988.888,0.0,False,100,50,15,2210.8624803400003,0.021073837077251217
1743.9198,0.050233115,False,100,50,15,2210.8624803400003,0.021073837077251217
1606.937,0.015761046,False,100,50,15,2210.8624803400003,0.021073837077251217
232.30928,0.038951,True,100,50,15,2210.8624803400003,0.021073837077251217
980.7042,0.0,False,100,50,15,2210.8624803400003,0.021073837077251217
786.1261,0.052459884,True,100,50,15,2210.8624803400003,0.021073837077251217
893.96063,0.039253097,False,100,50,15,2210.8624803400003,0.021073837077251217
668.1302,0.0,False,100,50,15,2210.8624803400003,0.021073837077251217
2134.6626,0.02087295,False,100,50,15,2210.8624803400003,0.021073837077251217
920.6016,0.0,False,100,50,15,2210.8624803400003,0.021073837077251217
816.4341,0.050859224,False,100,50,15,2210.8624803400003,0.021073837077251217
549.1929,0.012537178,False,100,50,15,2210.8624803400003,0.021073837077251217
125.29238,0.02561438,False,100,50,15,2210.8624803400003,0.021073837077251217
1128.8845,0.051540986,False,100,50,15,2210.8624803400003,0.021073837077251217
1200.7021,0.0,False,100,50,15,2210.8624803400003,0.021073837077251217
884.38934,0.0,False,100,50,15,2210.8624803400003,0.021073837077251217
859.2519,0.05170896,False,100,50,15,2210.8624803400003,0.021073837077251217
1230.175,0.0011605704,False,100,50,15,2210.8624803400003,0.021073837077251217
325.97287,0.044119757,False,100,50,15,2210.8624803400003,0.021073837077251217
1020.9739,0.0,False,100,50,15,2210.8624803400003,0.021073837077251217
713.7403,0.0,False,100,50,15,2210.8624803400003,0.021073837077251217
1627.5231,0.012530204,False,100,50,15,2210.8624803400003,0.021073837077251217
2261.6555,0.0,False,100,50,15,2210.8624803400003,0.021073837077251217
1963.5375,0.0017983855,False,100,50,15,2210.8624803400003,0.021073837077251217
1327.3678,0.0,False,100,50,15,2210.8624803400003,0.021073837077251217
323.4855,0.04422916,True,100,50,15,2210.8624803400003,0.021073837077251217
1423.9789,0.05475379,False,100,50,15,2210.8624803400003,0.021073837077251217
1107.9929,0.0020791532,False,100,50,15,2210.8624803400003,0.021073837077251217
840.53906,0.052373003,False,100,50,15,2210.8624803400003,0.021073837077251217
640.88495,0.0,False,100,50,15,2210.8624803400003,0.021073837077251217
983.7067,0.010547077,False,100,50,15,2210.8624803400003,0.021073837077251217
2102.8271,0.011977755,False,100,50,15,2210.8624803400003,0.021073837077251217
2112.137,0.017994253,False,100,50,15,2210.8624803400003,0.021073837077251217
1503.3041,0.005329385,False,100,50,15,2210.8624803400003,0.021073837077251217
1331.7572,0.033476055,False,100,50,15,2210.8624803400003,0.021073837077251217
1275.9609,0.019842776,False,100,50,15,2210.8624803400003,0.021073837077251217
1465.5403,0.019641295,False,100,50,15,2210.8624803400003,0.021073837077251217
976.72327,0.05279109,False,100,50,15,2210.8624803400003,0.021073837077251217
1934.562,0.056979768,False,100,50,15,2210.8624803400003,0.021073837077251217
880.33276,0.028743662,False,100,50,15,2210.8624803400003,0.021073837077251217
173.9456,0.032805227,False,100,50,15,2210.8624803400003,0.021073837077251217
445.88586,0.04884662,False,100,50,15,2210.8624803400003,0.021073837077251217
1359.9089,0.036408775,False,100,50,15,2210.8624803400003,0.021073837077251217
1070.1346,0.039673313,False,100,50,15,2210.8624803400003,0.021073837077251217
1098.1445,0.0,False,100,50,15,2210.8624803400003,0.021073837077251217
814.29834,7.383197e-05,False,100,50,15,2210.8624803400003,0.021073837077251217
1184.203,0.053316206,False,100,50,15,2210.8624803400003,0.021073837077251217
2651.518,0.05495053,False,100,50,15,2210.8624803400003,0.021073837077251217
1325.3317,0.0,False,100,50,15,2210.8624803400003,0.021073837077251217
2494.7925,0.05721858,False,100,50,15,2210.8624803400003,0.021073837077251217
2026.3439,0.0031086688,False,100,50,15,2210.8624803400003,0.021073837077251217
1090.912,0.052848116,False,100,50,15,2210.8624803400003,0.021073837077251217
1054.0286,0.013622714,False,100,50,15,2210.8624803400003,0.021073837077251217
1054.9774,0.0,False,100,50,15,2210.8624803400003,0.021073837077251217
857.53503,0.0,False,100,50,15,2210.8624803400003,0.021073837077251217
279.93198,0.041108403,False,100,50,15,2210.8624803400003,0.021073837077251217
598.0504,0.04867535,False,100,50,15,2210.8624803400003,0.021073837077251217
1068.8794,0.048089765,False,100,50,15,2210.8624803400003,0.021073837077251217
847.229,0.05139131,False,100,50,15,2210.8624803400003,0.021073837077251217
1124.3765,0.010036066,False,100,50,15,2210.8624803400003,0.021073837077251217
1586.7412,0.006174653,False,100,50,15,2210.8624803400003,0.021073837077251217
1146.2378,0.05425683,False,100,50,15,2210.8624803400003,0.021073837077251217
1983.8527,0.042157073,False,100,50,15,2210.8624803400003,0.021073837077251217
1226.6091,0.03496278,False,100,50,15,2210.8624803400003,0.021073837077251217
1954.1862,0.04704291,False,100,50,15,2210.8624803400003,0.021073837077251217
1279.6575,0.046743274,False,100,50,15,2210.8624803400003,0.021073837077251217
1168.7577,0.0060989293,False,100,50,15,2210.8624803400003,0.021073837077251217
2456.8354,0.017763622,False,100,50,15,2210.8624803400003,0.021073837077251217
1098.8163,0.0,False,100,50,15,2210.8624803400003,0.021073837077251217
1900.9861,0.024565283,False,100,50,15,2210.8624803400003,0.021073837077251217
386.89255,0.04789294,True,100,50,15,2210.8624803400003,0.021073837077251217
480.3661,0.049486242,False,100,50,15,2210.8624803400003,0.021073837077251217
856.50085,0.05139714,False,100,50,15,2210.8624803400003,0.021073837077251217
1284.8208,0.024719624,False,100,50,15,2210.8624803400003,0.021073837077251217
1291.798,0.053916655,False,100,50,15,2210.8624803400003,0.021073837077251217
228.17026,0.03887614,True,100,50,15,2210.8624803400003,0.021073837077251217
1331.5697,0.044664163,False,100,50,15,2210.8624803400003,0.021073837077251217
1669.1942,0.043404,False,100,50,15,2210.8624803400003,0.021073837077251217
1629.424,0.046324633,False,100,50,15,2210.8624803400003,0.021073837077251217
956.6926,0.0,False,100,50,15,2210.8624803400003,0.021073837077251217
521.03845,0.04816284,False,100,50,15,2210.8624803400003,0.021073837077251217
1850.4905,0.009062406,False,100,50,15,2210.8624803400003,0.021073837077251217
1822.0767,0.056330603,False,100,50,15,2210.8624803400003,0.021073837077251217
1528.8896,0.008624475,False,100,50,15,2210.8624803400003,0.021073837077251217
954.8703,0.0,False,100,50,15,2210.8624803400003,0.021073837077251217
414.4789,0.048708454,True,100,50,15,2210.8624803400003,0.021073837077251217
771.2121,0.0,False,100,50,15,2210.8624803400003,0.021073837077251217
776.2896,0.051798005,False,100,50,15,2210.8624803400003,0.021073837077251217
907.3834,0.0,False,100,50,15,2210.8624803400003,0.021073837077251217
1314.3776,0.021318361,False,100,50,15,2210.8624803400003,0.021073837077251217
1480.1061,0.050327618,False,100,50,15,2210.8624803400003,0.021073837077251217
966.49603,0.0,False,100,50,15,2210.8624803400003,0.021073837077251217
597.46954,0.0500477,False,100,50,15,2210.8624803400003,0.021073837077251217
1256.6238,0.010673491,False,100,50,15,2210.8624803400003,0.021073837077251217
943.5218,0.05253871,False,100,50,15,2210.8624803400003,0.021073837077251217
1138.0859,0.052247904,False,100,50,15,2210.8624803400003,0.021073837077251217
732.2403,0.0018212767,False,100,50,15,2210.8624803400003,0.021073837077251217
1033.778,0.0,False,100,50,15,2210.8624803400003,0.021073837077251217
886.40106,0.04528855,False,100,50,15,2210.8624803400003,0.021073837077251217
1230.3768,0.011176958,False,100,50,15,2210.8624803400003,0.021073837077251217
507.69113,0.049864005,False,100,50,15,2210.8624803400003,0.021073837077251217
1089.9375,0.05413818,False,100,50,15,2210.8624803400003,0.021073837077251217
490.06168,0.048346914,False,100,50,15,2210.8624803400003,0.021073837077251217
182.2741,0.034164216,False,100,50,15,2210.8624803400003,0.021073837077251217
1603.8436,0.0,False,100,50,15,2210.8624803400003,0.021073837077251217
334.35645,0.045184016,True,100,50,15,2210.8624803400003,0.021073837077251217
2101.6162,0.021191923,False,100,50,15,2210.8624803400003,0.021073837077251217
1089.1495,0.0,False,100,50,15,2210.8624803400003,0.021073837077251217
859.3359,0.051358834,False,100,50,15,2210.8624803400003,0.021073837077251217
790.3194,0.049399875,False,100,50,15,2210.8624803400003,0.021073837077251217
1590.7896,0.0068844142,False,100,50,15,2210.8624803400003,0.021073837077251217
1390.8344,0.049422417,False,100,50,15,2210.8624803400003,0.021073837077251217
823.04834,0.027706824,False,100,50,15,2210.8624803400003,0.021073837077251217
2337.7227,0.02787364,False,100,50,15,2210.8624803400003,0.021073837077251217
464.76895,0.04736511,False,100,50,15,2210.8624803400003,0.021073837077251217
1758.952,0.055383667,False,100,50,15,2210.8624803400003,0.021073837077251217
586.1093,0.04791907,False,100,50,15,2210.8624803400003,0.021073837077251217
1148.9902,0.0,False,100,50,15,2210.8624803400003,0.021073837077251217
666.3638,0.039392322,False,100,50,15,2210.8624803400003,0.021073837077251217
1168.25,0.0,False,100,50,15,2210.8624803400003,0.021073837077251217
376.79398,0.040407818,False,100,50,15,2210.8624803400003,0.021073837077251217
863.5937,0.004005792,False,100,50,15,2210.8624803400003,0.021073837077251217
1608.5162,0.0034634839,False,100,50,15,2210.8624803400003,0.021073837077251217
1256.3413,0.0147736585,False,100,50,15,2210.8624803400003,0.021073837077251217
1611.772,0.007865534,False,100,50,15,2210.8624803400003,0.021073837077251217
1420.9305,0.0023766707,False,100,50,15,2210.8624803400003,0.021073837077251217
502.91122,0.0435472,False,100,50,15,2210.8624803400003,0.021073837077251217
751.50824,0.05140017,False,100,50,15,2210.8624803400003,0.021073837077251217
1625.792,0.009474054,False,100,50,15,2210.8624803400003,0.021073837077251217
806.31256,0.0023234761,False,100,50,15,2210.8624803400003,0.021073837077251217
434.51816,0.049069744,True,100,50,15,2210.8624803400003,0.021073837077251217
654.8312,0.051342495,False,100,50,15,2210.8624803400003,0.021073837077251217
938.0053,0.0,False,100,50,15,2210.8624803400003,0.021073837077251217
362.77823,0.04687106,True,100,50,15,2210.8624803400003,0.021073837077251217
984.18665,0.052834816,False,100,50,15,2210.8624803400003,0.021073837077251217
750.3746,0.042036146,False,100,50,15,2210.8624803400003,0.021073837077251217
2360.028,0.05486138,False,100,50,15,2210.8624803400003,0.021073837077251217
1989.5935,0.0,False,100,50,15,2210.8624803400003,0.021073837077251217
739.1891,0.048421755,False,100,50,15,2210.8624803400003,0.021073837077251217
482.2998,0.047973946,False,100,50,15,2210.8624803400003,0.021073837077251217
1017.63617,0.0046606967,False,100,50,15,2210.8624803400003,0.021073837077251217
2734.6924,0.061033987,True,100,50,15,2210.8624803400003,0.021073837077251217
1097.2703,0.013406627,False,100,50,15,2210.8624803400003,0.021073837077251217
1157.1017,0.0,False,100,50,15,2210.8624803400003,0.021073837077251217
847.49854,0.003774464,False,100,50,15,2210.8624803400003,0.021073837077251217
908.3266,0.050720666,False,100,50,15,2210.8624803400003,0.021073837077251217
100.12511,0.018685287,True,100,50,15,2210.8624803400003,0.021073837077251217
698.2644,0.050770715,False,100,50,15,2210.8624803400003,0.021073837077251217
1715.9817,0.049408372,False,100,50,15,2210.8624803400003,0.021073837077251217
1064.1423,0.0061493223,False,100,50,15,2210.8624803400003,0.021073837077251217
1985.4268,0.058151018,False,100,50,15,2210.8624803400003,0.021073837077251217
1626.0936,0.05622909,False,100,50,15,2210.8624803400003,0.021073837077251217
1048.7024,0.0,False,100,50,15,2210.8624803400003,0.021073837077251217
943.2137,0.0,False,100,50,15,2210.8624803400003,0.021073837077251217
893.22784,0.0,False,100,50,15,2210.8624803400003,0.021073837077251217
1013.08417,0.04988458,False,100,50,15,2210.8624803400003,0.021073837077251217
888.5455,0.0,False,100,50,15,2210.8624803400003,0.021073837077251217
999.3037,0.0,False,100,50,15,2210.8624803400003,0.021073837077251217
487.04413,0.046915837,False,100,50,15,2210.8624803400003,0.021073837077251217
969.69855,0.029272424,False,100,50,15,2210.8624803400003,0.021073837077251217
141.84984,0.028099595,False,100,50,15,2210.8624803400003,0.021073837077251217
672.75574,0.051368766,False,100,50,15,2210.8624803400003,0.021073837077251217
868.0669,0.0,False,100,50,15,2210.8624803400003,0.021073837077251217
549.6971,0.050407894,True,100,50,15,2210.8624803400003,0.021073837077251217
1225.651,0.05438968,False,100,50,15,2210.8624803400003,0.021073837077251217
1163.115,0.0013338968,False,100,50,15,2210.8624803400003,0.021073837077251217
1507.1068,0.013778025,False,100,50,15,2210.8624803400003,0.021073837077251217
752.5129,0.0,False,100,50,15,2210.8624803400003,0.021073837077251217
504.19254,0.03273256,False,100,50,15,2210.8624803400003,0.021073837077251217
835.0798,0.0525167,False,100,50,15,2210.8624803400003,0.021073837077251217
396.48465,0.04828638,True,100,50,15,2210.8624803400003,0.021073837077251217
1211.5992,0.04729028,False,100,50,15,2210.8624803400003,0.021073837077251217
977.4863,0.0,False,100,50,15,2210.8624803400003,0.021073837077251217
722.44135,0.016007556,False,100,50,15,2210.8624803400003,0.021073837077251217
651.4561,0.049044743,False,100,50,15,2210.8624803400003,0.021073837077251217
1146.9685,0.05334267,False,100,50,15,2210.8624803400003,0.021073837077251217
830.57336,0.04298634,False,100,50,15,2210.8624803400003,0.021073837077251217
2372.993,0.015635718,False,100,50,15,2210.8624803400003,0.021073837077251217
1974.6818,0.054836236,False,100,50,15,2210.8624803400003,0.021073837077251217
2445.4607,0.015229275,False,100,50,15,2210.8624803400003,0.021073837077251217
2484.4712,0.059234027,False,100,50,15,2210.8624803400003,0.021073837077251217
689.1106,0.0514707,False,100,50,15,2210.8624803400003,0.021073837077251217
526.40765,0.0503215,True,100,50,15,2210.8624803400003,0.021073837077251217
1654.0557,0.0,False,100,50,15,2210.8624803400003,0.021073837077251217
942.0386,0.036307264,False,100,50,15,2210.8624803400003,0.021073837077251217
412.08292,0.04506351,False,100,50,15,2210.8624803400003,0.021073837077251217
127.66471,0.02681446,False,100,50,15,2210.8624803400003,0.021073837077251217
415.35242,0.048724163,True,100,50,15,2210.8624803400003,0.021073837077251217
1125.835,0.054686364,False,100,50,15,2210.8624803400003,0.021073837077251217
874.6797,0.0,False,100,50,15,2210.8624803400003,0.021073837077251217
139.62994,0.028099595,False,100,50,15,2210.8624803400003,0.021073837077251217
1025.4095,0.050547387,False,100,50,15,2210.8624803400003,0.021073837077251217
684.7275,0.05009587,False,100,50,15,2210.8624803400003,0.021073837077251217
1189.8534,0.04245458,False,100,50,15,2210.8624803400003,0.021073837077251217
441.05576,0.04287447,False,100,50,15,2210.8624803400003,0.021073837077251217
1187.356,0.0,False,100,50,15,2210.8624803400003,0.021073837077251217
2025.3113,0.027505353,False,100,50,15,2210.8624803400003,0.021073837077251217
452.77628,0.04943581,True,100,50,15,2210.8624803400003,0.021073837077251217
743.005,0.048291173,False,100,50,15,2210.8624803400003,0.021073837077251217
1258.1285,0.037776306,False,100,50,15,2210.8624803400003,0.021073837077251217
631.35724,0.002911646,False,100,50,15,2210.8624803400003,0.021073837077251217
1383.1472,0.03692824,False,100,50,15,2210.8624803400003,0.021073837077251217
935.74713,0.0,False,100,50,15,2210.8624803400003,0.021073837077251217
2302.0278,0.031233164,False,100,50,15,2210.8624803400003,0.021073837077251217
1363.8296,0.04420914,False,100,50,15,2210.8624803400003,0.021073837077251217
145.6127,0.028567325,True,100,50,15,2210.8624803400003,0.021073837077251217
674.2907,0.051318407,False,100,50,15,2210.8624803400003,0.021073837077251217
2648.0305,0.056951284,False,100,50,15,2210.8624803400003,0.021073837077251217
1849.0918,0.047320068,False,100,50,15,2210.8624803400003,0.021073837077251217
1598.0162,0.014075074,False,100,50,15,2210.8624803400003,0.021073837077251217
548.52527,0.04798795,False,100,50,15,2210.8624803400003,0.021073837077251217
689.0113,0.050478213,False,100,50,15,2210.8624803400003,0.021073837077251217
2733.489,0.030783828,False,100,50,15,2210.8624803400003,0.021073837077251217
2559.5562,0.04680831,False,100,50,15,2210.8624803400003,0.021073837077251217
1119.3977,0.016854588,False,100,50,15,2210.8624803400003,0.021073837077251217
719.5348,0.002443874,False,100,50,15,2210.8624803400003,0.021073837077251217
872.6282,0.0,False,100,50,15,2210.8624803400003,0.021073837077251217
2117.0134,0.039489217,False,100,50,15,2210.8624803400003,0.021073837077251217
1445.756,0.007910973,False,100,50,15,2210.8624803400003,0.021073837077251217
1040.7684,0.0010617786,False,100,50,15,2210.8624803400003,0.021073837077251217
992.60266,0.053716585,False,100,50,15,2210.8624803400003,0.021073837077251217
353.62494,0.04640774,True,100,50,15,2210.8624803400003,0.021073837077251217
1266.304,0.0,False,100,50,15,2210.8624803400003,0.021073837077251217
1579.3715,0.032311454,False,100,50,15,2210.8624803400003,0.021073837077251217
385.4668,0.0,False,100,50,15,2210.8624803400003,0.021073837077251217
2743.5015,0.06095055,False,100,50,15,2210.8624803400003,0.021073837077251217
1556.4639,0.004082488,False,100,50,15,2210.8624803400003,0.021073837077251217
2169.8738,0.055226382,False,100,50,15,2210.8624803400003,0.021073837077251217
966.639,0.0,False,100,50,15,2210.8624803400003,0.021073837077251217
1093.9319,0.046402216,False,100,50,15,2210.8624803400003,0.021073837077251217
2476.5566,0.013796891,False,100,50,15,2210.8624803400003,0.021073837077251217
1529.7474,0.051469617,False,100,50,15,2210.8624803400003,0.021073837077251217
1745.3799,0.05126869,False,100,50,15,2210.8624803400003,0.021073837077251217
528.08484,0.0,False,100,50,15,2210.8624803400003,0.021073837077251217
1521.5912,0.0,False,100,50,15,2210.8624803400003,0.021073837077251217
944.02124,0.052935094,False,100,50,15,2210.8624803400003,0.021073837077251217
531.496,0.050290924,False,100,50,15,2210.8624803400003,0.021073837077251217
739.49036,0.051093165,False,100,50,15,2210.8624803400003,0.021073837077251217
584.7465,0.04639042,False,100,50,15,2210.8624803400003,0.021073837077251217
954.04395,0.05114972,False,100,50,15,2210.8624803400003,0.021073837077251217
1143.4257,0.01516815,False,100,50,15,2210.8624803400003,0.021073837077251217
1128.3087,0.0,False,100,50,15,2210.8624803400003,0.021073837077251217
1708.3607,0.010634422,False,100,50,15,2210.8624803400003,0.021073837077251217
1324.0402,0.04596673,False,100,50,15,2210.8624803400003,0.021073837077251217
277.942,0.041640285,True,100,50,15,2210.8624803400003,0.021073837077251217
412.22986,0.04865533,True,100,50,15,2210.8624803400003,0.021073837077251217
811.0271,0.05193626,False,100,50,15,2210.8624803400003,0.021073837077251217
2420.3738,0.056857377,False,100,50,15,2210.8624803400003,0.021073837077251217
915.2439,0.0,False,100,50,15,2210.8624803400003,0.021073837077251217
1437.3434,0.052346427,False,100,50,15,2210.8624803400003,0.021073837077251217
354.1706,0.04641999,True,100,50,15,2210.8624803400003,0.021073837077251217
1078.2688,0.053281218,False,100,50,15,2210.8624803400003,0.021073837077251217
2219.0398,0.05719494,False,100,50,15,2210.8624803400003,0.021073837077251217
856.3338,0.052852508,False,100,50,15,2210.8624803400003,0.021073837077251217
1288.8223,0.014099318,False,100,50,15,2210.8624803400003,0.021073837077251217
1020.93134,0.0,False,100,50,15,2210.8624803400003,0.021073837077251217
612.6667,0.050496522,False,100,50,15,2210.8624803400003,0.021073837077251217
1469.748,0.04816472,False,100,50,15,2210.8624803400003,0.021073837077251217
747.2597,0.052087326,True,100,50,15,2210.8624803400003,0.021073837077251217
1593.3818,0.057037275,False,100,50,15,2210.8624803400003,0.021073837077251217
1010.269,0.0,False,100,50,15,2210.8624803400003,0.021073837077251217
400.24146,0.048195615,False,100,50,15,2210.8624803400003,0.021073837077251217
571.3881,0.0088505605,False,100,50,15,2210.8624803400003,0.021073837077251217
1107.0244,0.006682109,False,100,50,15,2210.8624803400003,0.021073837077251217
2741.3,0.060932912,False,100,50,15,2210.8624803400003,0.021073837077251217
281.22556,0.04177092,True,100,50,15,2210.8624803400003,0.021073837077251217
988.27136,0.04910798,False,100,50,15,2210.8624803400003,0.021073837077251217
809.5351,0.046879932,False,100,50,15,2210.8624803400003,0.021073837077251217
1189.3129,0.0,False,100,50,15,2210.8624803400003,0.021073837077251217
1754.583,0.0,False,100,50,15,2210.8624803400003,0.021073837077251217
2790.6272,0.057634845,False,100,50,15,2210.8624803400003,0.021073837077251217
724.2041,0.05169784,False,100,50,15,2210.8624803400003,0.021073837077251217
1846.7825,0.038069304,False,100,50,15,2210.8624803400003,0.021073837077251217
1000.6002,0.0,False,100,50,15,2210.8624803400003,0.021073837077251217
2604.7812,0.06019373,False,100,50,15,2210.8624803400003,0.021073837077251217
534.06665,0.05033557,True,100,50,15,2210.8624803400003,0.021073837077251217
1114.3711,0.054086745,False,100,50,15,2210.8624803400003,0.021073837077251217
715.4398,0.04997761,False,100,50,15,2210.8624803400003,0.021073837077251217
456.75507,0.047351815,False,100,50,15,2210.8624803400003,0.021073837077251217
1324.6836,0.05421029,False,100,50,15,2210.8624803400003,0.021073837077251217
948.5274,0.053451665,False,100,50,15,2210.8624803400003,0.021073837077251217
379.47766,0.047825653,True,100,50,15,2210.8624803400003,0.021073837077251217
2746.2075,0.06095715,False,100,50,15,2210.8624803400003,0.021073837077251217
92.326126,0.017030086,True,100,50,15,2210.8624803400003,0.021073837077251217
654.8303,0.051300183,False,100,50,15,2210.8624803400003,0.021073837077251217
1506.28,0.051083956,False,100,50,15,2210.8624803400003,0.021073837077251217
951.124,0.011441626,False,100,50,15,2210.8624803400003,0.021073837077251217
1004.256,0.0,False,100,50,15,2210.8624803400003,0.021073837077251217
736.71155,0.0,False,100,50,15,2210.8624803400003,0.021073837077251217
478.03674,0.04811432,False,100,50,15,2210.8624803400003,0.021073837077251217
517.98376,0.050131336,True,100,50,15,2210.8624803400003,0.021073837077251217
1102.6078,0.0,False,100,50,15,2210.8624803400003,0.021073837077251217
1569.4509,0.026813777,False,100,50,15,2210.8624803400003,0.021073837077251217
1634.0295,0.05124521,False,100,50,15,2210.8624803400003,0.021073837077251217
2978.5227,0.061938968,True,100,50,15,2210.8624803400003,0.021073837077251217
492.04117,0.049951434,False,100,50,15,2210.8624803400003,0.021073837077251217
887.3001,0.0,False,100,50,15,2210.8624803400003,0.021073837077251217
986.1646,0.05369938,False,100,50,15,2210.8624803400003,0.021073837077251217
2195.8157,0.042306446,False,100,50,15,2210.8624803400003,0.021073837077251217
600.9987,0.050760902,False,100,50,15,2210.8624803400003,0.021073837077251217
2242.386,0.057316307,False,100,50,15,2210.8624803400003,0.021073837077251217
1077.4841,0.03709105,False,100,50,15,2210.8624803400003,0.021073837077251217
1025.014,0.0,False,100,50,15,2210.8624803400003,0.021073837077251217
852.0591,0.04225513,False,100,50,15,2210.8624803400003,0.021073837077251217
920.0768,0.0,False,100,50,15,2210.8624803400003,0.021073837077251217
464.41843,0.0,False,100,50,15,2210.8624803400003,0.021073837077251217
1049.1699,0.0,False,100,50,15,2210.8624803400003,0.021073837077251217
2983.5708,0.058151018,False,100,50,15,2210.8624803400003,0.021073837077251217
851.77716,0.0,False,100,50,15,2210.8624803400003,0.021073837077251217
1436.3818,0.0,False,100,50,15,2210.8624803400003,0.021073837077251217
521.4845,0.04887914,False,100,50,15,2210.8624803400003,0.021073837077251217
559.3594,0.048587102,False,100,50,15,2210.8624803400003,0.021073837077251217
1262.8817,0.017581139,False,100,50,15,2210.8624803400003,0.021073837077251217
2226.0908,0.01440302,False,100,50,15,2210.8624803400003,0.021073837077251217
2158.2983,0.03800588,False,100,50,15,2210.8624803400003,0.021073837077251217
2391.027,0.05851604,False,100,50,15,2210.8624803400003,0.021073837077251217
595.1595,0.050857693,True,100,50,15,2210.8624803400003,0.021073837077251217
1880.2971,0.002001083,False,100,50,15,2210.8624803400003,0.021073837077251217
1605.4896,0.044361055,False,100,50,15,2210.8624803400003,0.021073837077251217
1915.1417,0.014826536,False,100,50,15,2210.8624803400003,0.021073837077251217
1146.696,0.031194376,False,100,50,15,2210.8624803400003,0.021073837077251217
1246.0396,0.046628326,False,100,50,15,2210.8624803400003,0.021073837077251217
1000.86957,0.05178129,False,100,50,15,2210.8624803400003,0.021073837077251217
798.9096,0.051508218,False,100,50,15,2210.8624803400003,0.021073837077251217
2388.6858,0.01892685,False,100,50,15,2210.8624803400003,0.021073837077251217
965.16034,0.053810235,True,100,50,15,2210.8624803400003,0.021073837077251217
360.698,0.041040365,False,100,50,15,2210.8624803400003,0.021073837077251217
1015.5244,0.051019534,False,100,50,15,2210.8624803400003,0.021073837077251217
938.9788,0.0018995639,False,100,50,15,2210.8624803400003,0.021073837077251217
533.0901,0.048839457,False,100,50,15,2210.8624803400003,0.021073837077251217
1057.7216,0.0,False,100,50,15,2210.8624803400003,0.021073837077251217
1100.045,0.0,False,100,50,15,2210.8624803400003,0.021073837077251217
1001.1178,0.038732413,False,100,50,15,2210.8624803400003,0.021073837077251217
1594.6115,0.013756433,False,100,50,15,2210.8624803400003,0.021073837077251217
778.3215,0.04819713,False,100,50,15,2210.8624803400003,0.021073837077251217
845.9451,0.0,False,100,50,15,2210.8624803400003,0.021073837077251217
456.73276,0.0495462,True,100,50,15,2210.8624803400003,0.021073837077251217
677.1612,0.048255075,False,100,50,15,2210.8624803400003,0.021073837077251217
771.36676,0.01409795,False,100,50,15,2210.8624803400003,0.021073837077251217
2072.7998,0.0,False,100,50,15,2210.8624803400003,0.021073837077251217
328.8528,0.044834748,False,100,50,15,2210.8624803400003,0.021073837077251217
1077.0153,0.054263968,False,100,50,15,2210.8624803400003,0.021073837077251217
655.9673,0.049577963,False,100,50,15,2210.8624803400003,0.021073837077251217
887.8032,0.0,False,100,50,15,2210.8624803400003,0.021073837077251217
950.1104,0.0,False,100,50,15,2210.8624803400003,0.021073837077251217
828.12415,0.0032914071,False,100,50,15,2210.8624803400003,0.021073837077251217
451.48254,0.04769968,False,100,50,15,2210.8624803400003,0.021073837077251217
1640.3019,0.0064823837,False,100,50,15,2210.8624803400003,0.021073837077251217
742.4734,0.0,False,100,50,15,2210.8624803400003,0.021073837077251217
1277.6246,0.04207682,False,100,50,15,2210.8624803400003,0.021073837077251217
1024.4811,0.0,False,100,50,15,2210.8624803400003,0.021073837077251217
1226.5605,0.005683969,False,100,50,15,2210.8624803400003,0.021073837077251217
982.52234,0.0,False,100,50,15,2210.8624803400003,0.021073837077251217
349.52798,0.0426576,False,100,50,15,2210.8624803400003,0.021073837077251217
611.4761,0.010765742,False,100,50,15,2210.8624803400003,0.021073837077251217
628.3426,0.05090389,True,100,50,15,2210.8624803400003,0.021073837077251217
601.7302,0.046622917,False,100,50,15,2210.8624803400003,0.021073837077251217
2866.968,0.05760035,False,100,50,15,2210.8624803400003,0.021073837077251217
1435.1501,0.03299204,False,100,50,15,2210.8624803400003,0.021073837077251217
1086.4543,0.052363474,False,100,50,15,2210.8624803400003,0.021073837077251217
670.90936,0.04405659,False,100,50,15,2210.8624803400003,0.021073837077251217
1037.8162,0.03435592,False,100,50,15,2210.8624803400003,0.021073837077251217
1295.02,0.016749272,False,100,50,15,2210.8624803400003,0.021073837077251217
824.9197,0.050655153,False,100,50,15,2210.8624803400003,0.021073837077251217
1030.4642,0.0,False,100,50,15,2210.8624803400003,0.021073837077251217
1803.5975,0.0036624062,False,100,50,15,2210.8624803400003,0.021073837077251217
285.18066,0.042324048,True,100,50,15,2210.8624803400003,0.021073837077251217
763.59186,0.0,False,100,50,15,2210.8624803400003,0.021073837077251217
2114.4543,0.03565109,False,100,50,15,2210.8624803400003,0.021073837077251217
2266.5857,0.010703364,False,100,50,15,2210.8624803400003,0.021073837077251217
955.81995,0.05343309,False,100,50,15,2210.8624803400003,0.021073837077251217
877.63116,0.038692977,False,100,50,15,2210.8624803400003,0.021073837077251217
108.17704,0.020490153,False,100,50,15,2210.8624803400003,0.021073837077251217
1400.7455,0.05198009,False,100,50,15,2210.8624803400003,0.021073837077251217
567.8674,0.04998703,False,100,50,15,2210.8624803400003,0.021073837077251217
385.40027,0.04432691,False,100,50,15,2210.8624803400003,0.021073837077251217
913.1517,0.010941863,False,100,50,15,2210.8624803400003,0.021073837077251217
982.19946,0.046097986,False,100,50,15,2210.8624803400003,0.021073837077251217
552.37463,0.04976505,False,100,50,15,2210.8624803400003,0.021073837077251217
1122.4453,0.045254853,False,100,50,15,2210.8624803400003,0.021073837077251217
1111.4933,0.05120723,False,100,50,15,2210.8624803400003,0.021073837077251217
536.24774,0.048369326,False,100,50,15,2210.8624803400003,0.021073837077251217
2236.1128,0.056912564,False,100,50,15,2210.8624803400003,0.021073837077251217
974.99927,0.0512591,False,100,50,15,2210.8624803400003,0.021073837077251217
1228.3313,0.0,False,100,50,15,2210.8624803400003,0.021073837077251217
292.97595,0.042720143,True,100,50,15,2210.8624803400003,0.021073837077251217
1552.442,0.057576314,True,100,50,15,2210.8624803400003,0.021073837077251217
936.02423,0.0047954037,False,100,50,15,2210.8624803400003,0.021073837077251217
360.3643,0.046848003,True,100,50,15,2210.8624803400003,0.021073837077251217
684.04156,0.042515785,False,100,50,15,2210.8624803400003,0.021073837077251217
1027.5648,0.00810405,False,100,50,15,2210.8624803400003,0.021073837077251217
944.49066,0.0,False,100,50,15,2210.8624803400003,0.021073837077251217
999.9973,0.0,False,100,50,15,2210.8624803400003,0.021073837077251217
764.2714,0.049819604,False,100,50,15,2210.8624803400003,0.021073837077251217
1108.9052,0.008202127,False,100,50,15,2210.8624803400003,0.021073837077251217
1235.3304,0.05147084,False,100,50,15,2210.8624803400003,0.021073837077251217
704.86945,0.04935247,False,100,50,15,2210.8624803400003,0.021073837077251217
1018.45795,0.0,False,100,50,15,2210.8624803400003,0.021073837077251217
517.27673,0.04925757,False,100,50,15,2210.8624803400003,0.021073837077251217
1822.0028,0.015238692,False,100,50,15,2210.8624803400003,0.021073837077251217
181.92612,0.0343108,False,100,50,15,2210.8624803400003,0.021073837077251217
979.97327,0.0,False,100,50,15,2210.8624803400003,0.021073837077251217
1711.2354,0.0550268,False,100,50,15,2210.8624803400003,0.021073837077251217
1073.0801,0.049754776,False,100,50,15,2210.8624803400003,0.021073837077251217
945.1163,0.045706213,False,100,50,15,2210.8624803400003,0.021073837077251217
395.3831,0.048267446,True,100,50,15,2210.8624803400003,0.021073837077251217
1042.7798,0.0,False,100,50,15,2210.8624803400003,0.021073837077251217
942.8029,0.0027083661,False,100,50,15,2210.8624803400003,0.021073837077251217
1100.6697,0.0,False,100,50,15,2210.8624803400003,0.021073837077251217
1019.78564,0.018396746,False,100,50,15,2210.8624803400003,0.021073837077251217
371.12848,0.047437157,True,100,50,15,2210.8624803400003,0.021073837077251217
602.49426,0.05072201,False,100,50,15,2210.8624803400003,0.021073837077251217
822.2674,0.0,False,100,50,15,2210.8624803400003,0.021073837077251217
599.14453,0.0496059,False,100,50,15,2210.8624803400003,0.021073837077251217
2311.688,0.014812647,False,100,50,15,2210.8624803400003,0.021073837077251217
1138.0488,0.05468916,False,100,50,15,2210.8624803400003,0.021073837077251217
529.07355,0.0,False,100,50,15,2210.8624803400003,0.021073837077251217
136.69803,0.028206043,True,100,50,15,2210.8624803400003,0.021073837077251217
736.98914,0.0,False,100,50,15,2210.8624803400003,0.021073837077251217
1600.5939,0.0579588,True,100,50,15,2210.8624803400003,0.021073837077251217
1108.2971,0.0,False,100,50,15,2210.8624803400003,0.021073837077251217
861.93805,0.0011364296,False,100,50,15,2210.8624803400003,0.021073837077251217
874.59485,0.04880221,False,100,50,15,2210.8624803400003,0.021073837077251217
796.6128,0.0,False,100,50,15,2210.8624803400003,0.021073837077251217
812.15247,0.0,False,100,50,15,2210.8624803400003,0.021073837077251217
466.41742,0.0,False,100,50,15,2210.8624803400003,0.021073837077251217
2962.5176,0.060779836,False,100,50,15,2210.8624803400003,0.021073837077251217
533.13617,0.0,False,100,50,15,2210.8624803400003,0.021073837077251217
2134.4143,0.0,False,100,50,15,2210.8624803400003,0.021073837077251217
1381.4128,0.0,False,100,50,15,2210.8624803400003,0.021073837077251217
197.90111,0.0373047,True,100,50,15,2210.8624803400003,0.021073837077251217
912.797,0.0,False,100,50,15,2210.8624803400003,0.021073837077251217
825.87476,0.046438262,False,100,50,15,2210.8624803400003,0.021073837077251217
766.03204,0.050893404,False,100,50,15,2210.8624803400003,0.021073837077251217
788.1576,0.051139053,False,100,50,15,2210.8624803400003,0.021073837077251217
1851.2438,0.04253876,False,100,50,15,2210.8624803400003,0.021073837077251217
733.37524,0.049289152,False,100,50,15,2210.8624803400003,0.021073837077251217
587.45105,0.050667882,False,100,50,15,2210.8624803400003,0.021073837077251217
476.8414,0.046361316,False,100,50,15,2210.8624803400003,0.021073837077251217
1031.1825,0.005448853,False,100,50,15,2210.8624803400003,0.021073837077251217
1540.3501,0.019769702,False,100,50,15,2210.8624803400003,0.021073837077251217
1580.6989,0.056265354,False,100,50,15,2210.8624803400003,0.021073837077251217
1019.52,0.0,False,100,50,15,2210.8624803400003,0.021073837077251217
718.581,0.0,False,100,50,15,2210.8624803400003,0.021073837077251217
621.5881,0.03343417,False,100,50,15,2210.8624803400003,0.021073837077251217
22.983881,0.0030020406,True,100,50,15,2210.8624803400003,0.021073837077251217
413.2212,0.045689687,False,100,50,15,2210.8624803400003,0.021073837077251217
834.89233,0.0,False,100,50,15,2210.8624803400003,0.021073837077251217
735.9247,0.040573034,False,100,50,15,2210.8624803400003,0.021073837077251217
1863.1907,0.0050472193,False,100,50,15,2210.8624803400003,0.021073837077251217
647.04,0.040090512,False,100,50,15,2210.8624803400003,0.021073837077251217
1972.6261,0.0,False,100,50,15,2210.8624803400003,0.021073837077251217
1349.2892,0.0,False,100,50,15,2210.8624803400003,0.021073837077251217
1376.4572,0.04465347,False,100,50,15,2210.8624803400003,0.021073837077251217
841.5845,0.028033374,False,100,50,15,2210.8624803400003,0.021073837077251217
1737.7556,0.012996327,False,100,50,15,2210.8624803400003,0.021073837077251217
804.2283,0.0,False,100,50,15,2210.8624803400003,0.021073837077251217
1021.44464,0.0,False,100,50,15,2210.8624803400003,0.021073837077251217
1035.0713,0.0,False,100,50,15,2210.8624803400003,0.021073837077251217
825.6388,0.05009131,False,100,50,15,2210.8624803400003,0.021073837077251217
470.6787,0.04940683,False,100,50,15,2210.8624803400003,0.021073837077251217
1252.1198,0.014570141,False,100,50,15,2210.8624803400003,0.021073837077251217
959.1299,0.0,False,100,50,15,2210.8624803400003,0.021073837077251217
1052.4282,0.0,False,100,50,15,2210.8624803400003,0.021073837077251217
799.9836,0.052554607,True,100,50,15,2210.8624803400003,0.021073837077251217
433.46613,0.044447593,False,100,50,15,2210.8624803400003,0.021073837077251217
1056.8895,0.0,False,100,50,15,2210.8624803400003,0.021073837077251217
1306.5582,0.006585316,False,100,50,15,2210.8624803400003,0.021073837077251217
1166.0872,0.0050283256,False,100,50,15,2210.8624803400003,0.021073837077251217
658.4363,0.04461971,False,100,50,15,2210.8624803400003,0.021073837077251217
997.0299,0.0,False,100,50,15,2210.8624803400003,0.021073837077251217
1572.2317,0.044336673,False,100,50,15,2210.8624803400003,0.021073837077251217
1023.174,0.0,False,100,50,15,2210.8624803400003,0.021073837077251217
1160.8182,0.05434198,False,100,50,15,2210.8624803400003,0.021073837077251217
564.7758,0.049448192,False,100,50,15,2210.8624803400003,0.021073837077251217
1748.7831,0.054580744,False,100,50,15,2210.8624803400003,0.021073837077251217
325.33054,0.044913128,True,100,50,15,2210.8624803400003,0.021073837077251217
48.622047,0.00857214,True,100,50,15,2210.8624803400003,0.021073837077251217
455.59558,0.04795084,False,100,50,15,2210.8624803400003,0.021073837077251217
1064.8396,0.051603995,False,100,50,15,2210.8624803400003,0.021073837077251217
339.67334,0.014107832,False,100,50,15,2210.8624803400003,0.021073837077251217
828.97284,0.0,False,100,50,15,2210.8624803400003,0.021073837077251217
797.5763,0.051303536,False,100,50,15,2210.8624803400003,0.021073837077251217
1051.2423,0.050561752,False,100,50,15,2210.8624803400003,0.021073837077251217
2710.7195,0.060250744,False,100,50,15,2210.8624803400003,0.021073837077251217
827.1011,0.0,False,100,50,15,2210.8624803400003,0.021073837077251217
991.5549,0.01200272,False,100,50,15,2210.8624803400003,0.021073837077251217
795.953,0.026551057,False,100,50,15,2210.8624803400003,0.021073837077251217
864.3574,0.016092679,False,100,50,15,2210.8624803400003,0.021073837077251217
2087.1887,0.06034658,True,100,50,15,2210.8624803400003,0.021073837077251217
2044.142,0.055894252,False,100,50,15,2210.8624803400003,0.021073837077251217
354.2783,0.04659019,True,100,50,15,2210.8624803400003,0.021073837077251217
1091.2545,0.050634757,False,100,50,15,2210.8624803400003,0.021073837077251217
216.1672,0.038280405,True,100,50,15,2210.8624803400003,0.021073837077251217
940.08264,0.04723918,False,100,50,15,2210.8624803400003,0.021073837077251217
781.5847,0.0,False,100,50,15,2210.8624803400003,0.021073837077251217
1084.6477,0.0,False,100,50,15,2210.8624803400003,0.021073837077251217
2875.5896,0.014910836,False,100,50,15,2210.8624803400003,0.021073837077251217
855.89197,0.052371666,False,100,50,15,2210.8624803400003,0.021073837077251217
1205.6228,0.048532244,False,100,50,15,2210.8624803400003,0.021073837077251217
1501.8053,0.016063577,False,100,50,15,2210.8624803400003,0.021073837077251217
973.07043,0.0,False,100,50,15,2210.8624803400003,0.021073837077251217
1018.94403,0.037619174,False,100,50,15,2210.8624803400003,0.021073837077251217
933.70795,0.028401835,False,100,50,15,2210.8624803400003,0.021073837077251217
521.56683,0.03954124,False,100,50,15,2210.8624803400003,0.021073837077251217
782.3299,0.052068286,False,100,50,15,2210.8624803400003,0.021073837077251217
1218.05,0.05090479,False,100,50,15,2210.8624803400003,0.021073837077251217
1289.0815,0.051113814,False,100,50,15,2210.8624803400003,0.021073837077251217
485.39133,0.046906132,False,100,50,15,2210.8624803400003,0.021073837077251217
2425.605,0.011452658,False,100,50,15,2210.8624803400003,0.021073837077251217
189.0587,0.03573342,True,100,50,15,2210.8624803400003,0.021073837077251217
312.73004,0.044092495,True,100,50,15,2210.8624803400003,0.021073837077251217
654.339,0.0,False,100,50,15,2210.8624803400003,0.021073837077251217
630.11383,0.050398238,False,100,50,15,2210.8624803400003,0.021073837077251217
1638.0863,0.004785714,False,100,50,15,2210.8624803400003,0.021073837077251217
2519.1052,0.055982888,False,100,50,15,2210.8624803400003,0.021073837077251217
798.5712,0.009657336,False,100,50,15,2210.8624803400003,0.021073837077251217
1030.209,0.006390379,False,100,50,15,2210.8624803400003,0.021073837077251217
1184.6902,0.04354326,False,100,50,15,2210.8624803400003,0.021073837077251217
1181.014,0.0052469475,False,100,50,15,2210.8624803400003,0.021073837077251217
210.50992,0.038002476,True,100,50,15,2210.8624803400003,0.021073837077251217
933.74414,0.05325461,False,100,50,15,2210.8624803400003,0.021073837077251217
725.53015,0.0,False,100,50,15,2210.8624803400003,0.021073837077251217
510.83203,0.04910475,False,100,50,15,2210.8624803400003,0.021073837077251217
1380.5125,0.017422304,False,100,50,15,2210.8624803400003,0.021073837077251217
1741.742,0.018074129,False,100,50,15,2210.8624803400003,0.021073837077251217
1331.7325,0.01792609,False,100,50,15,2210.8624803400003,0.021073837077251217
842.87085,0.027709123,False,100,50,15,2210.8624803400003,0.021073837077251217
1379.9657,0.0011912229,False,100,50,15,2210.8624803400003,0.021073837077251217
839.0552,0.0,False,100,50,15,2210.8624803400003,0.021073837077251217
1726.7839,0.003431378,False,100,50,15,2210.8624803400003,0.021073837077251217
1311.452,0.0,False,100,50,15,2210.8624803400003,0.021073837077251217
1447.4521,0.0,False,100,50,15,2210.8624803400003,0.021073837077251217
1379.4337,0.007983903,False,100,50,15,2210.8624803400003,0.021073837077251217
532.5314,0.04950269,False,100,50,15,2210.8624803400003,0.021073837077251217
114.905655,0.023320979,False,100,50,15,2210.8624803400003,0.021073837077251217
289.33154,0.042506922,True,100,50,15,2210.8624803400003,0.021073837077251217
724.3349,0.04936919,False,100,50,15,2210.8624803400003,0.021073837077251217
550.9599,0.023168046,False,100,50,15,2210.8624803400003,0.021073837077251217
885.0057,0.05351605,True,100,50,15,2210.8624803400003,0.021073837077251217
941.1355,0.0024943321,False,100,50,15,2210.8624803400003,0.021073837077251217
595.3892,0.050209444,False,100,50,15,2210.8624803400003,0.021073837077251217
712.6187,0.0,False,100,50,15,2210.8624803400003,0.021073837077251217
675.0297,0.03149264,False,100,50,15,2210.8624803400003,0.021073837077251217
1465.6858,0.05260974,False,100,50,15,2210.8624803400003,0.021073837077251217
924.45483,0.0,False,100,50,15,2210.8624803400003,0.021073837077251217
1086.4434,0.009163433,False,100,50,15,2210.8624803400003,0.021073837077251217
1520.4349,0.006533249,False,100,50,15,2210.8624803400003,0.021073837077251217
810.056,0.0,False,100,50,15,2210.8624803400003,0.021073837077251217
1621.798,0.035384994,False,100,50,15,2210.8624803400003,0.021073837077251217
1252.655,0.049192104,False,100,50,15,2210.8624803400003,0.021073837077251217
646.7965,0.05054582,False,100,50,15,2210.8624803400003,0.021073837077251217
593.4041,0.049145974,False,100,50,15,2210.8624803400003,0.021073837077251217
1551.5442,0.016492238,False,100,50,15,2210.8624803400003,0.021073837077251217
1359.2697,0.05020841,False,100,50,15,2210.8624803400003,0.021073837077251217
202.68376,0.03749035,True,100,50,15,2210.8624803400003,0.021073837077251217
1218.2644,0.0,False,100,50,15,2210.8624803400003,0.021073837077251217
787.62976,0.0,False,100,50,15,2210.8624803400003,0.021073837077251217
1817.7917,0.05603664,False,100,50,15,2210.8624803400003,0.021073837077251217
590.2532,0.044212352,False,100,50,15,2210.8624803400003,0.021073837077251217
831.6901,0.0,False,100,50,15,2210.8624803400003,0.021073837077251217
668.7551,0.0,False,100,50,15,2210.8624803400003,0.021073837077251217
814.8389,0.0,False,100,50,15,2210.8624803400003,0.021073837077251217
1014.0451,0.0484402,False,100,50,15,2210.8624803400003,0.021073837077251217
886.65546,0.053082854,False,100,50,15,2210.8624803400003,0.021073837077251217
1508.9264,0.05213388,False,100,50,15,2210.8624803400003,0.021073837077251217
1111.2651,0.051451772,False,100,50,15,2210.8624803400003,0.021073837077251217
124.55678,0.026522854,False,100,50,15,2210.8624803400003,0.021073837077251217
1442.7194,0.0,False,100,50,15,2210.8624803400003,0.021073837077251217
553.96344,0.05078451,True,100,50,15,2210.8624803400003,0.021073837077251217
613.52405,0.050163265,False,100,50,15,2210.8624803400003,0.021073837077251217
881.0198,0.0,False,100,50,15,2210.8624803400003,0.021073837077251217
1087.3563,0.010956034,False,100,50,15,2210.8624803400003,0.021073837077251217
980.6494,0.0,False,100,50,15,2210.8624803400003,0.021073837077251217
696.45764,0.050747734,False,100,50,15,2210.8624803400003,0.021073837077251217
762.77625,0.0,False,100,50,15,2210.8624803400003,0.021073837077251217
1240.3385,0.0,False,100,50,15,2210.8624803400003,0.021073837077251217
2205.9893,0.0,False,100,50,15,2210.8624803400003,0.021073837077251217
944.7956,0.009882704,False,100,50,15,2210.8624803400003,0.021073837077251217
683.7869,0.051509224,False,100,50,15,2210.8624803400003,0.021073837077251217
31.29978,0.0015086108,False,100,50,15,2210.8624803400003,0.021073837077251217
576.4457,0.0,False,100,50,15,2210.8624803400003,0.021073837077251217
298.77173,0.029507337,False,100,50,15,2210.8624803400003,0.021073837077251217
647.8317,0.051368304,True,100,50,15,2210.8624803400003,0.021073837077251217
565.6893,0.050790444,True,100,50,15,2210.8624803400003,0.021073837077251217
434.1791,0.047402497,False,100,50,15,2210.8624803400003,0.021073837077251217
533.42236,0.012244596,False,100,50,15,2210.8624803400003,0.021073837077251217
1277.6603,0.006888545,False,100,50,15,2210.8624803400003,0.021073837077251217
985.0562,0.0,False,100,50,15,2210.8624803400003,0.021073837077251217
818.27673,0.0,False,100,50,15,2210.8624803400003,0.021073837077251217
1110.1426,0.051939726,False,100,50,15,2210.8624803400003,0.021073837077251217
1968.0323,0.0,False,100,50,15,2210.8624803400003,0.021073837077251217
964.4988,0.0,False,100,50,15,2210.8624803400003,0.021073837077251217
1052.2985,0.0,False,100,50,15,2210.8624803400003,0.021073837077251217
2624.8616,0.06041142,True,100,50,15,2210.8624803400003,0.021073837077251217
1012.4577,0.036234092,False,100,50,15,2210.8624803400003,0.021073837077251217
405.42087,0.041110545,False,100,50,15,2210.8624803400003,0.021073837077251217
517.1772,0.0,False,100,50,15,2210.8624803400003,0.021073837077251217
1274.5693,0.04486779,False,100,50,15,2210.8624803400003,0.021073837077251217
194.8278,0.036561232,False,100,50,15,2210.8624803400003,0.021073837077251217
1702.8756,0.008771738,False,100,50,15,2210.8624803400003,0.021073837077251217
965.60614,0.0,False,100,50,15,2210.8624803400003,0.021073837077251217
839.7501,0.0,False,100,50,15,2210.8624803400003,0.021073837077251217
1427.1405,0.0,False,100,50,15,2210.8624803400003,0.021073837077251217
605.3053,0.04287655,False,100,50,15,2210.8624803400003,0.021073837077251217
1201.9939,0.0,False,100,50,15,2210.8624803400003,0.021073837077251217
2094.819,0.014088141,False,100,50,15,2210.8624803400003,0.021073837077251217
1113.9218,0.0,False,100,50,15,2210.8624803400003,0.021073837077251217
687.4409,0.05121216,False,100,50,15,2210.8624803400003,0.021073837077251217
856.29675,0.0,False,100,50,15,2210.8624803400003,0.021073837077251217
2040.2917,0.060136285,True,100,50,15,2210.8624803400003,0.021073837077251217
962.14075,0.05259214,False,100,50,15,2210.8624803400003,0.021073837077251217
638.849,0.050949555,True,100,50,15,2210.8624803400003,0.021073837077251217
128.66093,0.028099595,True,100,50,15,2210.8624803400003,0.021073837077251217
1696.161,0.034479104,False,100,50,15,2210.8624803400003,0.021073837077251217
874.27716,0.005842033,False,100,50,15,2210.8624803400003,0.021073837077251217
1735.6385,0.049852572,False,100,50,15,2210.8624803400003,0.021073837077251217
1850.0536,0.055959184,False,100,50,15,2210.8624803400003,0.021073837077251217
591.07996,0.05033486,False,100,50,15,2210.8624803400003,0.021073837077251217
826.3767,0.0,False,100,50,15,2210.8624803400003,0.021073837077251217
1116.191,0.01115976,False,100,50,15,2210.8624803400003,0.021073837077251217
356.45114,0.042668544,False,100,50,15,2210.8624803400003,0.021073837077251217
737.5695,0.0,False,100,50,15,2210.8624803400003,0.021073837077251217
1035.8517,0.0,False,100,50,15,2210.8624803400003,0.021073837077251217
817.61,0.04608351,False,100,50,15,2210.8624803400003,0.021073837077251217
1231.1292,0.055289246,False,100,50,15,2210.8624803400003,0.021073837077251217
671.8985,0.0,False,100,50,15,2210.8624803400003,0.021073837077251217
650.0986,0.05084675,False,100,50,15,2210.8624803400003,0.021073837077251217
516.2189,0.049249347,False,100,50,15,2210.8624803400003,0.021073837077251217
1464.6226,0.0,False,100,50,15,2210.8624803400003,0.021073837077251217
147.8985,0.028610822,True,100,50,15,2210.8624803400003,0.021073837077251217
1151.8444,0.0025884737,False,100,50,15,2210.8624803400003,0.021073837077251217
990.23157,0.0,False,100,50,15,2210.8624803400003,0.021073837077251217
341.74408,0.04575308,True,100,50,15,2210.8624803400003,0.021073837077251217
728.86475,0.0,False,100,50,15,2210.8624803400003,0.021073837077251217
734.227,0.0,False,100,50,15,2210.8624803400003,0.021073837077251217
721.2239,0.04839668,False,100,50,15,2210.8624803400003,0.021073837077251217
762.127,0.0,False,100,50,15,2210.8624803400003,0.021073837077251217
1014.2571,0.0,False,100,50,15,2210.8624803400003,0.021073837077251217
432.00183,0.03822958,False,100,50,15,2210.8624803400003,0.021073837077251217
7.764724,0.0,False,100,50,15,2210.8624803400003,0.021073837077251217
389.42065,0.04814291,True,100,50,15,2210.8624803400003,0.021073837077251217
2168.3506,0.05755702,False,100,50,15,2210.8624803400003,0.021073837077251217
882.37427,0.050811935,False,100,50,15,2210.8624803400003,0.021073837077251217
1655.2327,0.0,False,100,50,15,2210.8624803400003,0.021073837077251217
821.06995,0.0,False,100,50,15,2210.8624803400003,0.021073837077251217
937.35333,0.0,False,100,50,15,2210.8624803400003,0.021073837077251217
1074.6782,0.054870423,True,100,50,15,2210.8624803400003,0.021073837077251217
640.16656,0.04482711,False,100,50,15,2210.8624803400003,0.021073837077251217
1066.5005,0.05105095,False,100,50,15,2210.8624803400003,0.021073837077251217
1724.5992,0.0,False,100,50,15,2210.8624803400003,0.021073837077251217
1081.8167,0.051100444,False,100,50,15,2210.8624803400003,0.021073837077251217
1532.1771,0.049617533,False,100,50,15,2210.8624803400003,0.021073837077251217
1772.707,0.056899916,False,100,50,15,2210.8624803400003,0.021073837077251217
1314.704,0.014796967,False,100,50,15,2210.8624803400003,0.021073837077251217
1267.7788,0.05113872,False,100,50,15,2210.8624803400003,0.021073837077251217
280.0727,0.041575905,False,100,50,15,2210.8624803400003,0.021073837077251217
1513.9181,0.030432638,False,100,50,15,2210.8624803400003,0.021073837077251217
688.51807,0.0,False,100,50,15,2210.8624803400003,0.021073837077251217
838.28204,0.0,False,100,50,15,2210.8624803400003,0.021073837077251217
1107.3346,0.054002654,False,100,50,15,2210.8624803400003,0.021073837077251217
531.67426,0.050098892,False,100,50,15,2210.8624803400003,0.021073837077251217
529.7562,0.04530357,False,100,50,15,2210.8624803400003,0.021073837077251217
730.5251,0.014995323,False,100,50,15,2210.8624803400003,0.021073837077251217
1062.288,0.038088717,False,100,50,15,2210.8624803400003,0.021073837077251217
687.2609,0.0,False,100,50,15,2210.8624803400003,0.021073837077251217
978.6119,0.0067113293,False,100,50,15,2210.8624803400003,0.021073837077251217
1863.6227,0.0095779495,False,100,50,15,2210.8624803400003,0.021073837077251217
192.92757,0.036350973,False,100,50,15,2210.8624803400003,0.021073837077251217
824.8541,0.05114626,False,100,50,15,2210.8624803400003,0.021073837077251217
486.25638,0.050061133,True,100,50,15,2210.8624803400003,0.021073837077251217
2200.4739,0.057355348,False,100,50,15,2210.8624803400003,0.021073837077251217
1040.4976,0.0,False,100,50,15,2210.8624803400003,0.021073837077251217
1009.09015,0.054043062,True,100,50,15,2210.8624803400003,0.021073837077251217
606.9421,0.049464926,False,100,50,15,2210.8624803400003,0.021073837077251217
1051.5354,0.0,False,100,50,15,2210.8624803400003,0.021073837077251217
1177.2693,0.05563119,True,100,50,15,2210.8624803400003,0.021073837077251217
990.7474,0.04336973,False,100,50,15,2210.8624803400003,0.021073837077251217
123.94575,0.027661739,True,100,50,15,2210.8624803400003,0.021073837077251217
1450.3452,0.0036505861,False,100,50,15,2210.8624803400003,0.021073837077251217
917.5246,0.0052320627,False,100,50,15,2210.8624803400003,0.021073837077251217
1328.4602,0.004531462,False,100,50,15,2210.8624803400003,0.021073837077251217
325.79904,0.04486859,False,100,50,15,2210.8624803400003,0.021073837077251217
2615.1458,0.04222041,False,100,50,15,2210.8624803400003,0.021073837077251217
1877.9454,0.049119625,False,100,50,15,2210.8624803400003,0.021073837077251217
707.94006,0.04456839,False,100,50,15,2210.8624803400003,0.021073837077251217
181.37466,0.035599392,True,100,50,15,2210.8624803400003,0.021073837077251217
1055.768,0.0,False,100,50,15,2210.8624803400003,0.021073837077251217
396.5216,0.04840589,True,100,50,15,2210.8624803400003,0.021073837077251217
702.8738,0.04805865,False,100,50,15,2210.8624803400003,0.021073837077251217
1337.9958,0.04370069,False,100,50,15,2210.8624803400003,0.021073837077251217
825.6297,0.0,False,100,50,15,2210.8624803400003,0.021073837077251217
1102.7045,0.013145952,False,100,50,15,2210.8624803400003,0.021073837077251217
1027.7494,0.031086534,False,100,50,15,2210.8624803400003,0.021073837077251217
1108.6447,0.051522154,False,100,50,15,2210.8624803400003,0.021073837077251217
1712.3011,0.016684247,False,100,50,15,2210.8624803400003,0.021073837077251217
1270.7173,0.0,False,100,50,15,2210.8624803400003,0.021073837077251217
1417.1365,0.040619805,False,100,50,15,2210.8624803400003,0.021073837077251217
853.85297,0.04393798,False,100,50,15,2210.8624803400003,0.021073837077251217
2349.4153,0.0028321617,False,100,50,15,2210.8624803400003,0.021073837077251217
850.47974,0.053191207,True,100,50,15,2210.8624803400003,0.021073837077251217
1720.3157,0.057132743,False,100,50,15,2210.8624803400003,0.021073837077251217
536.49896,0.048416045,False,100,50,15,2210.8624803400003,0.021073837077251217
752.96204,0.04891813,False,100,50,15,2210.8624803400003,0.021073837077251217
151.2452,0.030864,True,100,50,15,2210.8624803400003,0.021073837077251217
1107.9773,0.0,False,100,50,15,2210.8624803400003,0.021073837077251217
828.9319,0.05029381,False,100,50,15,2210.8624803400003,0.021073837077251217
772.81915,0.04243156,False,100,50,15,2210.8624803400003,0.021073837077251217
1041.048,0.0,False,100,50,15,2210.8624803400003,0.021073837077251217
1517.6106,0.039219715,False,100,50,15,2210.8624803400003,0.021073837077251217
1606.5553,0.05711875,False,100,50,15,2210.8624803400003,0.021073837077251217
1571.1608,0.005606234,False,100,50,15,2210.8624803400003,0.021073837077251217
798.1676,0.0520726,False,100,50,15,2210.8624803400003,0.021073837077251217
740.274,0.0509074,False,100,50,15,2210.8624803400003,0.021073837077251217
527.071,0.04954907,False,100,50,15,2210.8624803400003,0.021073837077251217
424.17697,0.048913687,True,100,50,15,2210.8624803400003,0.021073837077251217
127.09348,0.028099595,True,100,50,15,2210.8624803400003,0.021073837077251217
918.3727,0.010901881,False,100,50,15,2210.8624803400003,0.021073837077251217
1211.209,0.022995632,False,100,50,15,2210.8624803400003,0.021073837077251217
1361.694,0.056142665,True,100,50,15,2210.8624803400003,0.021073837077251217
1267.1998,0.053625427,False,100,50,15,2210.8624803400003,0.021073837077251217
1654.0333,0.055396628,False,100,50,15,2210.8624803400003,0.021073837077251217
1036.0782,0.005281644,False,100,50,15,2210.8624803400003,0.021073837077251217
1625.7158,0.012992492,False,100,50,15,2210.8624803400003,0.021073837077251217
2004.0023,0.055237617,False,100,50,15,2210.8624803400003,0.021073837077251217
1156.1096,0.0,False,100,50,15,2210.8624803400003,0.021073837077251217
714.16156,0.04176213,False,100,50,15,2210.8624803400003,0.021073837077251217
1165.6844,0.029041076,False,100,50,15,2210.8624803400003,0.021073837077251217
1867.7914,0.05221278,False,100,50,15,2210.8624803400003,0.021073837077251217
1566.8265,0.0,False,100,50,15,2210.8624803400003,0.021073837077251217
351.4335,0.046364523,True,100,50,15,2210.8624803400003,0.021073837077251217
1566.766,0.05780148,True,100,50,15,2210.8624803400003,0.021073837077251217
971.66425,0.0,False,100,50,15,2210.8624803400003,0.021073837077251217
955.18695,0.05348809,False,100,50,15,2210.8624803400003,0.021073837077251217
663.0957,0.05122551,False,100,50,15,2210.8624803400003,0.021073837077251217
858.0713,0.011198595,False,100,50,15,2210.8624803400003,0.021073837077251217
495.41745,0.048880346,False,100,50,15,2210.8624803400003,0.021073837077251217
1029.1221,0.0,False,100,50,15,2210.8624803400003,0.021073837077251217
1103.1658,0.005391528,False,100,50,15,2210.8624803400003,0.021073837077251217
1230.2544,0.044336542,False,100,50,15,2210.8624803400003,0.021073837077251217
835.77234,0.0,False,100,50,15,2210.8624803400003,0.021073837077251217
1247.081,0.03920819,False,100,50,15,2210.8624803400003,0.021073837077251217
1051.2568,0.0,False,100,50,15,2210.8624803400003,0.021073837077251217
189.13,0.036755897,True,100,50,15,2210.8624803400003,0.021073837077251217
1021.7343,0.0,False,100,50,15,2210.8624803400003,0.021073837077251217
731.6045,0.05166255,False,100,50,15,2210.8624803400003,0.021073837077251217
324.26093,0.041449733,False,100,50,15,2210.8624803400003,0.021073837077251217
1796.102,0.058747906,True,100,50,15,2210.8624803400003,0.021073837077251217
1017.612,0.0,False,100,50,15,2210.8624803400003,0.021073837077251217
851.0028,0.0,False,100,50,15,2210.8624803400003,0.021073837077251217
944.8848,0.0,False,100,50,15,2210.8624803400003,0.021073837077251217
862.7266,0.0057126647,False,100,50,15,2210.8624803400003,0.021073837077251217
664.40497,0.051931802,True,100,50,15,2210.8624803400003,0.021073837077251217
2935.4807,0.06192571,True,100,50,15,2210.8624803400003,0.021073837077251217
955.2955,0.0,False,100,50,15,2210.8624803400003,0.021073837077251217
1043.688,0.050242845,False,100,50,15,2210.8624803400003,0.021073837077251217
1135.7739,0.0,False,100,50,15,2210.8624803400003,0.021073837077251217
174.96558,0.034514066,True,100,50,15,2210.8624803400003,0.021073837077251217
709.01764,0.051389415,False,100,50,15,2210.8624803400003,0.021073837077251217
594.32684,0.02793248,False,100,50,15,2210.8624803400003,0.021073837077251217
306.59668,0.04364753,True,100,50,15,2210.8624803400003,0.021073837077251217
1640.9379,0.022342036,False,100,50,15,2210.8624803400003,0.021073837077251217
1101.3978,0.0053588185,False,100,50,15,2210.8624803400003,0.021073837077251217
898.09906,0.0,False,100,50,15,2210.8624803400003,0.021073837077251217
1401.3965,0.003007133,False,100,50,15,2210.8624803400003,0.021073837077251217
1043.5447,0.053345397,False,100,50,15,2210.8624803400003,0.021073837077251217
461.0467,0.047493726,False,100,50,15,2210.8624803400003,0.021073837077251217
1050.3418,0.053425755,False,100,50,15,2210.8624803400003,0.021073837077251217
1283.3395,0.017081356,False,100,50,15,2210.8624803400003,0.021073837077251217
703.70105,0.0237156,False,100,50,15,2210.8624803400003,0.021073837077251217
1008.9374,0.0,False,100,50,15,2210.8624803400003,0.021073837077251217
1897.291,0.0032940083,False,100,50,15,2210.8624803400003,0.021073837077251217
980.7496,0.0066183703,False,100,50,15,2210.8624803400003,0.021073837077251217
886.3081,0.0,False,100,50,15,2210.8624803400003,0.021073837077251217
1368.3158,0.0,False,100,50,15,2210.8624803400003,0.021073837077251217
107.9016,0.02463211,True,100,50,15,2210.8624803400003,0.021073837077251217
711.53766,0.048213445,False,100,50,15,2210.8624803400003,0.021073837077251217
1059.217,0.0,False,100,50,15,2210.8624803400003,0.021073837077251217
840.37805,0.05265485,True,100,50,15,2210.8624803400003,0.021073837077251217
357.9677,0.0,False,100,50,15,2210.8624803400003,0.021073837077251217
878.7179,0.037642274,False,100,50,15,2210.8624803400003,0.021073837077251217
359.07242,0.030700134,False,100,50,15,2210.8624803400003,0.021073837077251217
1009.1364,0.003464981,False,100,50,15,2210.8624803400003,0.021073837077251217
1409.2411,0.05572561,False,100,50,15,2210.8624803400003,0.021073837077251217
2271.8225,0.05960981,False,100,50,15,2210.8624803400003,0.021073837077251217
1305.1522,0.012277212,False,100,50,15,2210.8624803400003,0.021073837077251217
576.7272,0.041772485,False,100,50,15,2210.8624803400003,0.021073837077251217
1939.1843,0.041020222,False,100,50,15,2210.8624803400003,0.021073837077251217
942.6434,0.0,False,100,50,15,2210.8624803400003,0.021073837077251217
1401.4562,0.0029589229,False,100,50,15,2210.8624803400003,0.021073837077251217
1557.531,0.057680346,True,100,50,15,2210.8624803400003,0.021073837077251217
695.7544,0.05064971,False,100,50,15,2210.8624803400003,0.021073837077251217
176.99644,0.035243664,True,100,50,15,2210.8624803400003,0.021073837077251217
856.5127,0.0,False,100,50,15,2210.8624803400003,0.021073837077251217
749.10364,0.0,False,100,50,15,2210.8624803400003,0.021073837077251217
1666.659,0.018669378,False,100,50,15,2210.8624803400003,0.021073837077251217
1404.9054,0.05258341,False,100,50,15,2210.8624803400003,0.021073837077251217
680.51495,0.0,False,100,50,15,2210.8624803400003,0.021073837077251217
1284.5968,0.01276175,False,100,50,15,2210.8624803400003,0.021073837077251217
975.2025,0.0,False,100,50,15,2210.8624803400003,0.021073837077251217
995.0691,0.0,False,100,50,15,2210.8624803400003,0.021073837077251217
370.9441,0.04363841,False,100,50,15,2210.8624803400003,0.021073837077251217
454.59973,0.04779992,False,100,50,15,2210.8624803400003,0.021073837077251217
774.54785,0.0,False,100,50,15,2210.8624803400003,0.021073837077251217
881.5046,0.050458383,False,100,50,15,2210.8624803400003,0.021073837077251217
946.6787,0.053473387,False,100,50,15,2210.8624803400003,0.021073837077251217
1231.1195,0.050633192,False,100,50,15,2210.8624803400003,0.021073837077251217
683.1537,0.051068604,False,100,50,15,2210.8624803400003,0.021073837077251217
1819.1956,0.004316721,False,100,50,15,2210.8624803400003,0.021073837077251217
161.15575,0.0331675,True,100,50,15,2210.8624803400003,0.021073837077251217
1072.5034,0.051566005,False,100,50,15,2210.8624803400003,0.021073837077251217
889.3664,0.0,False,100,50,15,2210.8624803400003,0.021073837077251217
1623.051,0.0009484066,False,100,50,15,2210.8624803400003,0.021073837077251217
675.3612,0.047987115,False,100,50,15,2210.8624803400003,0.021073837077251217
1720.4392,0.030630006,False,100,50,15,2210.8624803400003,0.021073837077251217
852.57855,0.04897634,False,100,50,15,2210.8624803400003,0.021073837077251217
907.43866,0.046664454,False,100,50,15,2210.8624803400003,0.021073837077251217
1508.4055,0.05155029,False,100,50,15,2210.8624803400003,0.021073837077251217
482.75156,0.0348782,False,100,50,15,2210.8624803400003,0.021073837077251217
1451.1172,0.0,False,100,50,15,2210.8624803400003,0.021073837077251217
