growth_rate,cost,is_pareto,init_growth_rate,init_cost
0.07661943,1103.5654,False,0.8217947382570283,1239.59670934
0.15124342,1594.1783,False,0.8217947382570283,1239.59670934
0.24691251,1198.6853,False,0.8217947382570283,1239.59670934
0.09997909,1492.6627,False,0.8217947382570283,1239.59670934
0.124865,1729.0125,False,0.8217947382570283,1239.59670934
0.35201144,1387.8221,False,0.8217947382570283,1239.59670934
0.34285548,600.70184,False,0.8217947382570283,1239.59670934
0.15074964,1315.7537,False,0.8217947382570283,1239.59670934
0.37136647,1694.2297,False,0.8217947382570283,1239.59670934
0.14649701,582.69257,False,0.8217947382570283,1239.59670934
0.12658869,929.92944,False,0.8217947382570283,1239.59670934
0.017194262,1745.5907,False,0.8217947382570283,1239.59670934
0.14267328,866.78845,False,0.8217947382570283,1239.59670934
0.1549481,1192.9937,False,0.8217947382570283,1239.59670934
0.046080202,726.0481,False,0.8217947382570283,1239.59670934
0.55265296,1354.4799,False,0.8217947382570283,1239.59670934
0.05687888,1708.2533,False,0.8217947382570283,1239.59670934
0.16478269,1109.3115,False,0.8217947382570283,1239.59670934
0.1978629,1222.7446,False,0.8217947382570283,1239.59670934
0.29192963,674.27124,False,0.8217947382570283,1239.59670934
0.1809981,602.5837,False,0.8217947382570283,1239.59670934
0.27981722,691.41364,False,0.8217947382570283,1239.59670934
0.27855188,1148.7129,False,0.8217947382570283,1239.59670934
0.20656492,959.84906,False,0.8217947382570283,1239.59670934
0.23612323,1637.9651,False,0.8217947382570283,1239.59670934
0.36811692,1496.0323,False,0.8217947382570283,1239.59670934
0.03410439,817.59503,False,0.8217947382570283,1239.59670934
0.0,1199.6492,False,0.8217947382570283,1239.59670934
0.32303846,1714.9437,False,0.8217947382570283,1239.59670934
0.24585354,725.4714,False,0.8217947382570283,1239.59670934
0.6337729,1070.9496,False,0.8217947382570283,1239.59670934
0.17439069,673.5094,False,0.8217947382570283,1239.59670934
0.48959222,2012.9563,False,0.8217947382570283,1239.59670934
0.25496408,1368.0677,False,0.8217947382570283,1239.59670934
0.1058746,1729.443,False,0.8217947382570283,1239.59670934
0.75719136,759.8925,False,0.8217947382570283,1239.59670934
0.18217172,1355.8715,False,0.8217947382570283,1239.59670934
0.12139142,1065.0057,False,0.8217947382570283,1239.59670934
0.22402532,1207.3569,False,0.8217947382570283,1239.59670934
0.38948768,1459.7302,False,0.8217947382570283,1239.59670934
0.49366072,1353.6448,False,0.8217947382570283,1239.59670934
0.14426786,1144.9187,False,0.8217947382570283,1239.59670934
0.4132364,1330.4363,False,0.8217947382570283,1239.59670934
0.09900883,1264.6523,False,0.8217947382570283,1239.59670934
0.41734672,1815.5133,False,0.8217947382570283,1239.59670934
0.45643616,772.0574,False,0.8217947382570283,1239.59670934
0.13024375,627.0162,False,0.8217947382570283,1239.59670934
0.5131692,761.8447,False,0.8217947382570283,1239.59670934
0.62602323,675.1981,False,0.8217947382570283,1239.59670934
0.26105484,1360.4248,False,0.8217947382570283,1239.59670934
0.20035826,834.82074,False,0.8217947382570283,1239.59670934
0.14935268,517.5817,False,0.8217947382570283,1239.59670934
0.5203041,1044.0885,False,0.8217947382570283,1239.59670934
0.34220538,579.4479,False,0.8217947382570283,1239.59670934
0.07209374,1244.5623,False,0.8217947382570283,1239.59670934
0.11126024,1047.535,False,0.8217947382570283,1239.59670934
0.059353705,1563.8765,False,0.8217947382570283,1239.59670934
0.1864512,1630.1714,False,0.8217947382570283,1239.59670934
0.0067470144,1585.5665,False,0.8217947382570283,1239.59670934
0.0070752506,1377.1267,False,0.8217947382570283,1239.59670934
0.489411,1070.9337,False,0.8217947382570283,1239.59670934
0.07535273,885.8802,False,0.8217947382570283,1239.59670934
0.07608691,1583.4948,False,0.8217947382570283,1239.59670934
0.15059453,883.7406,False,0.8217947382570283,1239.59670934
0.46773046,787.4506,False,0.8217947382570283,1239.59670934
0.12050109,903.08276,False,0.8217947382570283,1239.59670934
0.26660296,716.044,False,0.8217947382570283,1239.59670934
0.35041037,1374.3278,False,0.8217947382570283,1239.59670934
0.20075464,694.4922,False,0.8217947382570283,1239.59670934
0.32880875,1135.7073,False,0.8217947382570283,1239.59670934
0.045150235,1281.1581,False,0.8217947382570283,1239.59670934
0.08566647,1581.1183,False,0.8217947382570283,1239.59670934
0.07758319,954.89594,False,0.8217947382570283,1239.59670934
0.20688488,1480.7974,False,0.8217947382570283,1239.59670934
0.17967829,565.26355,False,0.8217947382570283,1239.59670934
0.10622387,1274.8015,False,0.8217947382570283,1239.59670934
0.080515616,1611.6506,False,0.8217947382570283,1239.59670934
0.3590092,1580.6857,False,0.8217947382570283,1239.59670934
0.31740505,1105.3248,False,0.8217947382570283,1239.59670934
0.3601948,1327.8099,False,0.8217947382570283,1239.59670934
0.1394576,1577.8878,False,0.8217947382570283,1239.59670934
0.08635932,1070.335,False,0.8217947382570283,1239.59670934
0.4028359,714.80994,False,0.8217947382570283,1239.59670934
0.04879665,581.20026,False,0.8217947382570283,1239.59670934
0.25172147,705.6258,False,0.8217947382570283,1239.59670934
0.76366067,1519.8767,False,0.8217947382570283,1239.59670934
0.5839744,1081.2562,False,0.8217947382570283,1239.59670934
0.12940297,1354.0092,False,0.8217947382570283,1239.59670934
0.24659654,845.1087,False,0.8217947382570283,1239.59670934
0.03659371,1247.6111,False,0.8217947382570283,1239.59670934
0.39245537,1225.3065,False,0.8217947382570283,1239.59670934
0.21948998,1622.7,False,0.8217947382570283,1239.59670934
0.39139688,705.5242,False,0.8217947382570283,1239.59670934
0.09098982,1089.137,False,0.8217947382570283,1239.59670934
0.06241542,1830.2162,False,0.8217947382570283,1239.59670934
0.10644096,1023.3306,False,0.8217947382570283,1239.59670934
0.4416562,1183.3429,False,0.8217947382570283,1239.59670934
0.12455375,1393.317,False,0.8217947382570283,1239.59670934
0.30886444,638.90985,False,0.8217947382570283,1239.59670934
0.19277357,1854.7439,False,0.8217947382570283,1239.59670934
0.0,223.67294,False,0.8217947382570283,1239.59670934
0.0,109.231926,False,0.8217947382570283,1239.59670934
0.0,112.2756,False,0.8217947382570283,1239.59670934
0.4556567,1681.4731,False,0.8217947382570283,1239.59670934
0.69366634,931.8975,False,0.8217947382570283,1239.59670934
0.0,321.9684,False,0.8217947382570283,1239.59670934
3.0955724e-14,112.56076,False,0.8217947382570283,1239.59670934
3.3485035e-14,344.77826,False,0.8217947382570283,1239.59670934
4.526331e-14,302.47482,False,0.8217947382570283,1239.59670934
0.664791,1514.0475,False,0.8217947382570283,1239.59670934
1.4086429e-14,432.00592,False,0.8217947382570283,1239.59670934
2.667471e-14,264.48492,False,0.8217947382570283,1239.59670934
0.117822155,1270.7657,False,0.8217947382570283,1239.59670934
4.51357e-16,111.163124,False,0.8217947382570283,1239.59670934
4.7622256e-14,303.76093,False,0.8217947382570283,1239.59670934
0.0,1179.5446,False,0.8217947382570283,1239.59670934
0.72561944,597.8444,False,0.8217947382570283,1239.59670934
0.0,864.39996,False,0.8217947382570283,1239.59670934
0.0,302.20782,False,0.8217947382570283,1239.59670934
0.74259555,1112.1785,False,0.8217947382570283,1239.59670934
1.4163673e-13,398.5502,False,0.8217947382570283,1239.59670934
2.5384788e-14,191.80138,False,0.8217947382570283,1239.59670934
5.3178575e-14,212.55833,False,0.8217947382570283,1239.59670934
0.60339105,546.58655,False,0.8217947382570283,1239.59670934
0.2686657,369.08124,False,0.8217947382570283,1239.59670934
0.06353377,767.8395,False,0.8217947382570283,1239.59670934
0.63795537,1388.1323,False,0.8217947382570283,1239.59670934
1.677761e-14,159.57007,False,0.8217947382570283,1239.59670934
3.9266408e-14,288.47476,False,0.8217947382570283,1239.59670934
0.72375244,1467.3861,False,0.8217947382570283,1239.59670934
0.579124,1090.8773,False,0.8217947382570283,1239.59670934
0.68285394,799.8632,False,0.8217947382570283,1239.59670934
0.0,27.567884,False,0.8217947382570283,1239.59670934
0.42023495,1210.1165,False,0.8217947382570283,1239.59670934
0.0,1214.8881,False,0.8217947382570283,1239.59670934
0.6830162,1431.2029,False,0.8217947382570283,1239.59670934
0.0,252.3915,False,0.8217947382570283,1239.59670934
1.7218546e-15,840.3852,False,0.8217947382570283,1239.59670934
0.67226243,1375.3379,False,0.8217947382570283,1239.59670934
0.2308855,744.87354,False,0.8217947382570283,1239.59670934
0.0,363.41595,False,0.8217947382570283,1239.59670934
0.0,575.1481,False,0.8217947382570283,1239.59670934
0.0,161.94356,False,0.8217947382570283,1239.59670934
0.0,479.16684,False,0.8217947382570283,1239.59670934
0.0,261.66812,False,0.8217947382570283,1239.59670934
0.0,206.60318,False,0.8217947382570283,1239.59670934
0.0,186.49756,False,0.8217947382570283,1239.59670934
0.0,404.91858,False,0.8217947382570283,1239.59670934
0.22096488,852.0635,False,0.8217947382570283,1239.59670934
0.620225,602.7547,False,0.8217947382570283,1239.59670934
0.0,508.198,False,0.8217947382570283,1239.59670934
0.5523542,488.74576,False,0.8217947382570283,1239.59670934
0.324006,659.41833,False,0.8217947382570283,1239.59670934
0.24994697,875.5219,False,0.8217947382570283,1239.59670934
0.6943972,734.1112,False,0.8217947382570283,1239.59670934
0.66541487,689.7382,False,0.8217947382570283,1239.59670934
1.4596848e-15,377.32083,False,0.8217947382570283,1239.59670934
0.68091387,725.8823,False,0.8217947382570283,1239.59670934
0.66038406,639.30725,False,0.8217947382570283,1239.59670934
0.55976486,465.25247,False,0.8217947382570283,1239.59670934
1.2992632e-13,102.02758,True,0.8217947382570283,1239.59670934
2.855828e-13,179.28215,False,0.8217947382570283,1239.59670934
0.0,228.35356,False,0.8217947382570283,1239.59670934
0.0,39.349236,False,0.8217947382570283,1239.59670934
0.3471099,301.12653,False,0.8217947382570283,1239.59670934
9.3849055e-14,381.77673,False,0.8217947382570283,1239.59670934
0.45587865,563.47046,False,0.8217947382570283,1239.59670934
0.0,381.95865,False,0.8217947382570283,1239.59670934
0.0,282.74225,False,0.8217947382570283,1239.59670934
0.12872098,543.9791,False,0.8217947382570283,1239.59670934
0.16194078,496.03683,False,0.8217947382570283,1239.59670934
0.18382913,747.77954,False,0.8217947382570283,1239.59670934
0.0,508.18384,False,0.8217947382570283,1239.59670934
0.23821528,997.2468,False,0.8217947382570283,1239.59670934
0.4261976,885.85846,False,0.8217947382570283,1239.59670934
3.2761334e-13,189.04935,False,0.8217947382570283,1239.59670934
0.0,33.30151,False,0.8217947382570283,1239.59670934
0.26227835,942.1512,False,0.8217947382570283,1239.59670934
0.0,539.3858,False,0.8217947382570283,1239.59670934
0.6195458,1228.4409,False,0.8217947382570283,1239.59670934
0.66544604,871.137,False,0.8217947382570283,1239.59670934
0.0,302.28015,False,0.8217947382570283,1239.59670934
0.0,571.0192,False,0.8217947382570283,1239.59670934
2.0971167e-14,534.61707,False,0.8217947382570283,1239.59670934
1.3426714e-32,91.45271,False,0.8217947382570283,1239.59670934
1.9627666e-30,63.62746,False,0.8217947382570283,1239.59670934
0.0,219.56099,False,0.8217947382570283,1239.59670934
0.0,452.19238,False,0.8217947382570283,1239.59670934
0.615116,692.4334,False,0.8217947382570283,1239.59670934
0.08598618,335.58417,False,0.8217947382570283,1239.59670934
0.0,379.77362,False,0.8217947382570283,1239.59670934
3.8497313e-15,223.3632,False,0.8217947382570283,1239.59670934
5.6745885e-32,402.24014,False,0.8217947382570283,1239.59670934
0.0,64.70059,False,0.8217947382570283,1239.59670934
8.763379e-17,368.0502,False,0.8217947382570283,1239.59670934
0.0,438.18802,False,0.8217947382570283,1239.59670934
0.0,294.3162,False,0.8217947382570283,1239.59670934
0.0,263.18176,False,0.8217947382570283,1239.59670934
0.0,387.96332,False,0.8217947382570283,1239.59670934
0.0,236.49283,False,0.8217947382570283,1239.59670934
0.0,121.74718,False,0.8217947382570283,1239.59670934
9.4505414e-32,216.6225,False,0.8217947382570283,1239.59670934
0.0,556.701,False,0.8217947382570283,1239.59670934
0.0,166.46687,False,0.8217947382570283,1239.59670934
0.0,261.5065,False,0.8217947382570283,1239.59670934
0.0,324.40912,False,0.8217947382570283,1239.59670934
0.0,141.22311,False,0.8217947382570283,1239.59670934
0.0,559.70447,False,0.8217947382570283,1239.59670934
0.0,145.54074,False,0.8217947382570283,1239.59670934
0.53365123,690.3184,False,0.8217947382570283,1239.59670934
0.31727967,833.6942,False,0.8217947382570283,1239.59670934
0.0,84.67814,False,0.8217947382570283,1239.59670934
0.0,310.35168,False,0.8217947382570283,1239.59670934
1.9191044e-16,366.1858,False,0.8217947382570283,1239.59670934
0.39684573,506.10138,False,0.8217947382570283,1239.59670934
0.4825327,609.4753,False,0.8217947382570283,1239.59670934
0.26588812,376.92465,False,0.8217947382570283,1239.59670934
0.3578414,584.93384,False,0.8217947382570283,1239.59670934
0.38620463,454.3063,False,0.8217947382570283,1239.59670934
0.2813837,443.86212,False,0.8217947382570283,1239.59670934
6.6539406e-13,138.6566,False,0.8217947382570283,1239.59670934
0.0,116.139275,False,0.8217947382570283,1239.59670934
0.60720944,613.83276,False,0.8217947382570283,1239.59670934
0.0,111.838745,False,0.8217947382570283,1239.59670934
0.65037125,820.8833,False,0.8217947382570283,1239.59670934
0.62615204,689.39526,False,0.8217947382570283,1239.59670934
1.1134378e-13,219.3058,False,0.8217947382570283,1239.59670934
0.0,467.96957,False,0.8217947382570283,1239.59670934
2.2049305e-15,289.74896,False,0.8217947382570283,1239.59670934
6.4356653e-15,530.1098,False,0.8217947382570283,1239.59670934
0.0,595.153,False,0.8217947382570283,1239.59670934
0.0,491.25143,False,0.8217947382570283,1239.59670934
0.66020757,897.41223,False,0.8217947382570283,1239.59670934
0.55327934,548.2816,False,0.8217947382570283,1239.59670934
6.497141e-13,432.52698,False,0.8217947382570283,1239.59670934
2.4764279e-14,531.11,False,0.8217947382570283,1239.59670934
0.0,624.198,False,0.8217947382570283,1239.59670934
0.0,203.85959,False,0.8217947382570283,1239.59670934
5.8900964e-15,152.1742,False,0.8217947382570283,1239.59670934
0.64769876,822.64435,False,0.8217947382570283,1239.59670934
7.0833157e-17,699.099,False,0.8217947382570283,1239.59670934
0.0,420.22876,False,0.8217947382570283,1239.59670934
0.0,527.63196,False,0.8217947382570283,1239.59670934
4.7061983e-32,760.5823,False,0.8217947382570283,1239.59670934
0.6875293,950.53973,False,0.8217947382570283,1239.59670934
0.0,605.8317,False,0.8217947382570283,1239.59670934
0.0,649.5112,False,0.8217947382570283,1239.59670934
0.0,690.7245,False,0.8217947382570283,1239.59670934
0.44273502,497.32205,False,0.8217947382570283,1239.59670934
0.0,626.06793,False,0.8217947382570283,1239.59670934
0.0,221.23116,False,0.8217947382570283,1239.59670934
0.0,300.00137,False,0.8217947382570283,1239.59670934
0.6356169,1251.7776,False,0.8217947382570283,1239.59670934
0.0,7.764724,False,0.8217947382570283,1239.59670934
0.0,1072.1393,False,0.8217947382570283,1239.59670934
0.0,500.99426,False,0.8217947382570283,1239.59670934
0.0,813.4425,False,0.8217947382570283,1239.59670934
0.0,204.11171,False,0.8217947382570283,1239.59670934
0.0,256.8917,False,0.8217947382570283,1239.59670934
0.0,773.1572,False,0.8217947382570283,1239.59670934
0.0,108.51248,False,0.8217947382570283,1239.59670934
5.5798062e-15,129.27493,False,0.8217947382570283,1239.59670934
0.0,149.1687,False,0.8217947382570283,1239.59670934
0.10128805,625.5715,False,0.8217947382570283,1239.59670934
0.0,300.34,False,0.8217947382570283,1239.59670934
0.0,279.0065,False,0.8217947382570283,1239.59670934
0.28469494,614.9816,False,0.8217947382570283,1239.59670934
0.10610264,375.86523,False,0.8217947382570283,1239.59670934
0.31502497,381.65192,False,0.8217947382570283,1239.59670934
0.27226824,473.78613,False,0.8217947382570283,1239.59670934
0.5578484,512.0502,False,0.8217947382570283,1239.59670934
2.7506357e-16,117.39117,False,0.8217947382570283,1239.59670934
0.17292158,389.99802,False,0.8217947382570283,1239.59670934
0.08016233,357.3757,False,0.8217947382570283,1239.59670934
0.054945815,430.58337,False,0.8217947382570283,1239.59670934
0.4957695,474.45175,False,0.8217947382570283,1239.59670934
0.07617089,387.13538,False,0.8217947382570283,1239.59670934
0.14664835,642.9839,False,0.8217947382570283,1239.59670934
0.1732224,437.9216,False,0.8217947382570283,1239.59670934
0.08504022,370.113,False,0.8217947382570283,1239.59670934
0.0,373.47406,False,0.8217947382570283,1239.59670934
0.0,272.13724,False,0.8217947382570283,1239.59670934
5.990126e-17,514.481,False,0.8217947382570283,1239.59670934
0.0,455.3652,False,0.8217947382570283,1239.59670934
0.0,363.35587,False,0.8217947382570283,1239.59670934
0.0,214.9814,False,0.8217947382570283,1239.59670934
3.1174312e-16,708.9894,False,0.8217947382570283,1239.59670934
0.25378492,661.4619,False,0.8217947382570283,1239.59670934
0.0,281.7216,False,0.8217947382570283,1239.59670934
0.0,180.09392,False,0.8217947382570283,1239.59670934
0.0,105.29032,False,0.8217947382570283,1239.59670934
5.2101378e-30,393.81262,False,0.8217947382570283,1239.59670934
0.23940425,495.243,False,0.8217947382570283,1239.59670934
1.7772594e-29,310.06012,False,0.8217947382570283,1239.59670934
0.1787802,471.27005,False,0.8217947382570283,1239.59670934
0.0,594.0654,False,0.8217947382570283,1239.59670934
0.6800184,542.3819,False,0.8217947382570283,1239.59670934
3.6982287e-16,698.1689,False,0.8217947382570283,1239.59670934
0.30315393,507.7763,False,0.8217947382570283,1239.59670934
3.641675e-29,243.53006,False,0.8217947382570283,1239.59670934
0.0,165.12466,False,0.8217947382570283,1239.59670934
0.0,240.39175,False,0.8217947382570283,1239.59670934
0.0,112.831375,False,0.8217947382570283,1239.59670934
0.09152404,1043.4514,False,0.8217947382570283,1239.59670934
0.0,150.77924,False,0.8217947382570283,1239.59670934
6.7466794e-16,152.92067,False,0.8217947382570283,1239.59670934
0.0,213.4216,False,0.8217947382570283,1239.59670934
0.0,72.51625,False,0.8217947382570283,1239.59670934
0.17094524,1301.1936,False,0.8217947382570283,1239.59670934
0.14588669,1382.5146,False,0.8217947382570283,1239.59670934
0.32440162,1382.1542,False,0.8217947382570283,1239.59670934
0.0,143.60355,False,0.8217947382570283,1239.59670934
9.9255134e-15,324.22562,False,0.8217947382570283,1239.59670934
0.10028073,704.181,False,0.8217947382570283,1239.59670934
0.029804409,1179.5768,False,0.8217947382570283,1239.59670934
0.31166878,1093.8815,False,0.8217947382570283,1239.59670934
0.10511985,300.60782,False,0.8217947382570283,1239.59670934
0.44610265,1233.4749,False,0.8217947382570283,1239.59670934
0.008614668,1194.6216,False,0.8217947382570283,1239.59670934
0.17080982,828.2937,False,0.8217947382570283,1239.59670934
4.4311615e-16,270.05347,False,0.8217947382570283,1239.59670934
0.0,379.47137,False,0.8217947382570283,1239.59670934
0.0,404.68277,False,0.8217947382570283,1239.59670934
0.0,207.09163,False,0.8217947382570283,1239.59670934
0.0,264.03702,False,0.8217947382570283,1239.59670934
0.09761579,609.42786,False,0.8217947382570283,1239.59670934
1.131146e-30,375.10428,False,0.8217947382570283,1239.59670934
0.5589881,608.197,False,0.8217947382570283,1239.59670934
0.22215787,727.7281,False,0.8217947382570283,1239.59670934
0.5420294,681.2382,False,0.8217947382570283,1239.59670934
0.145597,539.24677,False,0.8217947382570283,1239.59670934
0.0,68.54232,False,0.8217947382570283,1239.59670934
3.4531217e-30,502.91287,False,0.8217947382570283,1239.59670934
5.0468436e-16,205.89432,False,0.8217947382570283,1239.59670934
5.0468436e-16,171.38773,False,0.8217947382570283,1239.59670934
0.21474434,531.17456,False,0.8217947382570283,1239.59670934
0.29170236,618.92053,False,0.8217947382570283,1239.59670934
0.48385108,605.578,False,0.8217947382570283,1239.59670934
0.04112565,443.5482,False,0.8217947382570283,1239.59670934
0.47672904,329.38663,False,0.8217947382570283,1239.59670934
0.0,176.7099,False,0.8217947382570283,1239.59670934
3.5572305e-13,129.55162,False,0.8217947382570283,1239.59670934
0.0,386.83295,False,0.8217947382570283,1239.59670934
0.0,290.27658,False,0.8217947382570283,1239.59670934
1.2202785e-15,123.31381,False,0.8217947382570283,1239.59670934
0.5207912,490.33093,False,0.8217947382570283,1239.59670934
0.27648306,509.79303,False,0.8217947382570283,1239.59670934
0.4039865,627.74963,False,0.8217947382570283,1239.59670934
0.0,182.27663,False,0.8217947382570283,1239.59670934
0.0,124.38433,False,0.8217947382570283,1239.59670934
2.7368973e-15,406.54672,False,0.8217947382570283,1239.59670934
0.0,386.5396,False,0.8217947382570283,1239.59670934
0.5132043,490.7085,False,0.8217947382570283,1239.59670934
0.0,302.97955,False,0.8217947382570283,1239.59670934
2.8864702e-15,101.153076,False,0.8217947382570283,1239.59670934
0.31043467,708.10675,False,0.8217947382570283,1239.59670934
0.53652096,621.7584,False,0.8217947382570283,1239.59670934
0.19600108,205.21642,False,0.8217947382570283,1239.59670934
0.58466876,555.9591,False,0.8217947382570283,1239.59670934
0.15113516,580.1022,False,0.8217947382570283,1239.59670934
0.0,277.17795,False,0.8217947382570283,1239.59670934
0.0,317.0324,False,0.8217947382570283,1239.59670934
0.0,392.19058,False,0.8217947382570283,1239.59670934
0.5805712,510.35168,False,0.8217947382570283,1239.59670934
3.4409767e-30,431.81067,False,0.8217947382570283,1239.59670934
0.0,290.90656,False,0.8217947382570283,1239.59670934
0.0,522.406,False,0.8217947382570283,1239.59670934
0.0,245.0647,False,0.8217947382570283,1239.59670934
0.5661434,482.1434,False,0.8217947382570283,1239.59670934
0.0,367.61414,False,0.8217947382570283,1239.59670934
0.34427604,456.20566,False,0.8217947382570283,1239.59670934
0.45148867,588.57306,False,0.8217947382570283,1239.59670934
0.2532075,517.3848,False,0.8217947382570283,1239.59670934
0.17090502,341.35797,False,0.8217947382570283,1239.59670934
0.0,356.15616,False,0.8217947382570283,1239.59670934
0.0,569.52325,False,0.8217947382570283,1239.59670934
0.0,313.9682,False,0.8217947382570283,1239.59670934
0.14170565,394.2079,False,0.8217947382570283,1239.59670934
0.0,563.7706,False,0.8217947382570283,1239.59670934
0.2748312,512.2759,False,0.8217947382570283,1239.59670934
0.0,33.58882,False,0.8217947382570283,1239.59670934
0.0,225.07524,False,0.8217947382570283,1239.59670934
0.18513201,467.4241,False,0.8217947382570283,1239.59670934
0.0,285.5651,False,0.8217947382570283,1239.59670934
2.445004e-16,163.85521,False,0.8217947382570283,1239.59670934
0.27098176,310.41855,False,0.8217947382570283,1239.59670934
0.08758368,432.0241,False,0.8217947382570283,1239.59670934
0.0,540.74066,False,0.8217947382570283,1239.59670934
0.0,465.19977,False,0.8217947382570283,1239.59670934
0.07106621,444.63507,False,0.8217947382570283,1239.59670934
0.24813764,410.45648,False,0.8217947382570283,1239.59670934
0.0808256,734.6333,False,0.8217947382570283,1239.59670934
0.32782954,593.561,False,0.8217947382570283,1239.59670934
0.5426962,860.4246,False,0.8217947382570283,1239.59670934
2.2427923e-14,223.01874,False,0.8217947382570283,1239.59670934
8.437964e-16,178.91017,False,0.8217947382570283,1239.59670934
0.0,250.41528,False,0.8217947382570283,1239.59670934
0.0,147.2938,False,0.8217947382570283,1239.59670934
0.117064506,787.46185,False,0.8217947382570283,1239.59670934
3.7360688e-18,264.04068,False,0.8217947382570283,1239.59670934
1.8827103e-16,343.77716,False,0.8217947382570283,1239.59670934
0.0,93.965454,False,0.8217947382570283,1239.59670934
0.0,97.803444,False,0.8217947382570283,1239.59670934
0.0,412.95633,False,0.8217947382570283,1239.59670934
0.19474941,322.21957,False,0.8217947382570283,1239.59670934
0.0,40.654667,False,0.8217947382570283,1239.59670934
0.13377744,457.05954,False,0.8217947382570283,1239.59670934
8.8103344e-15,63.387238,False,0.8217947382570283,1239.59670934
1.9451387e-15,529.7484,False,0.8217947382570283,1239.59670934
1.9451387e-15,60.234047,False,0.8217947382570283,1239.59670934
1.9451387e-15,53.646515,False,0.8217947382570283,1239.59670934
1.7883911e-13,325.38016,False,0.8217947382570283,1239.59670934
0.0,290.12354,False,0.8217947382570283,1239.59670934
0.027293423,588.73883,False,0.8217947382570283,1239.59670934
0.16262054,532.2593,False,0.8217947382570283,1239.59670934
1.4509608e-16,208.31464,False,0.8217947382570283,1239.59670934
1.4509608e-16,163.36092,False,0.8217947382570283,1239.59670934
0.0,323.5977,False,0.8217947382570283,1239.59670934
0.081144825,430.10303,False,0.8217947382570283,1239.59670934
0.32297245,444.62112,False,0.8217947382570283,1239.59670934
0.50698084,417.6914,False,0.8217947382570283,1239.59670934
7.008726e-16,300.18637,False,0.8217947382570283,1239.59670934
0.0,7.764724,False,0.8217947382570283,1239.59670934
0.0,259.88342,False,0.8217947382570283,1239.59670934
0.72471464,755.8658,False,0.8217947382570283,1239.59670934
0.0,300.6872,False,0.8217947382570283,1239.59670934
0.0,198.43456,False,0.8217947382570283,1239.59670934
0.0,390.78195,False,0.8217947382570283,1239.59670934
0.19966184,298.69794,False,0.8217947382570283,1239.59670934
1.119228e-14,353.6153,False,0.8217947382570283,1239.59670934
0.6052967,640.81195,False,0.8217947382570283,1239.59670934
1.8182617e-16,329.32135,False,0.8217947382570283,1239.59670934
0.0,461.72855,False,0.8217947382570283,1239.59670934
0.26925325,446.15662,False,0.8217947382570283,1239.59670934
0.59223235,545.57434,False,0.8217947382570283,1239.59670934
0.024469163,373.83847,False,0.8217947382570283,1239.59670934
0.0,402.49222,False,0.8217947382570283,1239.59670934
0.0,316.3674,False,0.8217947382570283,1239.59670934
0.0,341.84473,False,0.8217947382570283,1239.59670934
0.0,317.94232,False,0.8217947382570283,1239.59670934
0.582386,710.321,False,0.8217947382570283,1239.59670934
0.0,420.14648,False,0.8217947382570283,1239.59670934
0.5531137,560.83154,False,0.8217947382570283,1239.59670934
1.2456403e-13,109.39029,False,0.8217947382570283,1239.59670934
0.17011428,465.60657,False,0.8217947382570283,1239.59670934
1.0965026e-14,565.71716,False,0.8217947382570283,1239.59670934
3.9483465e-14,291.96313,False,0.8217947382570283,1239.59670934
0.54899794,529.57654,False,0.8217947382570283,1239.59670934
0.0,197.8172,False,0.8217947382570283,1239.59670934
4.058979e-15,353.67307,False,0.8217947382570283,1239.59670934
1.0668882e-13,402.73853,False,0.8217947382570283,1239.59670934
0.0,315.5996,False,0.8217947382570283,1239.59670934
0.5968563,780.9447,False,0.8217947382570283,1239.59670934
0.31494987,449.45038,False,0.8217947382570283,1239.59670934
4.2082162e-14,496.63525,False,0.8217947382570283,1239.59670934
0.6920088,841.64813,False,0.8217947382570283,1239.59670934
0.0,545.1243,False,0.8217947382570283,1239.59670934
0.6329023,1045.8557,False,0.8217947382570283,1239.59670934
0.5787862,722.25806,False,0.8217947382570283,1239.59670934
0.0,276.1128,False,0.8217947382570283,1239.59670934
0.5593168,552.25635,False,0.8217947382570283,1239.59670934
4.4221076e-16,7.764724,False,0.8217947382570283,1239.59670934
0.59886044,670.8859,False,0.8217947382570283,1239.59670934
0.6107419,713.36456,False,0.8217947382570283,1239.59670934
0.58082455,638.9957,False,0.8217947382570283,1239.59670934
0.5801577,622.437,False,0.8217947382570283,1239.59670934
0.0,204.95757,False,0.8217947382570283,1239.59670934
0.56664157,593.214,False,0.8217947382570283,1239.59670934
1.0358641e-14,120.64487,False,0.8217947382570283,1239.59670934
0.14402519,352.7512,False,0.8217947382570283,1239.59670934
0.5422737,593.57104,False,0.8217947382570283,1239.59670934
0.6502529,745.0775,False,0.8217947382570283,1239.59670934
0.6761711,825.3242,False,0.8217947382570283,1239.59670934
6.1475354e-16,212.42073,False,0.8217947382570283,1239.59670934
0.63584054,840.6925,False,0.8217947382570283,1239.59670934
0.102005646,371.57062,False,0.8217947382570283,1239.59670934
3.8917397e-16,519.53876,False,0.8217947382570283,1239.59670934
0.5145909,455.89618,False,0.8217947382570283,1239.59670934
0.0,331.55167,False,0.8217947382570283,1239.59670934
0.0,420.63602,False,0.8217947382570283,1239.59670934
0.78828114,1178.7958,False,0.8217947382570283,1239.59670934
0.7201149,828.7885,False,0.8217947382570283,1239.59670934
0.73418033,737.4315,False,0.8217947382570283,1239.59670934
0.0,493.66342,False,0.8217947382570283,1239.59670934
0.7118219,890.9571,False,0.8217947382570283,1239.59670934
2.9865667e-14,315.4473,False,0.8217947382570283,1239.59670934
0.0,444.26315,False,0.8217947382570283,1239.59670934
7.854758e-15,247.65854,False,0.8217947382570283,1239.59670934
0.67121,597.24207,False,0.8217947382570283,1239.59670934
0.0,537.7981,False,0.8217947382570283,1239.59670934
0.78345543,1096.9341,False,0.8217947382570283,1239.59670934
0.0,203.57823,False,0.8217947382570283,1239.59670934
0.6503699,653.93646,False,0.8217947382570283,1239.59670934
0.7356589,665.603,False,0.8217947382570283,1239.59670934
0.70302707,804.76215,False,0.8217947382570283,1239.59670934
0.82179475,1672.2213,False,0.8217947382570283,1239.59670934
8.3655664e-14,121.13316,False,0.8217947382570283,1239.59670934
0.6846385,570.02844,False,0.8217947382570283,1239.59670934
0.5081628,523.79956,False,0.8217947382570283,1239.59670934
5.8374898e-15,253.75655,False,0.8217947382570283,1239.59670934
0.6381948,652.27576,False,0.8217947382570283,1239.59670934
0.0,297.22885,False,0.8217947382570283,1239.59670934
0.0,275.7316,False,0.8217947382570283,1239.59670934
1.4318065e-16,331.3168,False,0.8217947382570283,1239.59670934
0.62726444,619.93463,False,0.8217947382570283,1239.59670934
0.5295109,447.5164,False,0.8217947382570283,1239.59670934
0.0,7.764724,False,0.8217947382570283,1239.59670934
0.0,322.46466,False,0.8217947382570283,1239.59670934
0.56638885,508.94315,False,0.8217947382570283,1239.59670934
0.57833517,533.91907,False,0.8217947382570283,1239.59670934
0.0,257.61002,False,0.8217947382570283,1239.59670934
0.58863115,550.8196,False,0.8217947382570283,1239.59670934
0.5730161,523.36084,False,0.8217947382570283,1239.59670934
0.6815202,742.98346,False,0.8217947382570283,1239.59670934
0.6126745,588.79956,False,0.8217947382570283,1239.59670934
0.6440464,639.6781,False,0.8217947382570283,1239.59670934
0.60761154,576.5366,False,0.8217947382570283,1239.59670934
2.4327027e-16,410.89746,False,0.8217947382570283,1239.59670934
0.6757462,732.6941,False,0.8217947382570283,1239.59670934
0.6896699,786.05334,False,0.8217947382570283,1239.59670934
0.0,162.55963,False,0.8217947382570283,1239.59670934
0.5738987,424.82986,False,0.8217947382570283,1239.59670934
0.6637557,607.44604,False,0.8217947382570283,1239.59670934
0.6623861,620.24634,False,0.8217947382570283,1239.59670934
0.6868112,669.6868,False,0.8217947382570283,1239.59670934
0.0,18.50759,False,0.8217947382570283,1239.59670934
0.39280072,288.717,False,0.8217947382570283,1239.59670934
1.6674416e-15,77.64724,False,0.8217947382570283,1239.59670934
1.7598129e-29,349.27502,False,0.8217947382570283,1239.59670934
3.0636324e-30,113.12946,False,0.8217947382570283,1239.59670934
0.0,15.4506235,False,0.8217947382570283,1239.59670934
0.6738528,559.23376,False,0.8217947382570283,1239.59670934
0.59806085,465.64484,False,0.8217947382570283,1239.59670934
0.62314945,502.89087,False,0.8217947382570283,1239.59670934
0.6896074,582.7764,False,0.8217947382570283,1239.59670934
0.6642671,585.38477,False,0.8217947382570283,1239.59670934
0.6740791,628.09814,False,0.8217947382570283,1239.59670934
0.6463679,635.7427,False,0.8217947382570283,1239.59670934
0.21720773,353.08118,False,0.8217947382570283,1239.59670934
0.6539868,581.54974,False,0.8217947382570283,1239.59670934
0.61092407,525.12836,False,0.8217947382570283,1239.59670934
1.6794417e-16,378.28625,False,0.8217947382570283,1239.59670934
0.6157282,552.80774,False,0.8217947382570283,1239.59670934
0.0,427.11954,False,0.8217947382570283,1239.59670934
6.5383015e-15,236.5781,False,0.8217947382570283,1239.59670934
0.6718202,717.15546,False,0.8217947382570283,1239.59670934
0.6611609,662.3423,False,0.8217947382570283,1239.59670934
1.5577886e-15,497.44595,False,0.8217947382570283,1239.59670934
0.62913185,581.8017,False,0.8217947382570283,1239.59670934
0.66087043,671.22095,False,0.8217947382570283,1239.59670934
0.0,349.60297,False,0.8217947382570283,1239.59670934
3.1264194e-15,7.764724,False,0.8217947382570283,1239.59670934
0.6346936,598.11444,False,0.8217947382570283,1239.59670934
0.533025,591.01196,False,0.8217947382570283,1239.59670934
1.9663912e-15,169.04054,False,0.8217947382570283,1239.59670934
0.0,477.2817,False,0.8217947382570283,1239.59670934
0.0,492.12125,False,0.8217947382570283,1239.59670934
0.0,345.82562,False,0.8217947382570283,1239.59670934
0.6244497,615.0299,False,0.8217947382570283,1239.59670934
0.81606567,1405.2489,False,0.8217947382570283,1239.59670934
0.5606605,436.56845,False,0.8217947382570283,1239.59670934
0.4605745,361.20514,False,0.8217947382570283,1239.59670934
0.57657236,447.5471,False,0.8217947382570283,1239.59670934
0.82179475,1473.0262,False,0.8217947382570283,1239.59670934
0.6373084,545.76154,False,0.8217947382570283,1239.59670934
1.75248e-14,7.764724,False,0.8217947382570283,1239.59670934
0.67596745,628.68787,False,0.8217947382570283,1239.59670934
0.5127427,408.84955,False,0.8217947382570283,1239.59670934
0.63490224,512.3412,False,0.8217947382570283,1239.59670934
0.6039404,480.84167,False,0.8217947382570283,1239.59670934
0.584901,465.52554,False,0.8217947382570283,1239.59670934
3.6848606e-15,306.20773,False,0.8217947382570283,1239.59670934
0.0,405.24203,False,0.8217947382570283,1239.59670934
0.46937189,391.36087,False,0.8217947382570283,1239.59670934
0.0,425.5044,False,0.8217947382570283,1239.59670934
0.4936135,380.55417,False,0.8217947382570283,1239.59670934
0.6815989,658.71265,False,0.8217947382570283,1239.59670934
0.7954803,1017.5852,False,0.8217947382570283,1239.59670934
8.769865e-16,7.764724,False,0.8217947382570283,1239.59670934
0.57501614,470.9588,False,0.8217947382570283,1239.59670934
1.1458483e-29,285.41904,False,0.8217947382570283,1239.59670934
0.0,324.98645,False,0.8217947382570283,1239.59670934
0.0,246.07933,False,0.8217947382570283,1239.59670934
0.0,482.008,False,0.8217947382570283,1239.59670934
0.0,404.79474,False,0.8217947382570283,1239.59670934
0.46629775,434.41412,False,0.8217947382570283,1239.59670934
0.0,399.7331,False,0.8217947382570283,1239.59670934
5.1444525e-16,189.8836,False,0.8217947382570283,1239.59670934
0.55855274,599.1327,False,0.8217947382570283,1239.59670934
2.0002992e-15,449.1416,False,0.8217947382570283,1239.59670934
0.0,211.31917,False,0.8217947382570283,1239.59670934
6.5948074e-16,211.54459,False,0.8217947382570283,1239.59670934
1.2877648e-14,297.87323,False,0.8217947382570283,1239.59670934
7.254722e-30,518.04047,False,0.8217947382570283,1239.59670934
0.0,545.3436,False,0.8217947382570283,1239.59670934
0.28378338,861.7482,False,0.8217947382570283,1239.59670934
0.47241443,623.3537,False,0.8217947382570283,1239.59670934
1.1983002e-30,443.0495,False,0.8217947382570283,1239.59670934
0.0,300.78864,False,0.8217947382570283,1239.59670934
0.4466829,578.3889,False,0.8217947382570283,1239.59670934
0.48497084,437.48712,False,0.8217947382570283,1239.59670934
0.6860059,686.27936,False,0.8217947382570283,1239.59670934
0.5806138,528.5945,False,0.8217947382570283,1239.59670934
0.60904473,554.4364,False,0.8217947382570283,1239.59670934
0.74942017,836.60266,False,0.8217947382570283,1239.59670934
0.62566817,643.58936,False,0.8217947382570283,1239.59670934
0.5696906,546.3669,False,0.8217947382570283,1239.59670934
0.51411057,458.38434,False,0.8217947382570283,1239.59670934
0.3903538,366.90356,False,0.8217947382570283,1239.59670934
0.43301588,379.7315,False,0.8217947382570283,1239.59670934
0.6181058,562.2092,False,0.8217947382570283,1239.59670934
0.7236986,751.3286,False,0.8217947382570283,1239.59670934
0.62912863,621.72473,False,0.8217947382570283,1239.59670934
0.6342254,626.87256,False,0.8217947382570283,1239.59670934
0.7262085,760.16077,False,0.8217947382570283,1239.59670934
2.5896603e-15,566.2266,False,0.8217947382570283,1239.59670934
0.66591567,649.0542,False,0.8217947382570283,1239.59670934
0.59434795,600.8277,False,0.8217947382570283,1239.59670934
0.0,12.167561,False,0.8217947382570283,1239.59670934
0.4796148,445.18326,False,0.8217947382570283,1239.59670934
0.82179475,718.2471,False,0.8217947382570283,1239.59670934
0.2653653,324.65967,False,0.8217947382570283,1239.59670934
0.82179475,1104.269,False,0.8217947382570283,1239.59670934
0.82179475,780.5711,False,0.8217947382570283,1239.59670934
0.82179475,564.01636,False,0.8217947382570283,1239.59670934
0.82179475,491.38583,False,0.8217947382570283,1239.59670934
0.0,437.01648,False,0.8217947382570283,1239.59670934
0.7105232,499.1863,False,0.8217947382570283,1239.59670934
0.0,260.12817,False,0.8217947382570283,1239.59670934
0.0,204.33751,False,0.8217947382570283,1239.59670934
0.82179475,734.877,False,0.8217947382570283,1239.59670934
0.82179475,782.542,False,0.8217947382570283,1239.59670934
0.0,84.05477,False,0.8217947382570283,1239.59670934
0.0,367.0375,False,0.8217947382570283,1239.59670934
4.9643993e-30,191.2353,False,0.8217947382570283,1239.59670934
0.24707916,413.79483,False,0.8217947382570283,1239.59670934
0.23435183,522.6798,False,0.8217947382570283,1239.59670934
0.82179475,772.2682,False,0.8217947382570283,1239.59670934
0.82179475,644.07324,False,0.8217947382570283,1239.59670934
0.0,403.005,False,0.8217947382570283,1239.59670934
0.0,12.610576,False,0.8217947382570283,1239.59670934
0.8190085,678.32416,False,0.8217947382570283,1239.59670934
0.7990806,497.48914,False,0.8217947382570283,1239.59670934
0.11056427,405.62524,False,0.8217947382570283,1239.59670934
0.53917867,391.98056,False,0.8217947382570283,1239.59670934
9.414934e-17,532.9151,False,0.8217947382570283,1239.59670934
0.8018636,460.57693,False,0.8217947382570283,1239.59670934
0.0,257.8702,False,0.8217947382570283,1239.59670934
0.0,455.1039,False,0.8217947382570283,1239.59670934
1.0640005e-31,224.74562,False,0.8217947382570283,1239.59670934
0.82179475,544.52625,False,0.8217947382570283,1239.59670934
0.0,277.81238,False,0.8217947382570283,1239.59670934
0.39536655,422.9617,False,0.8217947382570283,1239.59670934
0.0,144.06543,False,0.8217947382570283,1239.59670934
0.78148097,467.2379,False,0.8217947382570283,1239.59670934
0.0,380.7336,False,0.8217947382570283,1239.59670934
0.0,396.6859,False,0.8217947382570283,1239.59670934
4.967095e-31,319.44293,False,0.8217947382570283,1239.59670934
0.5746124,421.6942,False,0.8217947382570283,1239.59670934
0.0,447.81613,False,0.8217947382570283,1239.59670934
0.0,7.764724,False,0.8217947382570283,1239.59670934
0.11529569,391.99506,False,0.8217947382570283,1239.59670934
0.82179475,511.91095,False,0.8217947382570283,1239.59670934
0.16088952,574.1669,False,0.8217947382570283,1239.59670934
0.82179475,466.1522,False,0.8217947382570283,1239.59670934
0.0,367.151,False,0.8217947382570283,1239.59670934
1.6208392e-14,190.2969,False,0.8217947382570283,1239.59670934
0.0,289.57367,False,0.8217947382570283,1239.59670934
2.9773983e-15,276.18726,False,0.8217947382570283,1239.59670934
0.0,222.91795,False,0.8217947382570283,1239.59670934
0.0,255.50407,False,0.8217947382570283,1239.59670934
3.1439227e-14,309.4228,False,0.8217947382570283,1239.59670934
5.853589e-15,206.37537,False,0.8217947382570283,1239.59670934
0.6085361,678.6177,False,0.8217947382570283,1239.59670934
4.686542e-14,278.76575,False,0.8217947382570283,1239.59670934
0.82179475,641.5099,False,0.8217947382570283,1239.59670934
0.60878795,1139.196,False,0.8217947382570283,1239.59670934
0.82179475,611.168,False,0.8217947382570283,1239.59670934
0.82179475,491.28064,False,0.8217947382570283,1239.59670934
0.15425587,607.3209,False,0.8217947382570283,1239.59670934
0.82179475,437.58078,False,0.8217947382570283,1239.59670934
0.81868356,401.71948,False,0.8217947382570283,1239.59670934
0.82179475,503.17682,False,0.8217947382570283,1239.59670934
0.82179475,491.79788,False,0.8217947382570283,1239.59670934
0.82179475,426.3316,False,0.8217947382570283,1239.59670934
0.11688794,270.24963,False,0.8217947382570283,1239.59670934
0.28032848,289.70715,False,0.8217947382570283,1239.59670934
0.33347094,332.22333,False,0.8217947382570283,1239.59670934
0.82179475,446.3342,False,0.8217947382570283,1239.59670934
0.82179475,441.17236,False,0.8217947382570283,1239.59670934
0.82179475,489.1805,False,0.8217947382570283,1239.59670934
0.8108202,1080.8867,False,0.8217947382570283,1239.59670934
0.8027562,1052.4044,False,0.8217947382570283,1239.59670934
0.3205541,433.62946,False,0.8217947382570283,1239.59670934
0.5608541,773.0824,False,0.8217947382570283,1239.59670934
0.0,335.27704,False,0.8217947382570283,1239.59670934
0.8170878,1482.7476,False,0.8217947382570283,1239.59670934
0.82179475,546.9362,False,0.8217947382570283,1239.59670934
0.2761335,735.0765,False,0.8217947382570283,1239.59670934
0.0,307.00842,False,0.8217947382570283,1239.59670934
3.8230507e-30,152.3705,False,0.8217947382570283,1239.59670934
0.82179475,500.2036,False,0.8217947382570283,1239.59670934
0.82179475,424.65237,False,0.8217947382570283,1239.59670934
0.82179475,386.97513,False,0.8217947382570283,1239.59670934
0.82179475,466.03394,False,0.8217947382570283,1239.59670934
0.82179475,365.67532,False,0.8217947382570283,1239.59670934
0.58725023,610.6688,False,0.8217947382570283,1239.59670934
3.8074872e-15,7.764724,False,0.8217947382570283,1239.59670934
0.8141027,338.01135,False,0.8217947382570283,1239.59670934
0.81528926,317.0087,False,0.8217947382570283,1239.59670934
0.7898341,341.44284,False,0.8217947382570283,1239.59670934
0.82179475,508.44144,False,0.8217947382570283,1239.59670934
0.82179475,434.30078,False,0.8217947382570283,1239.59670934
0.0,255.45755,False,0.8217947382570283,1239.59670934
0.82179475,459.73212,False,0.8217947382570283,1239.59670934
0.81324077,330.73438,False,0.8217947382570283,1239.59670934
0.693647,752.3651,False,0.8217947382570283,1239.59670934
0.6287214,1015.99786,False,0.8217947382570283,1239.59670934
0.8194374,393.62653,False,0.8217947382570283,1239.59670934
0.7998948,780.74963,False,0.8217947382570283,1239.59670934
0.0,291.86642,False,0.8217947382570283,1239.59670934
0.82179475,375.64023,False,0.8217947382570283,1239.59670934
0.80664945,1106.2302,False,0.8217947382570283,1239.59670934
0.7728199,539.1703,False,0.8217947382570283,1239.59670934
2.608843e-14,163.94315,False,0.8217947382570283,1239.59670934
0.4671201,625.30817,False,0.8217947382570283,1239.59670934
0.0,91.12062,False,0.8217947382570283,1239.59670934
0.82179475,406.0561,False,0.8217947382570283,1239.59670934
0.0,7.764724,False,0.8217947382570283,1239.59670934
0.82179475,449.05353,False,0.8217947382570283,1239.59670934
0.34214652,678.23346,False,0.8217947382570283,1239.59670934
0.0,271.72974,False,0.8217947382570283,1239.59670934
0.82179475,760.3929,False,0.8217947382570283,1239.59670934
0.82179475,481.50064,False,0.8217947382570283,1239.59670934
0.0,328.08023,False,0.8217947382570283,1239.59670934
0.0,201.55693,False,0.8217947382570283,1239.59670934
0.73112184,711.60114,False,0.8217947382570283,1239.59670934
0.37817094,393.63153,False,0.8217947382570283,1239.59670934
0.0,162.53616,False,0.8217947382570283,1239.59670934
0.36279857,503.2683,False,0.8217947382570283,1239.59670934
0.8125626,783.4713,False,0.8217947382570283,1239.59670934
9.065846e-16,262.90756,False,0.8217947382570283,1239.59670934
0.82179475,356.85376,False,0.8217947382570283,1239.59670934
0.5578252,741.1811,False,0.8217947382570283,1239.59670934
0.82179475,385.7676,False,0.8217947382570283,1239.59670934
0.82179475,448.1908,False,0.8217947382570283,1239.59670934
0.82179475,428.72177,False,0.8217947382570283,1239.59670934
6.1917584e-16,525.783,False,0.8217947382570283,1239.59670934
0.82179475,1000.12415,False,0.8217947382570283,1239.59670934
0.0,68.54232,False,0.8217947382570283,1239.59670934
0.82179475,394.87286,False,0.8217947382570283,1239.59670934
0.43088135,817.7426,False,0.8217947382570283,1239.59670934
0.56289065,763.1977,False,0.8217947382570283,1239.59670934
0.11990487,321.14105,False,0.8217947382570283,1239.59670934
0.82179475,302.5029,False,0.8217947382570283,1239.59670934
0.82179475,321.0578,False,0.8217947382570283,1239.59670934
0.0,191.7351,False,0.8217947382570283,1239.59670934
0.0,140.53625,False,0.8217947382570283,1239.59670934
0.6131522,584.3968,False,0.8217947382570283,1239.59670934
0.82179475,1485.3116,False,0.8217947382570283,1239.59670934
0.0,252.81982,False,0.8217947382570283,1239.59670934
0.0,230.40114,False,0.8217947382570283,1239.59670934
0.82179475,386.6842,False,0.8217947382570283,1239.59670934
0.0,208.10075,False,0.8217947382570283,1239.59670934
0.82179475,437.9037,False,0.8217947382570283,1239.59670934
3.834826e-15,7.764724,False,0.8217947382570283,1239.59670934
0.47722033,861.3113,False,0.8217947382570283,1239.59670934
0.82179475,1460.3131,False,0.8217947382570283,1239.59670934
0.17943828,351.0687,False,0.8217947382570283,1239.59670934
0.82179475,410.8528,False,0.8217947382570283,1239.59670934
0.82179475,416.36978,False,0.8217947382570283,1239.59670934
0.7857218,766.2014,False,0.8217947382570283,1239.59670934
3.5883657e-15,233.77396,False,0.8217947382570283,1239.59670934
0.82179475,474.9296,False,0.8217947382570283,1239.59670934
0.82179475,373.96854,False,0.8217947382570283,1239.59670934
8.395863e-16,843.7066,False,0.8217947382570283,1239.59670934
1.1918082e-30,255.75768,False,0.8217947382570283,1239.59670934
0.4364374,847.8481,False,0.8217947382570283,1239.59670934
0.82179475,1009.61444,False,0.8217947382570283,1239.59670934
0.82179475,729.77734,False,0.8217947382570283,1239.59670934
0.0,336.23346,False,0.8217947382570283,1239.59670934
2.496412e-15,206.45032,False,0.8217947382570283,1239.59670934
2.496412e-15,47.500996,False,0.8217947382570283,1239.59670934
2.496412e-15,82.72331,False,0.8217947382570283,1239.59670934
0.052087374,448.44394,False,0.8217947382570283,1239.59670934
2.2757995e-14,159.22888,False,0.8217947382570283,1239.59670934
0.25604168,918.7111,False,0.8217947382570283,1239.59670934
0.07119738,322.6845,False,0.8217947382570283,1239.59670934
0.0,196.96935,False,0.8217947382570283,1239.59670934
6.3200776e-16,67.850075,False,0.8217947382570283,1239.59670934
0.092918664,276.11697,False,0.8217947382570283,1239.59670934
0.39197198,383.7595,False,0.8217947382570283,1239.59670934
9.848721e-16,306.86154,False,0.8217947382570283,1239.59670934
0.25300044,310.24515,False,0.8217947382570283,1239.59670934
0.0,164.93665,False,0.8217947382570283,1239.59670934
0.4039661,559.0541,False,0.8217947382570283,1239.59670934
0.0,375.11707,False,0.8217947382570283,1239.59670934
0.1766441,666.8506,False,0.8217947382570283,1239.59670934
0.26122928,360.61084,False,0.8217947382570283,1239.59670934
3.8040978e-16,472.192,False,0.8217947382570283,1239.59670934
0.0,343.24643,False,0.8217947382570283,1239.59670934
0.82179475,1061.7493,False,0.8217947382570283,1239.59670934
0.038028248,408.80423,False,0.8217947382570283,1239.59670934
0.82179475,1497.6068,False,0.8217947382570283,1239.59670934
2.3874433e-15,358.32635,False,0.8217947382570283,1239.59670934
0.44027966,574.63715,False,0.8217947382570283,1239.59670934
0.0,242.69974,False,0.8217947382570283,1239.59670934
0.0,345.61835,False,0.8217947382570283,1239.59670934
0.14432104,617.01135,False,0.8217947382570283,1239.59670934
0.0,150.97394,False,0.8217947382570283,1239.59670934
0.0,263.99234,False,0.8217947382570283,1239.59670934
0.82179475,695.9321,False,0.8217947382570283,1239.59670934
0.82179475,695.49347,False,0.8217947382570283,1239.59670934
0.0,138.42484,False,0.8217947382570283,1239.59670934
0.0,372.85062,False,0.8217947382570283,1239.59670934
0.0,463.46857,False,0.8217947382570283,1239.59670934
0.0,395.91962,False,0.8217947382570283,1239.59670934
0.0,296.5961,False,0.8217947382570283,1239.59670934
0.43030724,717.7651,False,0.8217947382570283,1239.59670934
0.0,245.83186,False,0.8217947382570283,1239.59670934
0.0,68.69116,False,0.8217947382570283,1239.59670934
0.6574385,236.0908,False,0.8217947382570283,1239.59670934
0.82179475,263.38293,True,0.8217947382570283,1239.59670934
0.0,114.370316,False,0.8217947382570283,1239.59670934
0.42416322,413.63672,False,0.8217947382570283,1239.59670934
8.568107e-06,220.44366,False,0.8217947382570283,1239.59670934
0.82179475,331.76352,False,0.8217947382570283,1239.59670934
0.0,129.46463,False,0.8217947382570283,1239.59670934
1.5964807e-15,45.393623,False,0.8217947382570283,1239.59670934
0.0,184.46059,False,0.8217947382570283,1239.59670934
0.38388577,600.1517,False,0.8217947382570283,1239.59670934
0.82179475,471.9028,False,0.8217947382570283,1239.59670934
0.070540965,376.8984,False,0.8217947382570283,1239.59670934
6.1710606e-14,118.35482,False,0.8217947382570283,1239.59670934
4.9585126e-14,206.99225,False,0.8217947382570283,1239.59670934
0.7618222,265.26724,False,0.8217947382570283,1239.59670934
0.8044291,1001.6924,False,0.8217947382570283,1239.59670934
0.63899434,302.8237,False,0.8217947382570283,1239.59670934
0.32927004,383.34607,False,0.8217947382570283,1239.59670934
0.06736117,342.91058,False,0.8217947382570283,1239.59670934
4.0571493e-15,187.05908,False,0.8217947382570283,1239.59670934
0.0,324.94943,False,0.8217947382570283,1239.59670934
0.82179475,404.52527,False,0.8217947382570283,1239.59670934
0.0,538.4845,False,0.8217947382570283,1239.59670934
0.0,352.7948,False,0.8217947382570283,1239.59670934
0.6543094,768.96295,False,0.8217947382570283,1239.59670934
0.82179475,689.75336,False,0.8217947382570283,1239.59670934
5.748849e-15,218.50458,False,0.8217947382570283,1239.59670934
0.25851977,395.42477,False,0.8217947382570283,1239.59670934
1.6912572e-28,152.32243,False,0.8217947382570283,1239.59670934
0.6093758,681.0038,False,0.8217947382570283,1239.59670934
0.82179475,440.96252,False,0.8217947382570283,1239.59670934
0.29262906,556.30585,False,0.8217947382570283,1239.59670934
0.0,236.83786,False,0.8217947382570283,1239.59670934
0.0854934,393.5367,False,0.8217947382570283,1239.59670934
0.76692337,915.0959,False,0.8217947382570283,1239.59670934
0.21936734,1026.7139,False,0.8217947382570283,1239.59670934
0.3323688,504.71133,False,0.8217947382570283,1239.59670934
0.32693374,1221.5891,False,0.8217947382570283,1239.59670934
1.1427606e-13,281.89844,False,0.8217947382570283,1239.59670934
0.8075487,729.7502,False,0.8217947382570283,1239.59670934
0.0,241.46756,False,0.8217947382570283,1239.59670934
6.47813e-15,7.764724,False,0.8217947382570283,1239.59670934
0.6654246,683.4295,False,0.8217947382570283,1239.59670934
0.078764185,462.20328,False,0.8217947382570283,1239.59670934
0.7150057,469.6707,False,0.8217947382570283,1239.59670934
0.41175476,481.6553,False,0.8217947382570283,1239.59670934
0.0,356.12946,False,0.8217947382570283,1239.59670934
0.0,196.27652,False,0.8217947382570283,1239.59670934
0.0,217.54372,False,0.8217947382570283,1239.59670934
0.0,485.22324,False,0.8217947382570283,1239.59670934
0.0,731.37805,False,0.8217947382570283,1239.59670934
0.37830505,407.34546,False,0.8217947382570283,1239.59670934
0.69638723,361.28632,False,0.8217947382570283,1239.59670934
0.0,120.053856,False,0.8217947382570283,1239.59670934
0.051866826,329.97897,False,0.8217947382570283,1239.59670934
8.690313e-16,176.98936,False,0.8217947382570283,1239.59670934
0.0,205.98341,False,0.8217947382570283,1239.59670934
3.0294483e-15,137.57759,False,0.8217947382570283,1239.59670934
0.14137042,345.3397,False,0.8217947382570283,1239.59670934
0.82179475,287.24518,False,0.8217947382570283,1239.59670934
0.66136247,708.04675,False,0.8217947382570283,1239.59670934
0.80832475,369.33844,False,0.8217947382570283,1239.59670934
0.82179475,316.28497,False,0.8217947382570283,1239.59670934
1.4175558e-30,265.83243,False,0.8217947382570283,1239.59670934
0.0,252.64154,False,0.8217947382570283,1239.59670934
5.8373985e-16,7.764724,False,0.8217947382570283,1239.59670934
0.0,432.50113,False,0.8217947382570283,1239.59670934
0.08134982,346.07477,False,0.8217947382570283,1239.59670934
0.0,227.34265,False,0.8217947382570283,1239.59670934
0.19854894,640.0976,False,0.8217947382570283,1239.59670934
0.1607723,306.54715,False,0.8217947382570283,1239.59670934
0.82179475,775.235,False,0.8217947382570283,1239.59670934
0.81411994,269.06293,False,0.8217947382570283,1239.59670934
0.0,210.1308,False,0.8217947382570283,1239.59670934
0.004951449,206.49292,False,0.8217947382570283,1239.59670934
0.091105394,396.11328,False,0.8217947382570283,1239.59670934
0.5058928,755.70807,False,0.8217947382570283,1239.59670934
0.116142265,390.7848,False,0.8217947382570283,1239.59670934
0.42200416,411.74265,False,0.8217947382570283,1239.59670934
0.82179475,739.0881,False,0.8217947382570283,1239.59670934
0.82179475,752.8191,False,0.8217947382570283,1239.59670934
0.8089193,997.7538,False,0.8217947382570283,1239.59670934
0.82179475,467.89,False,0.8217947382570283,1239.59670934
0.7669081,307.1722,False,0.8217947382570283,1239.59670934
0.203659,490.06006,False,0.8217947382570283,1239.59670934
0.8024389,335.97104,False,0.8217947382570283,1239.59670934
3.089667e-15,227.16974,False,0.8217947382570283,1239.59670934
0.82179475,377.23013,False,0.8217947382570283,1239.59670934
0.06791507,163.28224,False,0.8217947382570283,1239.59670934
0.82179475,623.12683,False,0.8217947382570283,1239.59670934
0.38393292,210.83609,False,0.8217947382570283,1239.59670934
0.63019305,530.85815,False,0.8217947382570283,1239.59670934
0.24235374,595.32355,False,0.8217947382570283,1239.59670934
0.82179475,1410.1294,False,0.8217947382570283,1239.59670934
0.58883005,262.15604,False,0.8217947382570283,1239.59670934
0.0,408.26642,False,0.8217947382570283,1239.59670934
0.69631076,267.64444,False,0.8217947382570283,1239.59670934
1.04490476e-14,279.72964,False,0.8217947382570283,1239.59670934
0.6711989,285.5911,False,0.8217947382570283,1239.59670934
0.8197496,320.23593,False,0.8217947382570283,1239.59670934
0.82179475,528.7218,False,0.8217947382570283,1239.59670934
0.0,698.44476,False,0.8217947382570283,1239.59670934
0.80853087,283.47098,False,0.8217947382570283,1239.59670934
0.82179475,365.78296,False,0.8217947382570283,1239.59670934
1.3948042e-17,295.499,False,0.8217947382570283,1239.59670934
0.0,139.87576,False,0.8217947382570283,1239.59670934
0.0,270.95984,False,0.8217947382570283,1239.59670934
0.0,227.49084,False,0.8217947382570283,1239.59670934
0.0,189.8043,False,0.8217947382570283,1239.59670934
0.051392257,531.39124,False,0.8217947382570283,1239.59670934
0.70293367,719.7502,False,0.8217947382570283,1239.59670934
1.7905839e-31,238.28906,False,0.8217947382570283,1239.59670934
0.8207228,950.45703,False,0.8217947382570283,1239.59670934
0.12500319,623.2854,False,0.8217947382570283,1239.59670934
0.0,342.3518,False,0.8217947382570283,1239.59670934
0.82179475,306.76596,False,0.8217947382570283,1239.59670934
0.6476052,598.6329,False,0.8217947382570283,1239.59670934
0.0,149.10828,False,0.8217947382570283,1239.59670934
0.4758407,521.59796,False,0.8217947382570283,1239.59670934
0.82179475,414.39023,False,0.8217947382570283,1239.59670934
2.1446531e-13,344.99078,False,0.8217947382570283,1239.59670934
0.82179475,656.8923,False,0.8217947382570283,1239.59670934
2.4256908e-15,7.764724,False,0.8217947382570283,1239.59670934
0.0,7.764724,False,0.8217947382570283,1239.59670934
0.0,605.90375,False,0.8217947382570283,1239.59670934
0.5612941,919.9381,False,0.8217947382570283,1239.59670934
0.43109477,953.25336,False,0.8217947382570283,1239.59670934
3.7507762e-15,186.9508,False,0.8217947382570283,1239.59670934
0.4452502,710.91785,False,0.8217947382570283,1239.59670934
0.45570078,625.7642,False,0.8217947382570283,1239.59670934
0.6342232,606.4629,False,0.8217947382570283,1239.59670934
0.48428062,499.73407,False,0.8217947382570283,1239.59670934
0.82179475,493.8298,True,0.8217947382570283,1239.59670934
5.0190825e-13,225.27347,False,0.8217947382570283,1239.59670934
0.31223866,686.1856,False,0.8217947382570283,1239.59670934
6.3606855e-14,320.83615,False,0.8217947382570283,1239.59670934
0.0,94.14787,False,0.8217947382570283,1239.59670934
0.82179475,480.52823,False,0.8217947382570283,1239.59670934
9.513009e-15,298.41278,False,0.8217947382570283,1239.59670934
0.74941105,311.0265,False,0.8217947382570283,1239.59670934
0.59215564,283.41614,False,0.8217947382570283,1239.59670934
0.82179475,761.26794,False,0.8217947382570283,1239.59670934
0.82179475,1069.5487,False,0.8217947382570283,1239.59670934
0.62115425,712.5778,False,0.8217947382570283,1239.59670934
0.62779063,281.3981,False,0.8217947382570283,1239.59670934
0.82179475,648.6639,False,0.8217947382570283,1239.59670934
0.77512807,317.9042,False,0.8217947382570283,1239.59670934
0.82179475,787.577,False,0.8217947382570283,1239.59670934
0.0,91.1505,False,0.8217947382570283,1239.59670934
0.0,214.51085,False,0.8217947382570283,1239.59670934
0.7359688,308.54526,False,0.8217947382570283,1239.59670934
5.313845e-17,483.02972,False,0.8217947382570283,1239.59670934
1.5234132e-30,399.94986,False,0.8217947382570283,1239.59670934
5.1107766e-15,354.91962,False,0.8217947382570283,1239.59670934
0.82179475,752.0601,False,0.8217947382570283,1239.59670934
0.53643024,555.39276,False,0.8217947382570283,1239.59670934
0.0,537.47034,False,0.8217947382570283,1239.59670934
0.37960732,231.25616,False,0.8217947382570283,1239.59670934
0.5857643,466.7437,False,0.8217947382570283,1239.59670934
0.82179475,723.23334,False,0.8217947382570283,1239.59670934
0.82179475,800.6217,False,0.8217947382570283,1239.59670934
0.82179475,458.07492,False,0.8217947382570283,1239.59670934
0.54618,409.00162,False,0.8217947382570283,1239.59670934
0.0,350.40875,False,0.8217947382570283,1239.59670934
0.0,377.69135,False,0.8217947382570283,1239.59670934
0.82179475,472.79553,False,0.8217947382570283,1239.59670934
9.6680646e-15,96.77286,False,0.8217947382570283,1239.59670934
2.8001207e-16,114.31406,False,0.8217947382570283,1239.59670934
0.64718664,1290.197,False,0.8217947382570283,1239.59670934
9.94348e-14,342.4121,False,0.8217947382570283,1239.59670934
0.0,369.2664,False,0.8217947382570283,1239.59670934
0.32435343,839.46857,False,0.8217947382570283,1239.59670934
1.6028058e-13,281.56738,False,0.8217947382570283,1239.59670934
2.1725145e-14,221.67949,False,0.8217947382570283,1239.59670934
0.1144991,391.06174,False,0.8217947382570283,1239.59670934
0.0,253.28955,False,0.8217947382570283,1239.59670934
0.0,313.56818,False,0.8217947382570283,1239.59670934
0.82179475,526.00256,False,0.8217947382570283,1239.59670934
0.82179475,623.0151,False,0.8217947382570283,1239.59670934
0.82179475,766.9114,False,0.8217947382570283,1239.59670934
0.6518643,283.1524,False,0.8217947382570283,1239.59670934
0.82179475,508.0255,False,0.8217947382570283,1239.59670934
0.8075013,345.33353,False,0.8217947382570283,1239.59670934
0.5580735,267.44586,False,0.8217947382570283,1239.59670934
0.82179475,742.73303,False,0.8217947382570283,1239.59670934
0.77047765,320.6735,False,0.8217947382570283,1239.59670934
0.0,169.153,False,0.8217947382570283,1239.59670934
0.67768747,289.47946,False,0.8217947382570283,1239.59670934
0.77501523,667.7113,False,0.8217947382570283,1239.59670934
0.58997613,528.43304,False,0.8217947382570283,1239.59670934
0.3599913,537.7452,False,0.8217947382570283,1239.59670934
0.0,231.78407,False,0.8217947382570283,1239.59670934
0.5360217,428.69775,False,0.8217947382570283,1239.59670934
1.0961295e-15,98.48548,False,0.8217947382570283,1239.59670934
0.7874149,334.2791,False,0.8217947382570283,1239.59670934
0.0,238.50978,False,0.8217947382570283,1239.59670934
0.20394474,198.41367,False,0.8217947382570283,1239.59670934
0.2609421,907.28143,False,0.8217947382570283,1239.59670934
0.6078421,682.4462,False,0.8217947382570283,1239.59670934
0.77194834,302.234,False,0.8217947382570283,1239.59670934
0.82179475,688.46564,False,0.8217947382570283,1239.59670934
0.82179475,794.4414,False,0.8217947382570283,1239.59670934
0.81551033,354.88458,False,0.8217947382570283,1239.59670934
0.6206073,620.4745,False,0.8217947382570283,1239.59670934
0.7917511,318.46844,False,0.8217947382570283,1239.59670934
0.65351355,728.04865,False,0.8217947382570283,1239.59670934
0.7277929,573.95374,False,0.8217947382570283,1239.59670934
0.45813036,612.5699,False,0.8217947382570283,1239.59670934
0.67630297,449.37384,False,0.8217947382570283,1239.59670934
0.82179475,758.0977,False,0.8217947382570283,1239.59670934
0.7055521,271.52182,False,0.8217947382570283,1239.59670934
0.21904622,426.60953,False,0.8217947382570283,1239.59670934
0.50925636,341.11603,False,0.8217947382570283,1239.59670934
0.80294436,334.8434,False,0.8217947382570283,1239.59670934
0.5374569,718.7813,False,0.8217947382570283,1239.59670934
0.434511,596.5364,False,0.8217947382570283,1239.59670934
0.277215,343.68167,False,0.8217947382570283,1239.59670934
0.10461298,649.3219,False,0.8217947382570283,1239.59670934
0.5194941,479.8338,False,0.8217947382570283,1239.59670934
0.81604356,1046.9695,False,0.8217947382570283,1239.59670934
0.8132361,356.9124,False,0.8217947382570283,1239.59670934
0.66802007,564.838,False,0.8217947382570283,1239.59670934
0.29682446,647.1806,False,0.8217947382570283,1239.59670934
0.7921177,588.7095,False,0.8217947382570283,1239.59670934
0.7958855,323.68085,False,0.8217947382570283,1239.59670934
0.4306957,602.5782,False,0.8217947382570283,1239.59670934
0.7893146,314.18005,False,0.8217947382570283,1239.59670934
9.328761e-16,224.9355,False,0.8217947382570283,1239.59670934
0.7940888,324.70932,False,0.8217947382570283,1239.59670934
0.5160971,775.40466,False,0.8217947382570283,1239.59670934
0.79073215,597.29034,False,0.8217947382570283,1239.59670934
0.4993879,612.8681,False,0.8217947382570283,1239.59670934
2.37113e-16,130.60007,False,0.8217947382570283,1239.59670934
0.6068748,579.3617,False,0.8217947382570283,1239.59670934
0.3202511,577.193,False,0.8217947382570283,1239.59670934
0.0,186.38786,False,0.8217947382570283,1239.59670934
0.8181242,832.22064,False,0.8217947382570283,1239.59670934
1.2630016e-13,163.81696,False,0.8217947382570283,1239.59670934
1.6081456e-14,55.853497,False,0.8217947382570283,1239.59670934
0.7238638,273.55493,False,0.8217947382570283,1239.59670934
0.81002116,344.29178,False,0.8217947382570283,1239.59670934
0.7744884,549.3956,False,0.8217947382570283,1239.59670934
0.8121313,348.51923,False,0.8217947382570283,1239.59670934
0.82179475,616.7775,False,0.8217947382570283,1239.59670934
0.6886544,703.2688,False,0.8217947382570283,1239.59670934
0.32529244,834.33185,False,0.8217947382570283,1239.59670934
0.44434124,669.9493,False,0.8217947382570283,1239.59670934
0.82179475,815.114,False,0.8217947382570283,1239.59670934
0.4465709,693.8219,False,0.8217947382570283,1239.59670934
0.6759164,255.03131,False,0.8217947382570283,1239.59670934
0.8049103,333.232,False,0.8217947382570283,1239.59670934
0.46390483,599.9177,False,0.8217947382570283,1239.59670934
0.5842366,223.97932,False,0.8217947382570283,1239.59670934
0.82179475,508.15802,False,0.8217947382570283,1239.59670934
0.7834322,303.05,False,0.8217947382570283,1239.59670934
0.82179475,378.0454,False,0.8217947382570283,1239.59670934
0.23286836,658.1184,False,0.8217947382570283,1239.59670934
0.7557709,288.011,False,0.8217947382570283,1239.59670934
0.22505747,308.55838,False,0.8217947382570283,1239.59670934
0.82179475,1041.9075,False,0.8217947382570283,1239.59670934
0.6969346,264.15726,False,0.8217947382570283,1239.59670934
0.80350333,343.0118,False,0.8217947382570283,1239.59670934
0.81942415,380.37842,False,0.8217947382570283,1239.59670934
0.77745813,1449.8185,False,0.8217947382570283,1239.59670934
0.5912777,1108.8567,False,0.8217947382570283,1239.59670934
0.19404504,649.61975,False,0.8217947382570283,1239.59670934
0.81272537,363.49466,False,0.8217947382570283,1239.59670934
0.0,111.61962,False,0.8217947382570283,1239.59670934
0.59281397,218.98497,False,0.8217947382570283,1239.59670934
1.205559e-16,100.23059,False,0.8217947382570283,1239.59670934
0.07715324,362.53613,False,0.8217947382570283,1239.59670934
0.6552817,245.49178,False,0.8217947382570283,1239.59670934
0.51290095,694.28235,False,0.8217947382570283,1239.59670934
0.52162534,687.6617,False,0.8217947382570283,1239.59670934
0.7383921,284.6687,False,0.8217947382570283,1239.59670934
0.6683633,793.8454,False,0.8217947382570283,1239.59670934
0.567153,381.83487,False,0.8217947382570283,1239.59670934
0.80986375,1134.8218,False,0.8217947382570283,1239.59670934
0.32258144,440.85132,False,0.8217947382570283,1239.59670934
0.72955424,285.31815,False,0.8217947382570283,1239.59670934
0.7998939,346.48764,False,0.8217947382570283,1239.59670934
0.6962908,265.91827,False,0.8217947382570283,1239.59670934
0.7962093,345.1238,False,0.8217947382570283,1239.59670934
0.6686698,249.35242,False,0.8217947382570283,1239.59670934
0.5370802,589.1696,False,0.8217947382570283,1239.59670934
0.82179475,711.79456,False,0.8217947382570283,1239.59670934
0.1711948,779.9507,False,0.8217947382570283,1239.59670934
0.64231795,313.746,False,0.8217947382570283,1239.59670934
0.6999285,268.25116,False,0.8217947382570283,1239.59670934
7.7272386e-16,7.764724,False,0.8217947382570283,1239.59670934
0.82179475,595.8914,False,0.8217947382570283,1239.59670934
0.5141601,756.6451,False,0.8217947382570283,1239.59670934
0.0,159.1705,False,0.8217947382570283,1239.59670934
0.0,211.77724,False,0.8217947382570283,1239.59670934
0.7880588,323.9094,False,0.8217947382570283,1239.59670934
0.6800737,605.9325,False,0.8217947382570283,1239.59670934
0.65272164,258.24216,False,0.8217947382570283,1239.59670934
1.4729132e-14,170.97876,False,0.8217947382570283,1239.59670934
0.659222,598.0926,False,0.8217947382570283,1239.59670934
0.7958218,336.61163,False,0.8217947382570283,1239.59670934
0.82179475,582.452,False,0.8217947382570283,1239.59670934
0.82179475,631.87134,False,0.8217947382570283,1239.59670934
0.8196072,822.9045,False,0.8217947382570283,1239.59670934
0.0,205.0666,False,0.8217947382570283,1239.59670934
0.0,179.97452,False,0.8217947382570283,1239.59670934
7.702364e-30,515.46747,False,0.8217947382570283,1239.59670934
0.7883981,574.6693,False,0.8217947382570283,1239.59670934
0.81336033,379.41034,False,0.8217947382570283,1239.59670934
0.0,532.6279,False,0.8217947382570283,1239.59670934
0.6692334,223.58765,False,0.8217947382570283,1239.59670934
0.39202824,524.95166,False,0.8217947382570283,1239.59670934
0.44113675,656.45905,False,0.8217947382570283,1239.59670934
0.67748225,239.06203,False,0.8217947382570283,1239.59670934
0.509702,719.4206,False,0.8217947382570283,1239.59670934
0.80557007,359.089,False,0.8217947382570283,1239.59670934
0.63510066,693.77234,False,0.8217947382570283,1239.59670934
0.82179475,530.5616,False,0.8217947382570283,1239.59670934
0.74948496,288.2006,False,0.8217947382570283,1239.59670934
0.0,163.19044,False,0.8217947382570283,1239.59670934
0.714726,268.59738,False,0.8217947382570283,1239.59670934
0.71230704,265.1798,False,0.8217947382570283,1239.59670934
0.0,213.97775,False,0.8217947382570283,1239.59670934
0.82179475,780.4666,False,0.8217947382570283,1239.59670934
0.7737228,309.34402,False,0.8217947382570283,1239.59670934
0.8037504,357.1307,False,0.8217947382570283,1239.59670934
0.5693569,681.86786,False,0.8217947382570283,1239.59670934
0.47372892,760.48584,False,0.8217947382570283,1239.59670934
1.2529798e-15,7.764724,False,0.8217947382570283,1239.59670934
0.82179475,511.85284,False,0.8217947382570283,1239.59670934
0.2903726,618.2077,False,0.8217947382570283,1239.59670934
0.82179475,746.5081,False,0.8217947382570283,1239.59670934
0.6700072,239.29846,False,0.8217947382570283,1239.59670934
0.71066433,965.57574,False,0.8217947382570283,1239.59670934
0.7220975,274.2001,False,0.8217947382570283,1239.59670934
1.5502492e-15,84.71749,False,0.8217947382570283,1239.59670934
0.82179475,714.0054,False,0.8217947382570283,1239.59670934
0.34811786,410.32135,False,0.8217947382570283,1239.59670934
0.78598005,320.8819,False,0.8217947382570283,1239.59670934
0.71651226,267.2766,False,0.8217947382570283,1239.59670934
0.7235487,273.6495,False,0.8217947382570283,1239.59670934
0.82119834,712.1555,False,0.8217947382570283,1239.59670934
0.7989189,349.17032,False,0.8217947382570283,1239.59670934
0.7006731,256.31213,False,0.8217947382570283,1239.59670934
0.82179475,810.6678,False,0.8217947382570283,1239.59670934
0.82179475,791.5196,False,0.8217947382570283,1239.59670934
0.6780701,651.2951,False,0.8217947382570283,1239.59670934
0.68616617,247.06204,False,0.8217947382570283,1239.59670934
0.7965811,343.64612,False,0.8217947382570283,1239.59670934
0.75965166,588.5794,False,0.8217947382570283,1239.59670934
0.18431363,644.224,False,0.8217947382570283,1239.59670934
0.7902476,327.9308,False,0.8217947382570283,1239.59670934
0.7467066,1446.7523,False,0.8217947382570283,1239.59670934
0.2798036,239.68921,False,0.8217947382570283,1239.59670934
0.0,179.1575,False,0.8217947382570283,1239.59670934
0.7337509,283.07913,False,0.8217947382570283,1239.59670934
6.527038e-16,214.9581,False,0.8217947382570283,1239.59670934
0.47307518,466.453,False,0.8217947382570283,1239.59670934
0.6622851,774.47125,False,0.8217947382570283,1239.59670934
0.65061533,713.08887,False,0.8217947382570283,1239.59670934
0.82179475,733.0421,False,0.8217947382570283,1239.59670934
0.8003557,364.17896,False,0.8217947382570283,1239.59670934
0.74425143,293.53018,False,0.8217947382570283,1239.59670934
4.406197e-16,17.506939,False,0.8217947382570283,1239.59670934
0.10272186,347.35803,False,0.8217947382570283,1239.59670934
0.7858724,327.72797,False,0.8217947382570283,1239.59670934
0.67042303,733.7022,False,0.8217947382570283,1239.59670934
0.559672,669.5663,False,0.8217947382570283,1239.59670934
0.6901422,254.45462,False,0.8217947382570283,1239.59670934
0.82179475,1044.0725,False,0.8217947382570283,1239.59670934
0.6024014,739.79065,False,0.8217947382570283,1239.59670934
0.65175873,793.0519,False,0.8217947382570283,1239.59670934
0.6607877,236.24779,False,0.8217947382570283,1239.59670934
0.016389793,285.76654,False,0.8217947382570283,1239.59670934
0.7208643,948.61633,False,0.8217947382570283,1239.59670934
0.72787774,280.4807,False,0.8217947382570283,1239.59670934
0.731065,285.91187,False,0.8217947382570283,1239.59670934
0.82179475,627.6001,False,0.8217947382570283,1239.59670934
0.51064724,1147.6693,False,0.8217947382570283,1239.59670934
0.0,145.29785,False,0.8217947382570283,1239.59670934
0.8143139,712.7097,False,0.8217947382570283,1239.59670934
0.0,182.51575,False,0.8217947382570283,1239.59670934
0.74121433,290.9409,False,0.8217947382570283,1239.59670934
0.82179475,1092.4651,False,0.8217947382570283,1239.59670934
0.7301295,281.27893,False,0.8217947382570283,1239.59670934
0.5616774,588.1945,False,0.8217947382570283,1239.59670934
0.17228487,545.5276,False,0.8217947382570283,1239.59670934
0.6958485,253.07231,False,0.8217947382570283,1239.59670934
0.82179475,671.33167,False,0.8217947382570283,1239.59670934
0.30898413,560.8072,False,0.8217947382570283,1239.59670934
0.0,113.64303,False,0.8217947382570283,1239.59670934
0.5460223,476.75623,False,0.8217947382570283,1239.59670934
0.76027566,306.1197,False,0.8217947382570283,1239.59670934
0.59462297,581.03906,False,0.8217947382570283,1239.59670934
0.78641605,330.43448,False,0.8217947382570283,1239.59670934
0.5984491,512.15204,False,0.8217947382570283,1239.59670934
0.74792886,577.12915,False,0.8217947382570283,1239.59670934
0.027699517,490.0753,False,0.8217947382570283,1239.59670934
0.58449936,729.0029,False,0.8217947382570283,1239.59670934
0.23335476,365.93024,False,0.8217947382570283,1239.59670934
0.7874984,334.3544,False,0.8217947382570283,1239.59670934
0.30613145,614.69965,False,0.8217947382570283,1239.59670934
6.115515e-16,7.764724,False,0.8217947382570283,1239.59670934
0.27228245,440.41156,False,0.8217947382570283,1239.59670934
0.6189742,615.7743,False,0.8217947382570283,1239.59670934
0.039304886,227.393,False,0.8217947382570283,1239.59670934
0.82179475,732.34076,False,0.8217947382570283,1239.59670934
0.69554394,496.63446,False,0.8217947382570283,1239.59670934
0.7416379,285.9116,False,0.8217947382570283,1239.59670934
1.0302828e-14,220.88213,False,0.8217947382570283,1239.59670934
0.76077706,304.0481,False,0.8217947382570283,1239.59670934
0.7370304,657.5395,False,0.8217947382570283,1239.59670934
0.030818634,252.83873,False,0.8217947382570283,1239.59670934
0.82179475,655.3051,False,0.8217947382570283,1239.59670934
0.76873654,309.12958,False,0.8217947382570283,1239.59670934
0.82179475,528.33264,False,0.8217947382570283,1239.59670934
0.82179475,654.4077,False,0.8217947382570283,1239.59670934
1.5846071e-15,225.77429,False,0.8217947382570283,1239.59670934
0.6969374,244.03093,True,0.8217947382570283,1239.59670934
0.3210541,575.4559,False,0.8217947382570283,1239.59670934
0.7042739,282.10767,False,0.8217947382570283,1239.59670934
0.74936277,335.61887,False,0.8217947382570283,1239.59670934
0.82179475,640.65594,False,0.8217947382570283,1239.59670934
0.82179475,732.70746,False,0.8217947382570283,1239.59670934
0.7997084,1460.0884,False,0.8217947382570283,1239.59670934
0.7765321,995.97736,False,0.8217947382570283,1239.59670934
0.7188442,299.91055,False,0.8217947382570283,1239.59670934
0.0,7.764724,False,0.8217947382570283,1239.59670934
0.56079316,195.68837,False,0.8217947382570283,1239.59670934
0.6814169,264.17496,False,0.8217947382570283,1239.59670934
0.7932408,1066.6934,False,0.8217947382570283,1239.59670934
0.6861431,258.9688,False,0.8217947382570283,1239.59670934
0.19432488,476.06845,False,0.8217947382570283,1239.59670934
0.82179475,644.9396,False,0.8217947382570283,1239.59670934
0.69174296,277.10028,False,0.8217947382570283,1239.59670934
0.5147953,547.0355,False,0.8217947382570283,1239.59670934
0.8078748,813.5797,False,0.8217947382570283,1239.59670934
0.702842,787.3783,False,0.8217947382570283,1239.59670934
0.8071478,933.29254,False,0.8217947382570283,1239.59670934
0.6906507,607.349,False,0.8217947382570283,1239.59670934
0.6822863,266.29962,False,0.8217947382570283,1239.59670934
0.82179475,636.3727,False,0.8217947382570283,1239.59670934
0.82179475,764.8731,False,0.8217947382570283,1239.59670934
0.74940324,345.792,False,0.8217947382570283,1239.59670934
0.82179475,812.4845,False,0.8217947382570283,1239.59670934
0.6285878,827.4831,False,0.8217947382570283,1239.59670934
0.82179475,726.2729,False,0.8217947382570283,1239.59670934
0.7027419,285.4541,False,0.8217947382570283,1239.59670934
0.6215723,222.8349,False,0.8217947382570283,1239.59670934
0.5663439,744.5051,False,0.8217947382570283,1239.59670934
0.18061891,443.2704,False,0.8217947382570283,1239.59670934
0.52637744,177.75839,False,0.8217947382570283,1239.59670934
0.6503862,846.25665,False,0.8217947382570283,1239.59670934
0.5799269,200.95596,False,0.8217947382570283,1239.59670934
0.6866479,268.86145,False,0.8217947382570283,1239.59670934
0.39188376,639.38446,False,0.8217947382570283,1239.59670934
0.72923,322.09018,False,0.8217947382570283,1239.59670934
0.6874274,277.20462,False,0.8217947382570283,1239.59670934
0.70957154,870.9308,False,0.8217947382570283,1239.59670934
0.7961911,547.32996,False,0.8217947382570283,1239.59670934
0.69044554,279.83682,False,0.8217947382570283,1239.59670934
0.82179475,647.8779,False,0.8217947382570283,1239.59670934
0.82179475,781.84015,False,0.8217947382570283,1239.59670934
0.7426436,333.89645,False,0.8217947382570283,1239.59670934
0.82179475,544.3093,False,0.8217947382570283,1239.59670934
0.52257293,789.31604,False,0.8217947382570283,1239.59670934
0.70067936,302.83664,False,0.8217947382570283,1239.59670934
0.6263374,233.30882,False,0.8217947382570283,1239.59670934
0.82179475,815.5623,False,0.8217947382570283,1239.59670934
0.0,175.12497,False,0.8217947382570283,1239.59670934
0.46124804,690.1354,False,0.8217947382570283,1239.59670934
0.70248336,294.8102,False,0.8217947382570283,1239.59670934
0.66180116,264.6824,False,0.8217947382570283,1239.59670934
0.6492223,256.76898,False,0.8217947382570283,1239.59670934
4.595077e-16,196.20497,False,0.8217947382570283,1239.59670934
0.7519232,340.3548,False,0.8217947382570283,1239.59670934
0.7768248,1084.2112,False,0.8217947382570283,1239.59670934
0.81938183,666.8276,False,0.8217947382570283,1239.59670934
5.5972567e-16,581.93207,False,0.8217947382570283,1239.59670934
0.82179475,1083.6797,False,0.8217947382570283,1239.59670934
0.82179475,704.0979,False,0.8217947382570283,1239.59670934
0.7193063,299.19043,False,0.8217947382570283,1239.59670934
0.7524888,338.54565,False,0.8217947382570283,1239.59670934
0.82179475,647.9581,False,0.8217947382570283,1239.59670934
0.6880386,269.69098,False,0.8217947382570283,1239.59670934
0.6764376,257.18018,False,0.8217947382570283,1239.59670934
0.68431216,702.53595,False,0.8217947382570283,1239.59670934
0.7537011,339.27097,False,0.8217947382570283,1239.59670934
0.6714453,254.56383,False,0.8217947382570283,1239.59670934
0.82179475,838.5257,False,0.8217947382570283,1239.59670934
9.6680646e-15,123.4755,False,0.8217947382570283,1239.59670934
0.3094465,324.0013,False,0.8217947382570283,1239.59670934
0.7624758,344.41272,False,0.8217947382570283,1239.59670934
0.0,685.5495,False,0.8217947382570283,1239.59670934
0.094312586,606.6856,False,0.8217947382570283,1239.59670934
0.5800958,601.94055,False,0.8217947382570283,1239.59670934
0.7780325,734.1365,False,0.8217947382570283,1239.59670934
0.82179475,742.8151,False,0.8217947382570283,1239.59670934
0.48042718,858.5903,False,0.8217947382570283,1239.59670934
0.19046329,417.6965,False,0.8217947382570283,1239.59670934
0.0,7.764724,False,0.8217947382570283,1239.59670934
0.82179475,517.5919,False,0.8217947382570283,1239.59670934
0.706408,279.51733,False,0.8217947382570283,1239.59670934
0.7441312,325.36847,False,0.8217947382570283,1239.59670934
0.7685991,367.99686,False,0.8217947382570283,1239.59670934
0.3215818,365.0539,False,0.8217947382570283,1239.59670934
5.5972567e-16,172.8357,False,0.8217947382570283,1239.59670934
0.4896176,645.1739,False,0.8217947382570283,1239.59670934
0.82179475,1432.2289,False,0.8217947382570283,1239.59670934
0.6609246,231.42125,False,0.8217947382570283,1239.59670934
0.82179475,1486.8983,False,0.8217947382570283,1239.59670934
0.7503594,351.33545,False,0.8217947382570283,1239.59670934
0.7422583,544.0411,False,0.8217947382570283,1239.59670934
0.5742289,779.21674,False,0.8217947382570283,1239.59670934
0.70546687,571.4496,False,0.8217947382570283,1239.59670934
0.7493043,622.2298,False,0.8217947382570283,1239.59670934
0.0,144.32658,False,0.8217947382570283,1239.59670934
0.73527277,324.6012,False,0.8217947382570283,1239.59670934
0.41772464,589.9686,False,0.8217947382570283,1239.59670934
0.76362836,777.49835,False,0.8217947382570283,1239.59670934
2.8009037e-17,7.764724,False,0.8217947382570283,1239.59670934
0.75464696,329.44467,False,0.8217947382570283,1239.59670934
0.6399339,695.2165,False,0.8217947382570283,1239.59670934
0.4973716,747.87775,False,0.8217947382570283,1239.59670934
0.078842774,325.56,False,0.8217947382570283,1239.59670934
0.6205588,748.7059,False,0.8217947382570283,1239.59670934
0.7400246,313.30673,False,0.8217947382570283,1239.59670934
0.82179475,548.61957,False,0.8217947382570283,1239.59670934
0.0,152.4214,False,0.8217947382570283,1239.59670934
0.705227,263.32736,False,0.8217947382570283,1239.59670934
0.20529066,426.37704,False,0.8217947382570283,1239.59670934
0.69058293,239.69179,True,0.8217947382570283,1239.59670934
0.46158537,567.31226,False,0.8217947382570283,1239.59670934
0.5592311,710.16675,False,0.8217947382570283,1239.59670934
0.26635507,408.48663,False,0.8217947382570283,1239.59670934
0.7202241,284.70834,False,0.8217947382570283,1239.59670934
0.544753,575.1812,False,0.8217947382570283,1239.59670934
0.82179475,610.1275,False,0.8217947382570283,1239.59670934
0.0,68.54232,False,0.8217947382570283,1239.59670934
0.6024657,418.5988,False,0.8217947382570283,1239.59670934
0.8116156,682.1618,False,0.8217947382570283,1239.59670934
0.0,7.764724,False,0.8217947382570283,1239.59670934
0.797991,563.2429,False,0.8217947382570283,1239.59670934
0.75045514,321.27396,False,0.8217947382570283,1239.59670934
0.047916956,234.47285,False,0.8217947382570283,1239.59670934
0.0,7.764724,False,0.8217947382570283,1239.59670934
0.7112096,263.5824,False,0.8217947382570283,1239.59670934
0.0,106.283226,False,0.8217947382570283,1239.59670934
0.82179475,533.9935,False,0.8217947382570283,1239.59670934
0.82179475,828.31635,False,0.8217947382570283,1239.59670934
0.0,189.85384,False,0.8217947382570283,1239.59670934
0.73141325,294.07013,False,0.8217947382570283,1239.59670934
0.0,136.99022,False,0.8217947382570283,1239.59670934
0.0638548,382.34656,False,0.8217947382570283,1239.59670934
0.0,192.54001,False,0.8217947382570283,1239.59670934
0.71955705,278.67795,False,0.8217947382570283,1239.59670934
0.76062816,332.84952,False,0.8217947382570283,1239.59670934
0.82179475,642.4888,False,0.8217947382570283,1239.59670934
0.7495845,322.59406,False,0.8217947382570283,1239.59670934
0.70914865,258.99307,False,0.8217947382570283,1239.59670934
0.0,7.764724,False,0.8217947382570283,1239.59670934
0.8135738,297.83197,False,0.8217947382570283,1239.59670934
0.0,234.04497,False,0.8217947382570283,1239.59670934
0.82179475,703.85913,False,0.8217947382570283,1239.59670934
0.82179475,339.31967,False,0.8217947382570283,1239.59670934
0.50624377,550.5763,False,0.8217947382570283,1239.59670934
0.50371385,600.255,False,0.8217947382570283,1239.59670934
8.898971e-15,272.98114,False,0.8217947382570283,1239.59670934
0.40707245,580.1015,False,0.8217947382570283,1239.59670934
0.38089904,271.59015,False,0.8217947382570283,1239.59670934
0.58864284,413.0477,False,0.8217947382570283,1239.59670934
3.5857888e-16,253.8194,False,0.8217947382570283,1239.59670934
0.2522701,569.9873,False,0.8217947382570283,1239.59670934
0.41260058,494.34528,False,0.8217947382570283,1239.59670934
0.0,197.95317,False,0.8217947382570283,1239.59670934
0.0,96.65118,False,0.8217947382570283,1239.59670934
0.3677889,294.55127,False,0.8217947382570283,1239.59670934
0.0,211.67458,False,0.8217947382570283,1239.59670934
0.0,276.06284,False,0.8217947382570283,1239.59670934
0.29893184,379.86508,False,0.8217947382570283,1239.59670934
1.3341955e-16,178.98158,False,0.8217947382570283,1239.59670934
0.82179475,654.98486,False,0.8217947382570283,1239.59670934
0.64523894,268.76385,False,0.8217947382570283,1239.59670934
0.7194143,352.5279,False,0.8217947382570283,1239.59670934
0.0,198.32542,False,0.8217947382570283,1239.59670934
0.0,92.087555,False,0.8217947382570283,1239.59670934
0.58750725,799.0161,False,0.8217947382570283,1239.59670934
0.6816728,310.65097,False,0.8217947382570283,1239.59670934
0.69799465,612.2755,False,0.8217947382570283,1239.59670934
0.5450657,605.21515,False,0.8217947382570283,1239.59670934
0.82179475,655.30914,False,0.8217947382570283,1239.59670934
0.6751417,301.9515,False,0.8217947382570283,1239.59670934
2.3578157e-16,173.48972,False,0.8217947382570283,1239.59670934
0.66504925,469.02948,False,0.8217947382570283,1239.59670934
0.64410925,573.399,False,0.8217947382570283,1239.59670934
0.23297738,355.02646,False,0.8217947382570283,1239.59670934
0.39635864,483.1205,False,0.8217947382570283,1239.59670934
0.5549387,514.4448,False,0.8217947382570283,1239.59670934
0.4748966,639.9037,False,0.8217947382570283,1239.59670934
0.82179475,709.5555,False,0.8217947382570283,1239.59670934
0.666417,272.395,False,0.8217947382570283,1239.59670934
0.5389713,199.4927,False,0.8217947382570283,1239.59670934
0.44478768,160.66594,False,0.8217947382570283,1239.59670934
0.82179475,785.9327,False,0.8217947382570283,1239.59670934
0.7165077,311.26996,False,0.8217947382570283,1239.59670934
0.65972614,268.0002,False,0.8217947382570283,1239.59670934
0.0,122.34605,False,0.8217947382570283,1239.59670934
0.68347996,285.51907,False,0.8217947382570283,1239.59670934
0.61392343,635.43146,False,0.8217947382570283,1239.59670934
0.82179475,683.72345,False,0.8217947382570283,1239.59670934
0.49842843,715.1821,False,0.8217947382570283,1239.59670934
0.27725402,536.82104,False,0.8217947382570283,1239.59670934
0.4571598,590.9002,False,0.8217947382570283,1239.59670934
0.80532765,1547.6072,False,0.8217947382570283,1239.59670934
0.46387023,175.65428,False,0.8217947382570283,1239.59670934
0.8174255,1411.9681,False,0.8217947382570283,1239.59670934
0.17204514,458.08813,False,0.8217947382570283,1239.59670934
0.6343042,629.2755,False,0.8217947382570283,1239.59670934
0.5100262,785.7925,False,0.8217947382570283,1239.59670934
0.0,7.764724,False,0.8217947382570283,1239.59670934
0.56422776,223.74464,False,0.8217947382570283,1239.59670934
0.82179475,1070.0316,False,0.8217947382570283,1239.59670934
0.620876,251.72037,False,0.8217947382570283,1239.59670934
0.7136477,313.21088,False,0.8217947382570283,1239.59670934
0.7296567,492.00452,False,0.8217947382570283,1239.59670934
0.17430113,444.33316,False,0.8217947382570283,1239.59670934
0.58184475,686.646,False,0.8217947382570283,1239.59670934
0.82179475,812.12366,False,0.8217947382570283,1239.59670934
0.5678245,676.3686,False,0.8217947382570283,1239.59670934
0.75820816,572.4875,False,0.8217947382570283,1239.59670934
0.5040425,196.67078,False,0.8217947382570283,1239.59670934
0.67619383,290.73297,False,0.8217947382570283,1239.59670934
0.0,7.764724,False,0.8217947382570283,1239.59670934
0.52918404,207.78452,False,0.8217947382570283,1239.59670934
0.6975583,303.86322,False,0.8217947382570283,1239.59670934
0.2132771,440.03357,False,0.8217947382570283,1239.59670934
0.52851117,580.4744,False,0.8217947382570283,1239.59670934
0.82179475,615.8441,False,0.8217947382570283,1239.59670934
0.81054616,600.40515,False,0.8217947382570283,1239.59670934
0.62762535,600.2614,False,0.8217947382570283,1239.59670934
0.61040336,252.07527,False,0.8217947382570283,1239.59670934
0.6570988,277.89563,False,0.8217947382570283,1239.59670934
0.69600606,301.86288,False,0.8217947382570283,1239.59670934
0.725808,326.6347,False,0.8217947382570283,1239.59670934
0.634008,425.178,False,0.8217947382570283,1239.59670934
0.5563119,223.87967,False,0.8217947382570283,1239.59670934
0.47361434,460.6097,False,0.8217947382570283,1239.59670934
0.76848686,355.53693,False,0.8217947382570283,1239.59670934
0.82179475,709.1253,False,0.8217947382570283,1239.59670934
0.28260714,524.8655,False,0.8217947382570283,1239.59670934
0.54233736,591.60156,False,0.8217947382570283,1239.59670934
0.6363673,754.6613,False,0.8217947382570283,1239.59670934
0.25450078,324.84402,False,0.8217947382570283,1239.59670934
0.38362733,562.1133,False,0.8217947382570283,1239.59670934
0.67820543,711.5302,False,0.8217947382570283,1239.59670934
0.32403633,1031.866,False,0.8217947382570283,1239.59670934
0.43324867,160.65584,False,0.8217947382570283,1239.59670934
0.82179475,611.8732,False,0.8217947382570283,1239.59670934
0.77995884,365.46918,False,0.8217947382570283,1239.59670934
0.6119392,622.70874,False,0.8217947382570283,1239.59670934
0.5160443,211.50424,False,0.8217947382570283,1239.59670934
0.82179475,542.80066,False,0.8217947382570283,1239.59670934
0.6368851,285.07794,False,0.8217947382570283,1239.59670934
0.72306955,352.95264,False,0.8217947382570283,1239.59670934
0.5963724,843.8287,False,0.8217947382570283,1239.59670934
0.6071275,732.8852,False,0.8217947382570283,1239.59670934
0.8217923,635.83044,False,0.8217947382570283,1239.59670934
0.6770483,872.63666,False,0.8217947382570283,1239.59670934
0.69198316,333.6103,False,0.8217947382570283,1239.59670934
0.6324748,998.8377,False,0.8217947382570283,1239.59670934
0.17343944,242.27313,False,0.8217947382570283,1239.59670934
0.0,7.764724,False,0.8217947382570283,1239.59670934
0.5806188,250.41136,False,0.8217947382570283,1239.59670934
0.5115078,210.106,False,0.8217947382570283,1239.59670934
0.762788,389.42636,False,0.8217947382570283,1239.59670934
0.0,111.38062,False,0.8217947382570283,1239.59670934
0.78104764,676.79333,False,0.8217947382570283,1239.59670934
0.82179475,999.27026,False,0.8217947382570283,1239.59670934
0.12672392,717.1602,False,0.8217947382570283,1239.59670934
0.82179475,717.4974,False,0.8217947382570283,1239.59670934
0.8184787,671.8357,False,0.8217947382570283,1239.59670934
0.73334646,321.51938,False,0.8217947382570283,1239.59670934
0.82179475,641.0143,False,0.8217947382570283,1239.59670934
0.6823249,289.8237,False,0.8217947382570283,1239.59670934
0.79087895,756.02185,False,0.8217947382570283,1239.59670934
0.5935235,242.06212,False,0.8217947382570283,1239.59670934
0.61942506,256.43304,False,0.8217947382570283,1239.59670934
0.70884216,307.02823,False,0.8217947382570283,1239.59670934
0.6644361,281.83264,False,0.8217947382570283,1239.59670934
0.64859843,530.2512,False,0.8217947382570283,1239.59670934
0.65183383,524.8383,False,0.8217947382570283,1239.59670934
0.38510823,487.1771,False,0.8217947382570283,1239.59670934
0.81376135,592.7667,False,0.8217947382570283,1239.59670934
0.027816296,535.17804,False,0.8217947382570283,1239.59670934
0.8199741,656.07263,False,0.8217947382570283,1239.59670934
0.6631552,489.44928,False,0.8217947382570283,1239.59670934
0.82179475,620.92694,False,0.8217947382570283,1239.59670934
0.7518412,333.5466,False,0.8217947382570283,1239.59670934
0.67276764,283.91928,False,0.8217947382570283,1239.59670934
0.82179475,689.09393,False,0.8217947382570283,1239.59670934
0.82179475,549.1851,False,0.8217947382570283,1239.59670934
0.82179475,740.6746,False,0.8217947382570283,1239.59670934
0.6913617,292.82635,False,0.8217947382570283,1239.59670934
0.7631676,336.89136,False,0.8217947382570283,1239.59670934
1.8657522e-16,88.58988,False,0.8217947382570283,1239.59670934
0.6374131,264.98502,False,0.8217947382570283,1239.59670934
0.38981715,511.3205,False,0.8217947382570283,1239.59670934
0.6596397,275.31573,False,0.8217947382570283,1239.59670934
1.7336508e-16,151.2897,False,0.8217947382570283,1239.59670934
0.64067525,752.26697,False,0.8217947382570283,1239.59670934
0.67424667,284.1562,False,0.8217947382570283,1239.59670934
0.57900107,234.80232,False,0.8217947382570283,1239.59670934
0.81712407,781.7741,False,0.8217947382570283,1239.59670934
0.6934901,293.43356,False,0.8217947382570283,1239.59670934
0.5359798,553.9211,False,0.8217947382570283,1239.59670934
0.66232747,869.2099,False,0.8217947382570283,1239.59670934
0.56834483,935.25775,False,0.8217947382570283,1239.59670934
0.6771297,744.8549,False,0.8217947382570283,1239.59670934
0.82179475,505.6223,False,0.8217947382570283,1239.59670934
0.6218243,739.50214,False,0.8217947382570283,1239.59670934
0.82179475,715.90247,False,0.8217947382570283,1239.59670934
0.82179475,1079.8923,False,0.8217947382570283,1239.59670934
0.6897164,293.56302,False,0.8217947382570283,1239.59670934
0.5873861,235.27168,False,0.8217947382570283,1239.59670934
0.78933716,363.9723,False,0.8217947382570283,1239.59670934
0.716167,307.84402,False,0.8217947382570283,1239.59670934
0.5332294,624.96027,False,0.8217947382570283,1239.59670934
0.60665077,245.28479,False,0.8217947382570283,1239.59670934
0.73857886,323.09354,False,0.8217947382570283,1239.59670934
0.7304659,531.9466,False,0.8217947382570283,1239.59670934
1.5032827e-16,149.10696,False,0.8217947382570283,1239.59670934
0.7728904,346.88208,False,0.8217947382570283,1239.59670934
0.74438334,585.4509,False,0.8217947382570283,1239.59670934
0.7333136,324.01074,False,0.8217947382570283,1239.59670934
0.7035849,300.1514,False,0.8217947382570283,1239.59670934
0.684623,298.66675,False,0.8217947382570283,1239.59670934
0.5811601,685.0647,False,0.8217947382570283,1239.59670934
0.6105809,244.96959,False,0.8217947382570283,1239.59670934
0.82179475,831.2448,False,0.8217947382570283,1239.59670934
0.82179475,662.16595,False,0.8217947382570283,1239.59670934
0.82179475,703.39,False,0.8217947382570283,1239.59670934
0.7301941,330.8857,False,0.8217947382570283,1239.59670934
0.76469535,468.62302,False,0.8217947382570283,1239.59670934
0.4823142,621.631,False,0.8217947382570283,1239.59670934
0.744687,508.96143,False,0.8217947382570283,1239.59670934
0.72765815,334.22824,False,0.8217947382570283,1239.59670934
0.6135167,257.87982,False,0.8217947382570283,1239.59670934
0.6460349,644.52075,False,0.8217947382570283,1239.59670934
0.71865857,492.72653,False,0.8217947382570283,1239.59670934
0.3564722,607.64545,False,0.8217947382570283,1239.59670934
0.5733389,233.25352,False,0.8217947382570283,1239.59670934
0.0,114.38563,False,0.8217947382570283,1239.59670934
0.5765975,690.8873,False,0.8217947382570283,1239.59670934
0.82179475,729.6977,False,0.8217947382570283,1239.59670934
0.66551423,290.5764,False,0.8217947382570283,1239.59670934
0.6151038,611.7901,False,0.8217947382570283,1239.59670934
0.6398922,277.5196,False,0.8217947382570283,1239.59670934
0.6972549,336.37405,False,0.8217947382570283,1239.59670934
0.4634161,775.1864,False,0.8217947382570283,1239.59670934
6.548748e-16,195.47739,False,0.8217947382570283,1239.59670934
0.6950794,291.94235,False,0.8217947382570283,1239.59670934
0.3665875,464.7126,False,0.8217947382570283,1239.59670934
0.80903107,670.24524,False,0.8217947382570283,1239.59670934
0.79898804,383.23892,False,0.8217947382570283,1239.59670934
0.5422627,203.71089,False,0.8217947382570283,1239.59670934
0.82179475,619.0797,False,0.8217947382570283,1239.59670934
0.547838,206.77911,False,0.8217947382570283,1239.59670934
0.5766169,221.719,False,0.8217947382570283,1239.59670934
0.82179475,668.8869,False,0.8217947382570283,1239.59670934
0.0,7.764724,False,0.8217947382570283,1239.59670934
0.7117715,616.01587,False,0.8217947382570283,1239.59670934
0.0,172.33112,False,0.8217947382570283,1239.59670934
0.8062223,713.36383,False,0.8217947382570283,1239.59670934
0.7711613,345.6927,False,0.8217947382570283,1239.59670934
0.0,49.284813,False,0.8217947382570283,1239.59670934
0.59755135,235.531,False,0.8217947382570283,1239.59670934
0.60548806,1095.1061,False,0.8217947382570283,1239.59670934
0.6772917,287.7313,False,0.8217947382570283,1239.59670934
0.059642535,368.5853,False,0.8217947382570283,1239.59670934
0.5492562,205.33577,False,0.8217947382570283,1239.59670934
0.8189833,1008.6448,False,0.8217947382570283,1239.59670934
0.0,149.80241,False,0.8217947382570283,1239.59670934
0.0,7.764724,False,0.8217947382570283,1239.59670934
0.68125075,292.50653,False,0.8217947382570283,1239.59670934
0.7095365,311.8974,False,0.8217947382570283,1239.59670934
0.82179475,1088.782,False,0.8217947382570283,1239.59670934
0.82179475,501.90796,False,0.8217947382570283,1239.59670934
1.3060265e-15,212.14557,False,0.8217947382570283,1239.59670934
0.62288517,249.05713,False,0.8217947382570283,1239.59670934
0.64326364,265.23508,False,0.8217947382570283,1239.59670934
0.82179475,664.61615,False,0.8217947382570283,1239.59670934
0.0,145.24043,False,0.8217947382570283,1239.59670934
0.82179475,554.96796,False,0.8217947382570283,1239.59670934
0.66426915,795.6499,False,0.8217947382570283,1239.59670934
0.30413282,507.33527,False,0.8217947382570283,1239.59670934
0.44933808,856.73755,False,0.8217947382570283,1239.59670934
0.5292299,551.8506,False,0.8217947382570283,1239.59670934
0.74479944,337.66388,False,0.8217947382570283,1239.59670934
0.5416212,800.7669,False,0.8217947382570283,1239.59670934
0.776533,416.29034,False,0.8217947382570283,1239.59670934
0.72399175,322.73788,False,0.8217947382570283,1239.59670934
0.5361167,656.48395,False,0.8217947382570283,1239.59670934
0.6496481,264.82205,False,0.8217947382570283,1239.59670934
0.7409251,333.39368,False,0.8217947382570283,1239.59670934
0.74868095,340.37173,False,0.8217947382570283,1239.59670934
0.5514561,617.70294,False,0.8217947382570283,1239.59670934
0.23719904,507.56686,False,0.8217947382570283,1239.59670934
0.0,215.76204,False,0.8217947382570283,1239.59670934
0.7175187,320.6942,False,0.8217947382570283,1239.59670934
0.7845673,613.2043,False,0.8217947382570283,1239.59670934
0.0,171.95009,False,0.8217947382570283,1239.59670934
0.5508434,598.7865,False,0.8217947382570283,1239.59670934
0.82179475,1019.11755,False,0.8217947382570283,1239.59670934
0.44767696,597.6456,False,0.8217947382570283,1239.59670934
0.5095695,266.17697,False,0.8217947382570283,1239.59670934
0.3391656,571.53577,False,0.8217947382570283,1239.59670934
0.46754357,636.6322,False,0.8217947382570283,1239.59670934
0.75275385,462.33154,False,0.8217947382570283,1239.59670934
0.0,7.764724,False,0.8217947382570283,1239.59670934
0.7593393,346.9161,False,0.8217947382570283,1239.59670934
0.82179475,535.5779,False,0.8217947382570283,1239.59670934
0.0,178.16498,False,0.8217947382570283,1239.59670934
0.68114775,286.3444,False,0.8217947382570283,1239.59670934
0.70075375,301.85474,False,0.8217947382570283,1239.59670934
0.5962028,222.95529,False,0.8217947382570283,1239.59670934
0.6285566,246.4787,False,0.8217947382570283,1239.59670934
0.6776346,284.90955,False,0.8217947382570283,1239.59670934
0.41193452,562.5692,False,0.8217947382570283,1239.59670934
0.72581774,321.97882,False,0.8217947382570283,1239.59670934
0.63906085,586.96704,False,0.8217947382570283,1239.59670934
0.7802578,373.5862,False,0.8217947382570283,1239.59670934
0.6126908,235.8723,False,0.8217947382570283,1239.59670934
0.82179475,694.61426,False,0.8217947382570283,1239.59670934
0.755456,351.0886,False,0.8217947382570283,1239.59670934
0.82179475,1020.47375,False,0.8217947382570283,1239.59670934
0.53277975,719.47394,False,0.8217947382570283,1239.59670934
0.0,150.66675,False,0.8217947382570283,1239.59670934
0.372566,736.21,False,0.8217947382570283,1239.59670934
0.0,141.43481,False,0.8217947382570283,1239.59670934
0.70440847,306.47653,False,0.8217947382570283,1239.59670934
0.0,157.15356,False,0.8217947382570283,1239.59670934
0.6432248,253.11122,False,0.8217947382570283,1239.59670934
0.68465424,286.4128,False,0.8217947382570283,1239.59670934
0.82179475,1023.35223,False,0.8217947382570283,1239.59670934
0.82179475,524.0347,False,0.8217947382570283,1239.59670934
0.7772446,366.26245,False,0.8217947382570283,1239.59670934
2.632177e-17,171.2517,False,0.8217947382570283,1239.59670934
0.7245833,317.9035,False,0.8217947382570283,1239.59670934
0.7593402,353.21085,False,0.8217947382570283,1239.59670934
4.566794e-16,114.70224,False,0.8217947382570283,1239.59670934
0.66348463,269.76367,False,0.8217947382570283,1239.59670934
0.82179475,664.0706,False,0.8217947382570283,1239.59670934
0.82179475,729.97473,False,0.8217947382570283,1239.59670934
0.6859835,284.00583,False,0.8217947382570283,1239.59670934
0.67304206,277.5662,False,0.8217947382570283,1239.59670934
0.22349815,378.4328,False,0.8217947382570283,1239.59670934
0.78957665,479.64502,False,0.8217947382570283,1239.59670934
0.0,79.28062,False,0.8217947382570283,1239.59670934
0.0,125.1343,False,0.8217947382570283,1239.59670934
0.55619663,667.056,False,0.8217947382570283,1239.59670934
0.7055818,301.77783,False,0.8217947382570283,1239.59670934
0.7505699,337.75662,False,0.8217947382570283,1239.59670934
0.82179475,556.79816,False,0.8217947382570283,1239.59670934
0.82179475,661.7433,False,0.8217947382570283,1239.59670934
0.82179475,566.87866,False,0.8217947382570283,1239.59670934
0.82179475,708.8064,False,0.8217947382570283,1239.59670934
0.81477773,430.24152,False,0.8217947382570283,1239.59670934
0.0,7.764724,False,0.8217947382570283,1239.59670934
0.65689105,262.37646,False,0.8217947382570283,1239.59670934
0.0,227.17087,False,0.8217947382570283,1239.59670934
0.7262416,709.26447,False,0.8217947382570283,1239.59670934
0.0,225.66364,False,0.8217947382570283,1239.59670934
0.662941,269.44788,False,0.8217947382570283,1239.59670934
0.71559405,309.70947,False,0.8217947382570283,1239.59670934
0.82179475,748.8124,False,0.8217947382570283,1239.59670934
0.63191754,241.678,False,0.8217947382570283,1239.59670934
0.73591155,996.9586,False,0.8217947382570283,1239.59670934
1.1194513e-15,221.46814,False,0.8217947382570283,1239.59670934
0.66676855,816.9966,False,0.8217947382570283,1239.59670934
6.479324e-17,172.36038,False,0.8217947382570283,1239.59670934
0.65673363,267.96423,False,0.8217947382570283,1239.59670934
0.82179475,1023.4242,False,0.8217947382570283,1239.59670934
0.6994999,302.20938,False,0.8217947382570283,1239.59670934
0.4368633,550.11957,False,0.8217947382570283,1239.59670934
0.82179475,639.6459,False,0.8217947382570283,1239.59670934
0.6478589,259.16827,False,0.8217947382570283,1239.59670934
0.67539227,281.82324,False,0.8217947382570283,1239.59670934
0.754515,450.91293,False,0.8217947382570283,1239.59670934
0.82179475,687.0378,False,0.8217947382570283,1239.59670934
0.50030637,654.61273,False,0.8217947382570283,1239.59670934
0.57048297,214.34947,False,0.8217947382570283,1239.59670934
0.77848613,368.29355,False,0.8217947382570283,1239.59670934
0.82179475,616.4208,False,0.8217947382570283,1239.59670934
0.39314097,525.1022,False,0.8217947382570283,1239.59670934
0.75478494,450.8945,False,0.8217947382570283,1239.59670934
0.4026114,264.7366,False,0.8217947382570283,1239.59670934
0.52125245,829.0674,False,0.8217947382570283,1239.59670934
0.5379594,197.99263,False,0.8217947382570283,1239.59670934
0.66346735,272.95523,False,0.8217947382570283,1239.59670934
0.0,7.764724,False,0.8217947382570283,1239.59670934
0.81832194,634.52216,False,0.8217947382570283,1239.59670934
0.613295,241.01918,False,0.8217947382570283,1239.59670934
0.70444363,304.04227,False,0.8217947382570283,1239.59670934
0.71897763,319.92758,False,0.8217947382570283,1239.59670934
0.5883217,225.37202,False,0.8217947382570283,1239.59670934
0.53541034,196.68839,False,0.8217947382570283,1239.59670934
0.6835711,289.44836,False,0.8217947382570283,1239.59670934
0.66204846,271.70746,False,0.8217947382570283,1239.59670934
0.7317718,324.08414,False,0.8217947382570283,1239.59670934
0.59787506,740.5782,False,0.8217947382570283,1239.59670934
0.22735254,423.36542,False,0.8217947382570283,1239.59670934
0.52651334,838.56824,False,0.8217947382570283,1239.59670934
0.5662557,515.08057,False,0.8217947382570283,1239.59670934
0.82179475,778.9497,False,0.8217947382570283,1239.59670934
0.5215821,190.25592,False,0.8217947382570283,1239.59670934
0.82179475,803.9455,False,0.8217947382570283,1239.59670934
0.19730605,370.46375,False,0.8217947382570283,1239.59670934
0.7745802,363.40585,False,0.8217947382570283,1239.59670934
0.67978364,683.3133,False,0.8217947382570283,1239.59670934
0.7564234,359.90778,False,0.8217947382570283,1239.59670934
0.82179475,512.925,False,0.8217947382570283,1239.59670934
0.7513087,341.45917,False,0.8217947382570283,1239.59670934
0.82179475,1419.8528,False,0.8217947382570283,1239.59670934
0.6308867,250.79086,False,0.8217947382570283,1239.59670934
0.61834824,245.03947,False,0.8217947382570283,1239.59670934
0.7487593,321.56955,False,0.8217947382570283,1239.59670934
0.8076631,493.32883,False,0.8217947382570283,1239.59670934
5.966397e-14,20.647203,True,0.8217947382570283,1239.59670934
0.80551964,514.42706,False,0.8217947382570283,1239.59670934
0.71510726,309.5516,False,0.8217947382570283,1239.59670934
0.6379161,254.64893,False,0.8217947382570283,1239.59670934
0.6561081,268.84216,False,0.8217947382570283,1239.59670934
0.0,7.764724,False,0.8217947382570283,1239.59670934
0.70119554,304.8378,False,0.8217947382570283,1239.59670934
0.7804777,861.90234,False,0.8217947382570283,1239.59670934
0.82179475,573.33093,False,0.8217947382570283,1239.59670934
0.5524014,205.86072,False,0.8217947382570283,1239.59670934
0.81294805,567.8715,False,0.8217947382570283,1239.59670934
0.6892327,294.0493,False,0.8217947382570283,1239.59670934
0.56436825,210.364,False,0.8217947382570283,1239.59670934
0.77363557,358.6636,False,0.8217947382570283,1239.59670934
0.0,7.764724,False,0.8217947382570283,1239.59670934
0.5152054,183.02824,False,0.8217947382570283,1239.59670934
0.82179475,521.9573,False,0.8217947382570283,1239.59670934
0.70463794,306.53476,False,0.8217947382570283,1239.59670934
1.231202e-16,396.4152,False,0.8217947382570283,1239.59670934
0.59440714,728.3283,False,0.8217947382570283,1239.59670934
0.82179475,608.9896,False,0.8217947382570283,1239.59670934
0.80422574,492.5858,False,0.8217947382570283,1239.59670934
0.82179475,616.36475,False,0.8217947382570283,1239.59670934
0.6658232,275.62442,False,0.8217947382570283,1239.59670934
0.72466093,316.18106,False,0.8217947382570283,1239.59670934
0.37849927,479.06525,False,0.8217947382570283,1239.59670934
0.7847253,367.5919,False,0.8217947382570283,1239.59670934
0.5970819,231.94504,False,0.8217947382570283,1239.59670934
0.5709692,215.8772,False,0.8217947382570283,1239.59670934
0.7047081,890.5158,False,0.8217947382570283,1239.59670934
0.69287395,299.9833,False,0.8217947382570283,1239.59670934
0.0,368.997,False,0.8217947382570283,1239.59670934
0.57461774,217.27466,False,0.8217947382570283,1239.59670934
0.56109756,226.54214,False,0.8217947382570283,1239.59670934
0.7494748,332.90656,False,0.8217947382570283,1239.59670934
0.82179475,500.15338,False,0.8217947382570283,1239.59670934
0.7002692,307.10236,False,0.8217947382570283,1239.59670934
0.57436967,233.20305,False,0.8217947382570283,1239.59670934
0.6447764,605.1182,False,0.8217947382570283,1239.59670934
0.7554828,697.9091,False,0.8217947382570283,1239.59670934
0.5505217,222.34224,False,0.8217947382570283,1239.59670934
0.6283981,263.74142,False,0.8217947382570283,1239.59670934
0.5982176,246.97331,False,0.8217947382570283,1239.59670934
0.0,7.764724,False,0.8217947382570283,1239.59670934
0.72214484,999.19574,False,0.8217947382570283,1239.59670934
0.63875,268.51074,False,0.8217947382570283,1239.59670934
0.6517503,277.5693,False,0.8217947382570283,1239.59670934
0.82179475,542.7467,False,0.8217947382570283,1239.59670934
0.63631487,550.96106,False,0.8217947382570283,1239.59670934
0.6455402,270.7836,False,0.8217947382570283,1239.59670934
0.82179475,1055.4501,False,0.8217947382570283,1239.59670934
0.5381601,215.96951,False,0.8217947382570283,1239.59670934
0.61950696,261.42252,False,0.8217947382570283,1239.59670934
0.56343293,234.31244,False,0.8217947382570283,1239.59670934
0.0,7.764724,False,0.8217947382570283,1239.59670934
0.58475596,245.2938,False,0.8217947382570283,1239.59670934
0.80178034,545.9486,False,0.8217947382570283,1239.59670934
0.67387235,290.63162,False,0.8217947382570283,1239.59670934
0.1204593,449.25095,False,0.8217947382570283,1239.59670934
0.52666885,214.50195,False,0.8217947382570283,1239.59670934
0.71268606,305.82288,False,0.8217947382570283,1239.59670934
0.19864677,373.71872,False,0.8217947382570283,1239.59670934
0.75046337,323.5018,False,0.8217947382570283,1239.59670934
0.82179475,1400.4397,False,0.8217947382570283,1239.59670934
0.80044967,354.79855,False,0.8217947382570283,1239.59670934
0.73973966,314.46323,False,0.8217947382570283,1239.59670934
0.82179475,762.8406,False,0.8217947382570283,1239.59670934
0.6397007,871.1458,False,0.8217947382570283,1239.59670934
0.42140874,728.30615,False,0.8217947382570283,1239.59670934
0.82179475,383.1839,False,0.8217947382570283,1239.59670934
0.726365,457.23737,False,0.8217947382570283,1239.59670934
0.82179475,670.9025,False,0.8217947382570283,1239.59670934
0.600956,559.2586,False,0.8217947382570283,1239.59670934
0.8007237,350.51254,False,0.8217947382570283,1239.59670934
0.77237266,329.2504,False,0.8217947382570283,1239.59670934
0.5920687,249.61626,False,0.8217947382570283,1239.59670934
0.67015755,288.63092,False,0.8217947382570283,1239.59670934
0.5204514,211.42276,False,0.8217947382570283,1239.59670934
0.82179475,731.4175,False,0.8217947382570283,1239.59670934
0.52661026,664.6979,False,0.8217947382570283,1239.59670934
1.71221e-14,216.5746,False,0.8217947382570283,1239.59670934
0.82179475,516.7533,False,0.8217947382570283,1239.59670934
0.7716536,499.6181,False,0.8217947382570283,1239.59670934
0.5674491,237.84451,False,0.8217947382570283,1239.59670934
0.7156816,307.40448,False,0.8217947382570283,1239.59670934
0.30769637,339.87628,False,0.8217947382570283,1239.59670934
0.0,175.57584,False,0.8217947382570283,1239.59670934
0.65683275,290.96643,False,0.8217947382570283,1239.59670934
0.82179475,706.9325,False,0.8217947382570283,1239.59670934
0.5073962,204.33536,False,0.8217947382570283,1239.59670934
0.5490525,411.73508,False,0.8217947382570283,1239.59670934
2.125538e-16,393.95386,False,0.8217947382570283,1239.59670934
0.6125432,258.23108,False,0.8217947382570283,1239.59670934
0.5391869,229.43683,False,0.8217947382570283,1239.59670934
0.6135346,258.50522,False,0.8217947382570283,1239.59670934
0.5705576,242.8107,False,0.8217947382570283,1239.59670934
0.792406,380.97675,False,0.8217947382570283,1239.59670934
0.50723165,221.18541,False,0.8217947382570283,1239.59670934
0.79699975,603.1057,False,0.8217947382570283,1239.59670934
0.5773246,244.93558,False,0.8217947382570283,1239.59670934
0.656743,274.48242,False,0.8217947382570283,1239.59670934
0.59512275,251.92426,False,0.8217947382570283,1239.59670934
0.7112924,293.42758,False,0.8217947382570283,1239.59670934
0.0,177.20885,False,0.8217947382570283,1239.59670934
0.67494255,281.94727,False,0.8217947382570283,1239.59670934
0.14412168,374.8815,False,0.8217947382570283,1239.59670934
0.72750825,297.9785,False,0.8217947382570283,1239.59670934
0.34444785,527.03705,False,0.8217947382570283,1239.59670934
0.22646508,404.71326,False,0.8217947382570283,1239.59670934
4.3513668e-16,207.74489,False,0.8217947382570283,1239.59670934
0.82179475,489.25012,False,0.8217947382570283,1239.59670934
6.6312782e-15,7.764724,False,0.8217947382570283,1239.59670934
0.5617005,238.39818,False,0.8217947382570283,1239.59670934
0.75065064,327.7696,False,0.8217947382570283,1239.59670934
0.0,92.25309,False,0.8217947382570283,1239.59670934
0.6919177,300.83002,False,0.8217947382570283,1239.59670934
0.766129,334.8155,False,0.8217947382570283,1239.59670934
0.65473837,279.0864,False,0.8217947382570283,1239.59670934
0.67483187,291.24292,False,0.8217947382570283,1239.59670934
0.58121854,240.0768,False,0.8217947382570283,1239.59670934
0.7859288,345.77628,False,0.8217947382570283,1239.59670934
0.46183634,174.97433,False,0.8217947382570283,1239.59670934
0.0,158.52075,False,0.8217947382570283,1239.59670934
8.8303026e-16,7.764724,False,0.8217947382570283,1239.59670934
0.36759582,436.65787,False,0.8217947382570283,1239.59670934
0.6144714,258.3432,False,0.8217947382570283,1239.59670934
0.5436581,220.13249,False,0.8217947382570283,1239.59670934
0.8006565,579.76654,False,0.8217947382570283,1239.59670934
0.25785732,406.7723,False,0.8217947382570283,1239.59670934
4.889059e-15,197.24866,False,0.8217947382570283,1239.59670934
0.5681577,1042.2361,False,0.8217947382570283,1239.59670934
0.6099954,381.375,False,0.8217947382570283,1239.59670934
0.6191811,639.0672,False,0.8217947382570283,1239.59670934
0.6581582,287.26532,False,0.8217947382570283,1239.59670934
0.5581467,496.569,False,0.8217947382570283,1239.59670934
0.7277418,317.8207,False,0.8217947382570283,1239.59670934
0.82179475,1059.0658,False,0.8217947382570283,1239.59670934
0.82179475,566.661,False,0.8217947382570283,1239.59670934
0.7935934,352.81265,False,0.8217947382570283,1239.59670934
0.5351926,216.52843,False,0.8217947382570283,1239.59670934
0.765786,333.8353,False,0.8217947382570283,1239.59670934
0.43483886,136.32225,True,0.8217947382570283,1239.59670934
0.82179475,768.31445,False,0.8217947382570283,1239.59670934
0.8138912,851.3367,False,0.8217947382570283,1239.59670934
0.5854657,245.47545,False,0.8217947382570283,1239.59670934
0.4583688,167.00198,False,0.8217947382570283,1239.59670934
5.0413924e-16,97.361015,False,0.8217947382570283,1239.59670934
0.633069,586.2362,False,0.8217947382570283,1239.59670934
0.6763326,289.70718,False,0.8217947382570283,1239.59670934
0.51998645,208.82,False,0.8217947382570283,1239.59670934
0.58461523,822.46484,False,0.8217947382570283,1239.59670934
0.6015629,768.3285,False,0.8217947382570283,1239.59670934
0.0,182.00818,False,0.8217947382570283,1239.59670934
0.8044268,776.04517,False,0.8217947382570283,1239.59670934
0.5583961,235.43338,False,0.8217947382570283,1239.59670934
0.63317955,274.2999,False,0.8217947382570283,1239.59670934
0.7957953,341.90335,False,0.8217947382570283,1239.59670934
0.5689766,240.35474,False,0.8217947382570283,1239.59670934
0.5309539,222.03517,False,0.8217947382570283,1239.59670934
0.615556,266.41583,False,0.8217947382570283,1239.59670934
0.706006,466.9109,False,0.8217947382570283,1239.59670934
0.5407246,227.01744,False,0.8217947382570283,1239.59670934
0.82179475,581.3336,False,0.8217947382570283,1239.59670934
0.82179475,375.78214,False,0.8217947382570283,1239.59670934
0.82179475,1038.0466,False,0.8217947382570283,1239.59670934
0.6828935,295.8817,False,0.8217947382570283,1239.59670934
0.26578104,125.77306,False,0.8217947382570283,1239.59670934
0.5081425,593.2482,False,0.8217947382570283,1239.59670934
0.0,7.764724,False,0.8217947382570283,1239.59670934
0.40201348,475.03766,False,0.8217947382570283,1239.59670934
0.4793594,447.2688,False,0.8217947382570283,1239.59670934
0.61696416,717.75964,False,0.8217947382570283,1239.59670934
0.6518275,284.50546,False,0.8217947382570283,1239.59670934
0.5210834,215.02261,False,0.8217947382570283,1239.59670934
0.4371996,150.81146,False,0.8217947382570283,1239.59670934
0.58997506,251.87814,False,0.8217947382570283,1239.59670934
0.70544744,301.17212,False,0.8217947382570283,1239.59670934
0.57731414,246.8984,False,0.8217947382570283,1239.59670934
0.6589399,437.29602,False,0.8217947382570283,1239.59670934
0.4096319,632.35223,False,0.8217947382570283,1239.59670934
0.75078386,316.21014,False,0.8217947382570283,1239.59670934
0.6137228,262.62967,False,0.8217947382570283,1239.59670934
0.5917488,366.0608,False,0.8217947382570283,1239.59670934
0.82179475,722.1387,False,0.8217947382570283,1239.59670934
0.4989032,203.48444,False,0.8217947382570283,1239.59670934
0.792219,335.567,False,0.8217947382570283,1239.59670934
0.82174397,367.41382,False,0.8217947382570283,1239.59670934
0.5017255,204.4324,False,0.8217947382570283,1239.59670934
0.6844249,295.38336,False,0.8217947382570283,1239.59670934
0.49428478,530.11304,False,0.8217947382570283,1239.59670934
0.0,108.81339,False,0.8217947382570283,1239.59670934
0.74980706,312.55618,False,0.8217947382570283,1239.59670934
0.82025653,698.5003,False,0.8217947382570283,1239.59670934
0.53953105,226.91664,False,0.8217947382570283,1239.59670934
0.5493111,230.51277,False,0.8217947382570283,1239.59670934
0.79787666,342.7546,False,0.8217947382570283,1239.59670934
0.53829837,227.29797,False,0.8217947382570283,1239.59670934
1.679177e-15,207.08743,False,0.8217947382570283,1239.59670934
0.34972313,129.74193,False,0.8217947382570283,1239.59670934
0.5314794,224.6077,False,0.8217947382570283,1239.59670934
0.8107688,363.86465,False,0.8217947382570283,1239.59670934
0.82179475,556.88873,False,0.8217947382570283,1239.59670934
0.76823545,320.22266,False,0.8217947382570283,1239.59670934
0.10402658,372.1529,False,0.8217947382570283,1239.59670934
0.6665293,285.62137,False,0.8217947382570283,1239.59670934
0.7973839,339.66718,False,0.8217947382570283,1239.59670934
0.7162215,800.24054,False,0.8217947382570283,1239.59670934
0.65612876,730.1308,False,0.8217947382570283,1239.59670934
0.10484757,747.96814,False,0.8217947382570283,1239.59670934
0.8057858,358.49976,False,0.8217947382570283,1239.59670934
0.6594831,627.4542,False,0.8217947382570283,1239.59670934
0.62023103,769.1925,False,0.8217947382570283,1239.59670934
0.1200714,379.52838,False,0.8217947382570283,1239.59670934
0.82179475,363.8247,False,0.8217947382570283,1239.59670934
0.421746,158.69652,False,0.8217947382570283,1239.59670934
0.5370065,229.30359,False,0.8217947382570283,1239.59670934
0.7289951,487.53076,False,0.8217947382570283,1239.59670934
0.7830505,323.45966,False,0.8217947382570283,1239.59670934
3.309752e-14,87.29286,False,0.8217947382570283,1239.59670934
0.8065215,342.24536,False,0.8217947382570283,1239.59670934
0.4218966,619.7787,False,0.8217947382570283,1239.59670934
0.791213,329.03665,False,0.8217947382570283,1239.59670934
0.8071749,337.029,False,0.8217947382570283,1239.59670934
0.47248015,457.57346,False,0.8217947382570283,1239.59670934
0.82179475,366.11722,False,0.8217947382570283,1239.59670934
0.8053905,334.9517,False,0.8217947382570283,1239.59670934
0.5370014,532.88324,False,0.8217947382570283,1239.59670934
0.6968099,298.17868,False,0.8217947382570283,1239.59670934
0.48135957,199.18495,False,0.8217947382570283,1239.59670934
6.1190846e-30,320.92764,False,0.8217947382570283,1239.59670934
0.6198473,511.36584,False,0.8217947382570283,1239.59670934
0.3430777,425.0064,False,0.8217947382570283,1239.59670934
0.3788203,519.9523,False,0.8217947382570283,1239.59670934
0.82179475,693.2029,False,0.8217947382570283,1239.59670934
0.43610823,174.33954,False,0.8217947382570283,1239.59670934
0.15452354,117.16044,False,0.8217947382570283,1239.59670934
0.82179475,993.93536,False,0.8217947382570283,1239.59670934
0.7832372,327.16458,False,0.8217947382570283,1239.59670934
0.715556,304.06705,False,0.8217947382570283,1239.59670934
0.8047838,351.24664,False,0.8217947382570283,1239.59670934
0.46456197,762.9348,False,0.8217947382570283,1239.59670934
0.82179475,446.38513,False,0.8217947382570283,1239.59670934
0.52897525,224.947,False,0.8217947382570283,1239.59670934
0.58563185,252.2644,False,0.8217947382570283,1239.59670934
0.7976874,567.03345,False,0.8217947382570283,1239.59670934
0.42075765,454.4413,False,0.8217947382570283,1239.59670934
0.8098862,359.73645,False,0.8217947382570283,1239.59670934
0.7017424,462.56238,False,0.8217947382570283,1239.59670934
0.82179475,578.20593,False,0.8217947382570283,1239.59670934
0.56588787,750.8904,False,0.8217947382570283,1239.59670934
0.5333577,564.1053,False,0.8217947382570283,1239.59670934
0.38918412,139.67763,False,0.8217947382570283,1239.59670934
0.40300262,148.8274,False,0.8217947382570283,1239.59670934
0.35464454,135.96057,False,0.8217947382570283,1239.59670934
0.5968201,258.2069,False,0.8217947382570283,1239.59670934
0.7934889,334.7988,False,0.8217947382570283,1239.59670934
0.68359464,636.92926,False,0.8217947382570283,1239.59670934
0.7940166,335.87784,False,0.8217947382570283,1239.59670934
0.4328345,180.69939,False,0.8217947382570283,1239.59670934
0.52831185,515.4323,False,0.8217947382570283,1239.59670934
0.82179475,690.9223,False,0.8217947382570283,1239.59670934
0.55621505,241.20123,False,0.8217947382570283,1239.59670934
0.60403705,263.29266,False,0.8217947382570283,1239.59670934
0.82179475,391.76804,False,0.8217947382570283,1239.59670934
0.5005266,215.29457,False,0.8217947382570283,1239.59670934
0.0,80.76003,False,0.8217947382570283,1239.59670934
0.7605796,316.33994,False,0.8217947382570283,1239.59670934
0.49780425,501.86374,False,0.8217947382570283,1239.59670934
0.0,162.94423,False,0.8217947382570283,1239.59670934
0.81740105,359.01852,False,0.8217947382570283,1239.59670934
0.6619686,537.0689,False,0.8217947382570283,1239.59670934
0.6627262,661.38947,False,0.8217947382570283,1239.59670934
0.47089893,201.52664,False,0.8217947382570283,1239.59670934
3.0085148e-17,79.13712,False,0.8217947382570283,1239.59670934
0.5143275,222.08481,False,0.8217947382570283,1239.59670934
0.6274092,272.72244,False,0.8217947382570283,1239.59670934
0.7939496,336.03284,False,0.8217947382570283,1239.59670934
0.0,73.59417,False,0.8217947382570283,1239.59670934
6.8890614e-16,551.5117,False,0.8217947382570283,1239.59670934
0.72642183,305.663,False,0.8217947382570283,1239.59670934
0.80562204,350.0466,False,0.8217947382570283,1239.59670934
0.4718417,490.3546,False,0.8217947382570283,1239.59670934
0.82179475,529.23596,False,0.8217947382570283,1239.59670934
0.82179475,590.6476,False,0.8217947382570283,1239.59670934
0.6428929,278.9165,False,0.8217947382570283,1239.59670934
0.40143898,163.63696,False,0.8217947382570283,1239.59670934
0.23366284,330.40384,False,0.8217947382570283,1239.59670934
0.024569327,298.12778,False,0.8217947382570283,1239.59670934
0.16413799,317.7919,False,0.8217947382570283,1239.59670934
0.82179475,729.1752,False,0.8217947382570283,1239.59670934
0.3792967,683.0484,False,0.8217947382570283,1239.59670934
0.6642784,554.42944,False,0.8217947382570283,1239.59670934
0.80614734,352.94016,False,0.8217947382570283,1239.59670934
0.82179475,589.2589,False,0.8217947382570283,1239.59670934
0.6513343,280.37866,False,0.8217947382570283,1239.59670934
0.46381298,199.56815,False,0.8217947382570283,1239.59670934
0.79920393,340.4442,False,0.8217947382570283,1239.59670934
0.43342254,186.76642,False,0.8217947382570283,1239.59670934
2.518484e-14,7.764724,True,0.8217947382570283,1239.59670934
0.42319295,183.18982,False,0.8217947382570283,1239.59670934
0.6208464,268.45917,False,0.8217947382570283,1239.59670934
0.8054938,348.25436,False,0.8217947382570283,1239.59670934
0.79557467,343.0443,False,0.8217947382570283,1239.59670934
0.5397758,345.8312,False,0.8217947382570283,1239.59670934
0.0,624.4716,False,0.8217947382570283,1239.59670934
0.38663408,548.9601,False,0.8217947382570283,1239.59670934
0.7863181,643.8164,False,0.8217947382570283,1239.59670934
0.7409928,600.5246,False,0.8217947382570283,1239.59670934
0.43354252,185.1175,False,0.8217947382570283,1239.59670934
0.38597918,160.56438,False,0.8217947382570283,1239.59670934
0.8087743,477.34842,False,0.8217947382570283,1239.59670934
0.82179475,730.51184,False,0.8217947382570283,1239.59670934
0.5957994,662.45605,False,0.8217947382570283,1239.59670934
0.7792918,318.88654,False,0.8217947382570283,1239.59670934
0.4938431,213.68027,False,0.8217947382570283,1239.59670934
0.5625503,243.62767,False,0.8217947382570283,1239.59670934
0.81810176,359.04486,False,0.8217947382570283,1239.59670934
9.3418654e-14,88.69674,True,0.8217947382570283,1239.59670934
0.81391525,633.4074,False,0.8217947382570283,1239.59670934
0.63279873,272.49042,False,0.8217947382570283,1239.59670934
0.6034172,261.22452,False,0.8217947382570283,1239.59670934
0.78741324,323.80157,False,0.8217947382570283,1239.59670934
0.0,7.764724,False,0.8217947382570283,1239.59670934
0.6278369,427.92456,False,0.8217947382570283,1239.59670934
0.7273134,303.55865,False,0.8217947382570283,1239.59670934
0.36392832,425.63345,False,0.8217947382570283,1239.59670934
0.59312326,257.40875,False,0.8217947382570283,1239.59670934
0.57539296,661.6495,False,0.8217947382570283,1239.59670934
0.80288523,571.22784,False,0.8217947382570283,1239.59670934
0.8183853,390.4398,False,0.8217947382570283,1239.59670934
0.818546,394.86896,False,0.8217947382570283,1239.59670934
0.40462977,527.45825,False,0.8217947382570283,1239.59670934
0.7950493,331.66895,False,0.8217947382570283,1239.59670934
0.6421184,274.04626,False,0.8217947382570283,1239.59670934
0.78762203,322.29428,False,0.8217947382570283,1239.59670934
0.82179475,648.7287,False,0.8217947382570283,1239.59670934
0.31995484,499.96307,False,0.8217947382570283,1239.59670934
0.7610378,338.69,False,0.8217947382570283,1239.59670934
0.5123202,220.42703,False,0.8217947382570283,1239.59670934
0.5990818,257.05267,False,0.8217947382570283,1239.59670934
0.5384683,510.0281,False,0.8217947382570283,1239.59670934
0.73316926,301.19064,False,0.8217947382570283,1239.59670934
0.6524671,737.28687,False,0.8217947382570283,1239.59670934
0.5196928,222.96114,False,0.8217947382570283,1239.59670934
0.730154,298.75925,False,0.8217947382570283,1239.59670934
0.4207891,175.48529,False,0.8217947382570283,1239.59670934
0.5173504,557.45056,False,0.8217947382570283,1239.59670934
0.35861883,540.1909,False,0.8217947382570283,1239.59670934
0.5686533,611.5482,False,0.8217947382570283,1239.59670934
0.5850114,253.29578,False,0.8217947382570283,1239.59670934
0.31438276,439.15256,False,0.8217947382570283,1239.59670934
0.7887066,324.14722,False,0.8217947382570283,1239.59670934
0.7674986,679.5117,False,0.8217947382570283,1239.59670934
0.5396924,231.93779,False,0.8217947382570283,1239.59670934
0.82179475,691.3073,False,0.8217947382570283,1239.59670934
0.59602314,254.81999,False,0.8217947382570283,1239.59670934
0.5982112,255.60988,False,0.8217947382570283,1239.59670934
0.8166163,367.9567,False,0.8217947382570283,1239.59670934
0.7114866,294.82156,False,0.8217947382570283,1239.59670934
0.0,98.50856,False,0.8217947382570283,1239.59670934
0.79523045,329.7546,False,0.8217947382570283,1239.59670934
0.67804223,713.5819,False,0.8217947382570283,1239.59670934
0.82179475,543.09015,False,0.8217947382570283,1239.59670934
0.70364547,292.58835,False,0.8217947382570283,1239.59670934
0.3692948,536.4539,False,0.8217947382570283,1239.59670934
0.72115886,295.4634,False,0.8217947382570283,1239.59670934
0.36555162,140.81277,False,0.8217947382570283,1239.59670934
0.63643104,795.0915,False,0.8217947382570283,1239.59670934
0.8100188,345.00095,False,0.8217947382570283,1239.59670934
0.5560191,541.8431,False,0.8217947382570283,1239.59670934
0.76311165,310.73703,False,0.8217947382570283,1239.59670934
0.21212402,370.93423,False,0.8217947382570283,1239.59670934
0.092610486,378.7655,False,0.8217947382570283,1239.59670934
0.52822447,227.62653,False,0.8217947382570283,1239.59670934
0.7088338,294.36035,False,0.8217947382570283,1239.59670934
0.35994,139.98642,False,0.8217947382570283,1239.59670934
0.5905306,253.1888,False,0.8217947382570283,1239.59670934
0.7615733,311.13,False,0.8217947382570283,1239.59670934
0.4740283,549.13354,False,0.8217947382570283,1239.59670934
0.5502251,236.88007,False,0.8217947382570283,1239.59670934
0.7433219,304.9787,False,0.8217947382570283,1239.59670934
0.54688,447.6275,False,0.8217947382570283,1239.59670934
0.7842051,320.969,False,0.8217947382570283,1239.59670934
0.7944967,329.7096,False,0.8217947382570283,1239.59670934
0.24934822,120.45924,False,0.8217947382570283,1239.59670934
0.609018,260.13037,False,0.8217947382570283,1239.59670934
0.70136124,278.83185,False,0.8217947382570283,1239.59670934
0.43498442,184.83046,False,0.8217947382570283,1239.59670934
0.078526236,408.2519,False,0.8217947382570283,1239.59670934
0.8204685,979.43317,False,0.8217947382570283,1239.59670934
0.4520901,191.91881,False,0.8217947382570283,1239.59670934
0.8174013,365.78937,False,0.8217947382570283,1239.59670934
0.57788324,362.39078,False,0.8217947382570283,1239.59670934
0.82179475,685.9422,False,0.8217947382570283,1239.59670934
0.6415415,271.69608,False,0.8217947382570283,1239.59670934
0.76287615,310.37457,False,0.8217947382570283,1239.59670934
0.81021494,384.25507,False,0.8217947382570283,1239.59670934
0.30018437,127.08393,False,0.8217947382570283,1239.59670934
0.34984675,134.28093,False,0.8217947382570283,1239.59670934
0.80087173,663.6789,False,0.8217947382570283,1239.59670934
0.45464924,515.9663,False,0.8217947382570283,1239.59670934
0.7896049,330.39673,False,0.8217947382570283,1239.59670934
0.8121268,565.7645,False,0.8217947382570283,1239.59670934
0.67557746,282.77963,False,0.8217947382570283,1239.59670934
0.77445465,384.10724,False,0.8217947382570283,1239.59670934
0.40056682,165.641,False,0.8217947382570283,1239.59670934
0.54485685,233.09888,False,0.8217947382570283,1239.59670934
0.75415885,509.26874,False,0.8217947382570283,1239.59670934
0.6687825,449.12015,False,0.8217947382570283,1239.59670934
0.801284,345.4621,False,0.8217947382570283,1239.59670934
0.82179475,667.766,False,0.8217947382570283,1239.59670934
0.38941947,163.43173,False,0.8217947382570283,1239.59670934
0.7957243,338.70297,False,0.8217947382570283,1239.59670934
0.7988686,343.9509,False,0.8217947382570283,1239.59670934
0.5932777,252.18619,False,0.8217947382570283,1239.59670934
0.82179475,491.02103,False,0.8217947382570283,1239.59670934
0.5740296,245.05573,False,0.8217947382570283,1239.59670934
0.7998627,345.22183,False,0.8217947382570283,1239.59670934
0.5572855,238.72028,False,0.8217947382570283,1239.59670934
0.80506843,736.34106,False,0.8217947382570283,1239.59670934
0.4401382,189.8678,False,0.8217947382570283,1239.59670934
0.77258563,311.98303,False,0.8217947382570283,1239.59670934
0.6507367,737.7268,False,0.8217947382570283,1239.59670934
0.7419916,302.00235,False,0.8217947382570283,1239.59670934
0.7073084,290.3312,False,0.8217947382570283,1239.59670934
0.80579126,352.12415,False,0.8217947382570283,1239.59670934
0.5519864,455.16345,False,0.8217947382570283,1239.59670934
0.7101435,286.9836,False,0.8217947382570283,1239.59670934
0.8104867,372.97714,False,0.8217947382570283,1239.59670934
0.0,78.36512,False,0.8217947382570283,1239.59670934
0.48562554,209.43898,False,0.8217947382570283,1239.59670934
0.52141404,224.45335,False,0.8217947382570283,1239.59670934
0.78018445,318.99332,False,0.8217947382570283,1239.59670934
0.52323097,223.27727,False,0.8217947382570283,1239.59670934
0.8014462,348.5359,False,0.8217947382570283,1239.59670934
0.0,7.764724,False,0.8217947382570283,1239.59670934
0.5322505,400.86237,False,0.8217947382570283,1239.59670934
0.5802174,246.02788,False,0.8217947382570283,1239.59670934
0.10019286,371.94675,False,0.8217947382570283,1239.59670934
0.7258722,296.22507,False,0.8217947382570283,1239.59670934
0.2996985,129.49355,False,0.8217947382570283,1239.59670934
0.0,93.882675,False,0.8217947382570283,1239.59670934
0.42397133,179.3375,False,0.8217947382570283,1239.59670934
0.39299038,164.06174,False,0.8217947382570283,1239.59670934
0.61127615,620.894,False,0.8217947382570283,1239.59670934
0.74765664,469.9475,False,0.8217947382570283,1239.59670934
0.37914002,159.57982,False,0.8217947382570283,1239.59670934
0.57852834,708.8138,False,0.8217947382570283,1239.59670934
0.82179475,619.44476,False,0.8217947382570283,1239.59670934
0.68803895,303.04724,False,0.8217947382570283,1239.59670934
0.7780589,317.51096,False,0.8217947382570283,1239.59670934
0.79477674,338.47794,False,0.8217947382570283,1239.59670934
0.54763925,539.8081,False,0.8217947382570283,1239.59670934
0.7275631,297.12253,False,0.8217947382570283,1239.59670934
0.4864983,208.46992,False,0.8217947382570283,1239.59670934
0.7752937,314.78568,False,0.8217947382570283,1239.59670934
0.6951875,287.0214,False,0.8217947382570283,1239.59670934
0.6772768,282.02087,False,0.8217947382570283,1239.59670934
0.8095782,768.3877,False,0.8217947382570283,1239.59670934
0.7037783,647.50024,False,0.8217947382570283,1239.59670934
0.36044392,142.49522,False,0.8217947382570283,1239.59670934
0.47073883,629.9161,False,0.8217947382570283,1239.59670934
0.7715949,311.92447,False,0.8217947382570283,1239.59670934
0.82179475,654.07007,False,0.8217947382570283,1239.59670934
0.82179475,690.359,False,0.8217947382570283,1239.59670934
0.8070926,359.51907,False,0.8217947382570283,1239.59670934
0.7310214,296.8453,False,0.8217947382570283,1239.59670934
0.5101135,218.35963,False,0.8217947382570283,1239.59670934
0.5231544,420.5884,False,0.8217947382570283,1239.59670934
0.79725283,464.0155,False,0.8217947382570283,1239.59670934
0.80961746,538.39514,False,0.8217947382570283,1239.59670934
0.7885649,648.86066,False,0.8217947382570283,1239.59670934
0.59584445,253.0725,False,0.8217947382570283,1239.59670934
0.0,98.22996,False,0.8217947382570283,1239.59670934
0.4917249,211.00162,False,0.8217947382570283,1239.59670934
0.70856166,290.66937,False,0.8217947382570283,1239.59670934
0.8178322,992.2859,False,0.8217947382570283,1239.59670934
7.5963365e-14,82.33991,False,0.8217947382570283,1239.59670934
0.6123597,399.25974,False,0.8217947382570283,1239.59670934
0.71054626,291.48184,False,0.8217947382570283,1239.59670934
0.72397256,295.7441,False,0.8217947382570283,1239.59670934
0.7725622,311.9938,False,0.8217947382570283,1239.59670934
0.80478746,355.48322,False,0.8217947382570283,1239.59670934
0.7539331,322.558,False,0.8217947382570283,1239.59670934
0.80759555,385.95648,False,0.8217947382570283,1239.59670934
0.7783989,315.0183,False,0.8217947382570283,1239.59670934
0.48670653,534.97095,False,0.8217947382570283,1239.59670934
0.6687384,279.28717,False,0.8217947382570283,1239.59670934
0.559407,239.06996,False,0.8217947382570283,1239.59670934
0.15199468,470.86707,False,0.8217947382570283,1239.59670934
0.7723912,498.03613,False,0.8217947382570283,1239.59670934
0.36281374,143.04266,False,0.8217947382570283,1239.59670934
0.79943335,538.589,False,0.8217947382570283,1239.59670934
0.77329135,311.32867,False,0.8217947382570283,1239.59670934
0.82179475,555.991,False,0.8217947382570283,1239.59670934
0.0,7.764724,False,0.8217947382570283,1239.59670934
0.7934676,336.94037,False,0.8217947382570283,1239.59670934
0.0,121.31281,False,0.8217947382570283,1239.59670934
0.8124826,683.4723,False,0.8217947382570283,1239.59670934
0.44140184,653.8165,False,0.8217947382570283,1239.59670934
0.71531266,293.52313,False,0.8217947382570283,1239.59670934
5.623595e-16,7.764724,False,0.8217947382570283,1239.59670934
0.78624016,328.25742,False,0.8217947382570283,1239.59670934
0.7679113,492.71774,False,0.8217947382570283,1239.59670934
0.804886,373.9467,False,0.8217947382570283,1239.59670934
0.3875445,158.85405,False,0.8217947382570283,1239.59670934
0.48790038,209.26227,False,0.8217947382570283,1239.59670934
0.71625143,292.3985,False,0.8217947382570283,1239.59670934
0.7112172,637.8638,False,0.8217947382570283,1239.59670934
0.2944815,133.10867,False,0.8217947382570283,1239.59670934
0.1505455,267.9201,False,0.8217947382570283,1239.59670934
0.21894692,455.6484,False,0.8217947382570283,1239.59670934
0.5453185,461.30792,False,0.8217947382570283,1239.59670934
0.51134765,219.50487,False,0.8217947382570283,1239.59670934
0.79847676,342.75027,False,0.8217947382570283,1239.59670934
0.604583,256.6544,False,0.8217947382570283,1239.59670934
0.80871844,628.02893,False,0.8217947382570283,1239.59670934
0.78901315,330.1281,False,0.8217947382570283,1239.59670934
0.0,185.28851,False,0.8217947382570283,1239.59670934
0.0,7.764724,False,0.8217947382570283,1239.59670934
0.28447065,436.54636,False,0.8217947382570283,1239.59670934
0.42941368,181.45244,False,0.8217947382570283,1239.59670934
0.52690285,226.05637,False,0.8217947382570283,1239.59670934
0.3636006,142.22777,False,0.8217947382570283,1239.59670934
0.57069033,243.76482,False,0.8217947382570283,1239.59670934
0.6849086,520.0026,False,0.8217947382570283,1239.59670934
0.42356762,179.74599,False,0.8217947382570283,1239.59670934
0.82179475,528.1128,False,0.8217947382570283,1239.59670934
0.42079496,680.8462,False,0.8217947382570283,1239.59670934
0.8067023,374.37216,False,0.8217947382570283,1239.59670934
0.06644266,377.40405,False,0.8217947382570283,1239.59670934
0.5559859,510.78128,False,0.8217947382570283,1239.59670934
0.80705917,356.97946,False,0.8217947382570283,1239.59670934
0.813399,680.06274,False,0.8217947382570283,1239.59670934
0.45947632,197.15475,False,0.8217947382570283,1239.59670934
1.1038937e-15,7.764724,False,0.8217947382570283,1239.59670934
0.5832971,248.29112,False,0.8217947382570283,1239.59670934
0.6700023,280.26788,False,0.8217947382570283,1239.59670934
0.44452205,190.7354,False,0.8217947382570283,1239.59670934
0.7342017,298.04074,False,0.8217947382570283,1239.59670934
0.3850298,158.21416,False,0.8217947382570283,1239.59670934
0.46702483,199.46742,False,0.8217947382570283,1239.59670934
0.7851711,324.32437,False,0.8217947382570283,1239.59670934
0.4294903,183.40405,False,0.8217947382570283,1239.59670934
0.6759696,281.67563,False,0.8217947382570283,1239.59670934
0.82179475,628.4726,False,0.8217947382570283,1239.59670934
0.8074264,380.32837,False,0.8217947382570283,1239.59670934
0.77368784,311.53064,False,0.8217947382570283,1239.59670934
0.5361518,379.18484,False,0.8217947382570283,1239.59670934
2.5638205e-16,101.99749,False,0.8217947382570283,1239.59670934
0.7992252,343.49036,False,0.8217947382570283,1239.59670934
0.4947989,709.15125,False,0.8217947382570283,1239.59670934
0.787262,326.9436,False,0.8217947382570283,1239.59670934
0.6274349,264.56943,False,0.8217947382570283,1239.59670934
0.81166726,725.0272,False,0.8217947382570283,1239.59670934
0.09004338,133.59511,False,0.8217947382570283,1239.59670934
1.8260988e-15,7.764724,False,0.8217947382570283,1239.59670934
0.4124663,174.1497,False,0.8217947382570283,1239.59670934
0.7758521,312.46234,False,0.8217947382570283,1239.59670934
0.82179475,725.8468,False,0.8217947382570283,1239.59670934
0.6033464,255.81024,False,0.8217947382570283,1239.59670934
0.8182529,706.19403,False,0.8217947382570283,1239.59670934
0.7964023,338.66455,False,0.8217947382570283,1239.59670934
0.39585388,165.92969,False,0.8217947382570283,1239.59670934
0.37651336,154.41525,False,0.8217947382570283,1239.59670934
3.1756213e-16,7.764724,False,0.8217947382570283,1239.59670934
0.40438297,432.5874,False,0.8217947382570283,1239.59670934
0.78541243,323.82254,False,0.8217947382570283,1239.59670934
0.8005049,651.9196,False,0.8217947382570283,1239.59670934
0.80035543,344.23157,False,0.8217947382570283,1239.59670934
0.54601645,600.1116,False,0.8217947382570283,1239.59670934
0.5080832,218.56506,False,0.8217947382570283,1239.59670934
0.35695013,619.6095,False,0.8217947382570283,1239.59670934
0.6018856,255.21956,False,0.8217947382570283,1239.59670934
0.0,190.90825,False,0.8217947382570283,1239.59670934
0.82179475,551.5567,False,0.8217947382570283,1239.59670934
0.39041406,161.78398,False,0.8217947382570283,1239.59670934
0.8067557,354.11465,False,0.8217947382570283,1239.59670934
0.79767096,969.3437,False,0.8217947382570283,1239.59670934
1.2183718e-15,114.99518,False,0.8217947382570283,1239.59670934
0.5272254,226.71922,False,0.8217947382570283,1239.59670934
0.46037295,197.94998,False,0.8217947382570283,1239.59670934
0.7636235,337.83423,False,0.8217947382570283,1239.59670934
0.2104705,473.0989,False,0.8217947382570283,1239.59670934
0.5633206,240.16808,False,0.8217947382570283,1239.59670934
0.6201796,261.8203,False,0.8217947382570283,1239.59670934
0.8098411,371.36505,False,0.8217947382570283,1239.59670934
0.0,77.11082,False,0.8217947382570283,1239.59670934
0.2039907,337.5294,False,0.8217947382570283,1239.59670934
0.0,620.67975,False,0.8217947382570283,1239.59670934
0.82179475,475.50644,False,0.8217947382570283,1239.59670934
0.77977496,317.49356,False,0.8217947382570283,1239.59670934
0.07513239,462.7434,False,0.8217947382570283,1239.59670934
0.7624686,306.3825,False,0.8217947382570283,1239.59670934
0.277659,137.17235,False,0.8217947382570283,1239.59670934
0.51795566,228.2417,False,0.8217947382570283,1239.59670934
0.76818866,504.85635,False,0.8217947382570283,1239.59670934
0.7494501,486.36392,False,0.8217947382570283,1239.59670934
0.6857769,281.32266,False,0.8217947382570283,1239.59670934
0.45145044,201.04347,False,0.8217947382570283,1239.59670934
0.48786393,217.23846,False,0.8217947382570283,1239.59670934
0.31685522,139.97125,False,0.8217947382570283,1239.59670934
0.50982404,226.03654,False,0.8217947382570283,1239.59670934
0.0,7.764724,False,0.8217947382570283,1239.59670934
0.44959894,518.80457,False,0.8217947382570283,1239.59670934
0.0,152.41258,False,0.8217947382570283,1239.59670934
2.3838988e-30,278.05133,False,0.8217947382570283,1239.59670934
0.8024937,344.80194,False,0.8217947382570283,1239.59670934
0.1213704,272.2018,False,0.8217947382570283,1239.59670934
0.53731203,534.91266,False,0.8217947382570283,1239.59670934
0.8170018,376.1477,False,0.8217947382570283,1239.59670934
0.47725916,570.7155,False,0.8217947382570283,1239.59670934
0.80852187,598.372,False,0.8217947382570283,1239.59670934
0.0,113.765175,False,0.8217947382570283,1239.59670934
0.8008582,667.35254,False,0.8217947382570283,1239.59670934
0.7464248,305.05423,False,0.8217947382570283,1239.59670934
0.67225087,281.75293,False,0.8217947382570283,1239.59670934
0.52211463,226.31297,False,0.8217947382570283,1239.59670934
0.3864115,157.35316,False,0.8217947382570283,1239.59670934
2.6767876e-17,56.01663,False,0.8217947382570283,1239.59670934
0.74530685,304.63654,False,0.8217947382570283,1239.59670934
0.3667913,145.32806,False,0.8217947382570283,1239.59670934
0.80786085,358.6141,False,0.8217947382570283,1239.59670934
0.17140669,431.80298,False,0.8217947382570283,1239.59670934
0.78885454,328.15482,False,0.8217947382570283,1239.59670934
0.6509423,275.3239,False,0.8217947382570283,1239.59670934
0.8123127,382.88126,False,0.8217947382570283,1239.59670934
3.0540098e-16,282.72626,False,0.8217947382570283,1239.59670934
0.5776427,701.9924,False,0.8217947382570283,1239.59670934
0.43797353,186.96516,False,0.8217947382570283,1239.59670934
0.47491947,198.72453,False,0.8217947382570283,1239.59670934
0.09316043,416.34695,False,0.8217947382570283,1239.59670934
0.08253839,396.1034,False,0.8217947382570283,1239.59670934
0.59726316,255.74852,False,0.8217947382570283,1239.59670934
0.79260975,337.4473,False,0.8217947382570283,1239.59670934
0.6314836,537.93744,False,0.8217947382570283,1239.59670934
0.75499266,307.80383,False,0.8217947382570283,1239.59670934
0.77469414,316.15762,False,0.8217947382570283,1239.59670934
0.6357362,713.5641,False,0.8217947382570283,1239.59670934
0.7813756,322.8884,False,0.8217947382570283,1239.59670934
0.3419184,131.8753,False,0.8217947382570283,1239.59670934
0.57702523,692.9107,False,0.8217947382570283,1239.59670934
0.8079474,1423.4769,False,0.8217947382570283,1239.59670934
0.43077466,183.95476,False,0.8217947382570283,1239.59670934
0.6665781,739.6981,False,0.8217947382570283,1239.59670934
0.47983423,208.04047,False,0.8217947382570283,1239.59670934
0.55004907,237.95679,False,0.8217947382570283,1239.59670934
0.0,7.764724,False,0.8217947382570283,1239.59670934
0.80347544,355.01593,False,0.8217947382570283,1239.59670934
0.74128836,495.20465,False,0.8217947382570283,1239.59670934
0.36265883,141.15443,False,0.8217947382570283,1239.59670934
0.66163677,608.7969,False,0.8217947382570283,1239.59670934
0.80849206,364.26373,False,0.8217947382570283,1239.59670934
0.79210687,336.26193,False,0.8217947382570283,1239.59670934
1.09146506e-14,87.236374,False,0.8217947382570283,1239.59670934
0.62543315,265.5577,False,0.8217947382570283,1239.59670934
0.8088337,391.42276,False,0.8217947382570283,1239.59670934
0.796282,341.78876,False,0.8217947382570283,1239.59670934
0.7930288,752.2881,False,0.8217947382570283,1239.59670934
0.37620154,796.9028,False,0.8217947382570283,1239.59670934
0.61399263,261.2787,False,0.8217947382570283,1239.59670934
0.4263593,181.39104,False,0.8217947382570283,1239.59670934
0.80831033,368.35208,False,0.8217947382570283,1239.59670934
0.43139368,184.10071,False,0.8217947382570283,1239.59670934
0.43998426,187.96463,False,0.8217947382570283,1239.59670934
0.57392657,666.179,False,0.8217947382570283,1239.59670934
0.3015719,474.918,False,0.8217947382570283,1239.59670934
0.4008965,168.40173,False,0.8217947382570283,1239.59670934
0.7513452,306.1738,False,0.8217947382570283,1239.59670934
0.15029134,392.4231,False,0.8217947382570283,1239.59670934
0.0,7.764724,False,0.8217947382570283,1239.59670934
0.78164613,323.4886,False,0.8217947382570283,1239.59670934
0.44834024,631.9426,False,0.8217947382570283,1239.59670934
0.80666256,357.75427,False,0.8217947382570283,1239.59670934
0.7327603,299.3596,False,0.8217947382570283,1239.59670934
0.7902108,333.73853,False,0.8217947382570283,1239.59670934
0.6385208,270.40448,False,0.8217947382570283,1239.59670934
0.48558846,211.27377,False,0.8217947382570283,1239.59670934
0.7184027,931.712,False,0.8217947382570283,1239.59670934
4.1312992e-16,7.764724,False,0.8217947382570283,1239.59670934
0.4174831,177.31892,False,0.8217947382570283,1239.59670934
0.7707817,610.4868,False,0.8217947382570283,1239.59670934
0.7482044,303.91205,False,0.8217947382570283,1239.59670934
0.7206613,295.3675,False,0.8217947382570283,1239.59670934
0.3614111,141.46758,False,0.8217947382570283,1239.59670934
0.80626273,350.3923,False,0.8217947382570283,1239.59670934
0.6061591,259.38464,False,0.8217947382570283,1239.59670934
0.43728897,648.60236,False,0.8217947382570283,1239.59670934
0.36639184,144.8559,False,0.8217947382570283,1239.59670934
0.5389138,481.91476,False,0.8217947382570283,1239.59670934
0.514551,528.1714,False,0.8217947382570283,1239.59670934
0.44311455,427.15515,False,0.8217947382570283,1239.59670934
0.82179475,539.65857,False,0.8217947382570283,1239.59670934
0.7960755,341.1003,False,0.8217947382570283,1239.59670934
0.6191054,673.3165,False,0.8217947382570283,1239.59670934
0.7812958,322.44473,False,0.8217947382570283,1239.59670934
0.773631,313.8914,False,0.8217947382570283,1239.59670934
0.77906513,317.5099,False,0.8217947382570283,1239.59670934
0.57244164,300.78195,False,0.8217947382570283,1239.59670934
0.5548487,558.58246,False,0.8217947382570283,1239.59670934
0.6810106,740.81396,False,0.8217947382570283,1239.59670934
0.810153,363.0236,False,0.8217947382570283,1239.59670934
0.5424626,234.95512,False,0.8217947382570283,1239.59670934
0.54546297,240.50691,False,0.8217947382570283,1239.59670934
0.6828582,448.07114,False,0.8217947382570283,1239.59670934
0.40988797,630.39966,False,0.8217947382570283,1239.59670934
0.82179475,472.72702,False,0.8217947382570283,1239.59670934
0.48358986,210.6934,False,0.8217947382570283,1239.59670934
5.0598648e-14,102.64028,False,0.8217947382570283,1239.59670934
0.0,115.092926,False,0.8217947382570283,1239.59670934
1.26417245e-14,267.16083,False,0.8217947382570283,1239.59670934
0.6654935,278.23032,False,0.8217947382570283,1239.59670934
0.81383836,567.52893,False,0.8217947382570283,1239.59670934
0.74587333,302.09213,False,0.8217947382570283,1239.59670934
0.44259316,191.98946,False,0.8217947382570283,1239.59670934
0.79774374,563.17194,False,0.8217947382570283,1239.59670934
0.7833768,324.20908,False,0.8217947382570283,1239.59670934
0.42289972,182.97432,False,0.8217947382570283,1239.59670934
0.4148715,178.67967,False,0.8217947382570283,1239.59670934
0.7514352,303.52567,False,0.8217947382570283,1239.59670934
0.08882111,190.54337,False,0.8217947382570283,1239.59670934
0.80769855,359.8727,False,0.8217947382570283,1239.59670934
0.58843875,252.3561,False,0.8217947382570283,1239.59670934
0.7443155,301.60626,False,0.8217947382570283,1239.59670934
0.8162475,674.69116,False,0.8217947382570283,1239.59670934
0.4869146,540.2319,False,0.8217947382570283,1239.59670934
0.70282114,289.60025,False,0.8217947382570283,1239.59670934
0.7912395,333.99582,False,0.8217947382570283,1239.59670934
0.6375474,598.1714,False,0.8217947382570283,1239.59670934
0.4898839,540.6969,False,0.8217947382570283,1239.59670934
0.5243028,541.89795,False,0.8217947382570283,1239.59670934
0.54749185,598.1352,False,0.8217947382570283,1239.59670934
0.0,171.20465,False,0.8217947382570283,1239.59670934
0.5572957,240.34294,False,0.8217947382570283,1239.59670934
0.38882858,162.8683,False,0.8217947382570283,1239.59670934
0.0,20.57257,False,0.8217947382570283,1239.59670934
0.7724984,311.6956,False,0.8217947382570283,1239.59670934
3.7315044e-16,625.27295,False,0.8217947382570283,1239.59670934
0.42157707,181.20607,False,0.8217947382570283,1239.59670934
0.6210408,263.19363,False,0.8217947382570283,1239.59670934
0.70558226,321.26236,False,0.8217947382570283,1239.59670934
0.7906733,333.14938,False,0.8217947382570283,1239.59670934
0.5400304,240.02927,False,0.8217947382570283,1239.59670934
0.78284085,323.7823,False,0.8217947382570283,1239.59670934
0.8069118,376.69156,False,0.8217947382570283,1239.59670934
0.6490935,602.08026,False,0.8217947382570283,1239.59670934
0.7401445,634.994,False,0.8217947382570283,1239.59670934
0.0,611.0815,False,0.8217947382570283,1239.59670934
0.75501746,305.46442,False,0.8217947382570283,1239.59670934
0.3688752,150.81354,False,0.8217947382570283,1239.59670934
0.82179475,462.62195,False,0.8217947382570283,1239.59670934
0.7294781,662.22546,False,0.8217947382570283,1239.59670934
0.82179475,750.55396,False,0.8217947382570283,1239.59670934
0.52773535,223.9411,False,0.8217947382570283,1239.59670934
0.70289487,280.56262,False,0.8217947382570283,1239.59670934
0.0,431.02478,False,0.8217947382570283,1239.59670934
0.81778723,662.31177,False,0.8217947382570283,1239.59670934
0.73333955,318.26816,False,0.8217947382570283,1239.59670934
0.42358422,276.14044,False,0.8217947382570283,1239.59670934
2.4282734e-30,184.46382,False,0.8217947382570283,1239.59670934
0.78278065,670.2835,False,0.8217947382570283,1239.59670934
0.78129315,573.42706,False,0.8217947382570283,1239.59670934
0.7722134,1438.2147,False,0.8217947382570283,1239.59670934
0.60567987,248.15475,False,0.8217947382570283,1239.59670934
0.82179475,329.4465,False,0.8217947382570283,1239.59670934
0.641482,729.4722,False,0.8217947382570283,1239.59670934
0.70720553,295.08365,False,0.8217947382570283,1239.59670934
0.5625072,234.4814,False,0.8217947382570283,1239.59670934
0.82179475,539.0207,False,0.8217947382570283,1239.59670934
1.0400451e-15,492.57462,False,0.8217947382570283,1239.59670934
0.24788117,129.52563,False,0.8217947382570283,1239.59670934
0.06253113,106.12757,True,0.8217947382570283,1239.59670934
0.32349163,136.61478,False,0.8217947382570283,1239.59670934
0.75126815,301.035,False,0.8217947382570283,1239.59670934
0.42581013,186.0362,False,0.8217947382570283,1239.59670934
0.39122644,170.88684,False,0.8217947382570283,1239.59670934
0.58158845,240.67474,False,0.8217947382570283,1239.59670934
0.64459634,259.04205,False,0.8217947382570283,1239.59670934
0.82179475,690.7588,False,0.8217947382570283,1239.59670934
0.82179475,612.07306,False,0.8217947382570283,1239.59670934
0.78932965,681.9835,False,0.8217947382570283,1239.59670934
0.6629606,264.9935,False,0.8217947382570283,1239.59670934
0.7797506,329.98697,False,0.8217947382570283,1239.59670934
0.81531876,569.2843,False,0.8217947382570283,1239.59670934
0.7330639,291.2831,False,0.8217947382570283,1239.59670934
0.47852224,207.17435,False,0.8217947382570283,1239.59670934
0.298001,135.1089,False,0.8217947382570283,1239.59670934
0.40919462,178.80493,False,0.8217947382570283,1239.59670934
0.5094086,623.5159,False,0.8217947382570283,1239.59670934
0.76014763,311.57983,False,0.8217947382570283,1239.59670934
0.7960306,348.9495,False,0.8217947382570283,1239.59670934
0.41676807,754.0929,False,0.8217947382570283,1239.59670934
0.7632883,655.03406,False,0.8217947382570283,1239.59670934
0.5277926,198.15332,False,0.8217947382570283,1239.59670934
0.0,179.45766,False,0.8217947382570283,1239.59670934
0.6105617,236.21848,False,0.8217947382570283,1239.59670934
0.66073066,260.319,False,0.8217947382570283,1239.59670934
0.48834997,176.99466,False,0.8217947382570283,1239.59670934
0.81358767,718.51294,False,0.8217947382570283,1239.59670934
0.82179475,514.93964,False,0.8217947382570283,1239.59670934
0.7949584,641.0676,False,0.8217947382570283,1239.59670934
0.8102044,678.1765,False,0.8217947382570283,1239.59670934
0.7433712,404.39246,False,0.8217947382570283,1239.59670934
0.0,236.3755,False,0.8217947382570283,1239.59670934
2.7838773e-16,7.764724,False,0.8217947382570283,1239.59670934
0.0,110.13612,False,0.8217947382570283,1239.59670934
5.973735e-30,271.1075,False,0.8217947382570283,1239.59670934
0.0,337.7211,False,0.8217947382570283,1239.59670934
1.5569891e-15,52.72693,False,0.8217947382570283,1239.59670934
0.6786233,273.36594,False,0.8217947382570283,1239.59670934
3.717854e-14,367.3633,False,0.8217947382570283,1239.59670934
0.45488873,156.37192,False,0.8217947382570283,1239.59670934
0.06869715,417.28806,False,0.8217947382570283,1239.59670934
0.80271226,349.33798,False,0.8217947382570283,1239.59670934
0.73063296,510.84384,False,0.8217947382570283,1239.59670934
0.7475679,299.2569,False,0.8217947382570283,1239.59670934
8.1e-44,87.30014,False,0.8217947382570283,1239.59670934
0.56401134,228.49174,False,0.8217947382570283,1239.59670934
0.73703766,468.46182,False,0.8217947382570283,1239.59670934
0.49483934,577.4775,False,0.8217947382570283,1239.59670934
0.7667471,314.68567,False,0.8217947382570283,1239.59670934
0.80390185,398.66742,False,0.8217947382570283,1239.59670934
0.82179475,420.51883,False,0.8217947382570283,1239.59670934
0.4738987,200.83757,False,0.8217947382570283,1239.59670934
0.3559145,694.4292,False,0.8217947382570283,1239.59670934
0.69546425,270.4645,False,0.8217947382570283,1239.59670934
0.7212988,291.252,False,0.8217947382570283,1239.59670934
0.66119254,531.9301,False,0.8217947382570283,1239.59670934
0.798255,377.77496,False,0.8217947382570283,1239.59670934
0.59066087,510.20224,False,0.8217947382570283,1239.59670934
0.81615955,384.8184,False,0.8217947382570283,1239.59670934
0.6952266,512.0504,False,0.8217947382570283,1239.59670934
0.53401107,713.8903,False,0.8217947382570283,1239.59670934
0.80673194,362.04187,False,0.8217947382570283,1239.59670934
0.7692611,316.01624,False,0.8217947382570283,1239.59670934
0.82179475,468.47006,False,0.8217947382570283,1239.59670934
0.76962143,316.11005,False,0.8217947382570283,1239.59670934
0.8206635,595.0669,False,0.8217947382570283,1239.59670934
0.82179475,371.37613,False,0.8217947382570283,1239.59670934
0.506359,213.3921,False,0.8217947382570283,1239.59670934
0.7596225,615.25714,False,0.8217947382570283,1239.59670934
0.16329153,125.793015,False,0.8217947382570283,1239.59670934
0.06628794,423.79807,False,0.8217947382570283,1239.59670934
0.49560106,446.18005,False,0.8217947382570283,1239.59670934
0.4062616,177.33525,False,0.8217947382570283,1239.59670934
0.8019906,405.086,False,0.8217947382570283,1239.59670934
0.0,549.0575,False,0.8217947382570283,1239.59670934
0.0,337.5594,False,0.8217947382570283,1239.59670934
0.65018404,257.38516,False,0.8217947382570283,1239.59670934
0.38792953,169.55464,False,0.8217947382570283,1239.59670934
0.7511277,305.86914,False,0.8217947382570283,1239.59670934
0.5288545,509.76523,False,0.8217947382570283,1239.59670934
0.56648743,232.30197,False,0.8217947382570283,1239.59670934
0.6426129,258.68796,False,0.8217947382570283,1239.59670934
1.0261637e-15,73.6782,False,0.8217947382570283,1239.59670934
0.3367397,418.7268,False,0.8217947382570283,1239.59670934
0.5722947,237.90439,False,0.8217947382570283,1239.59670934
0.6759394,617.6465,False,0.8217947382570283,1239.59670934
0.76602525,309.78915,False,0.8217947382570283,1239.59670934
0.55087847,234.176,False,0.8217947382570283,1239.59670934
0.56064343,517.6191,False,0.8217947382570283,1239.59670934
0.22925074,512.6812,False,0.8217947382570283,1239.59670934
0.8027102,691.79913,False,0.8217947382570283,1239.59670934
1.4888839e-14,197.78276,False,0.8217947382570283,1239.59670934
0.6884885,273.5347,False,0.8217947382570283,1239.59670934
0.80642,327.9325,False,0.8217947382570283,1239.59670934
0.7099227,631.21484,False,0.8217947382570283,1239.59670934
0.0,291.92502,False,0.8217947382570283,1239.59670934
0.7972726,737.7527,False,0.8217947382570283,1239.59670934
0.8034425,367.77435,False,0.8217947382570283,1239.59670934
0.4891893,209.73671,False,0.8217947382570283,1239.59670934
3.74356e-16,482.42383,False,0.8217947382570283,1239.59670934
0.5358552,418.04688,False,0.8217947382570283,1239.59670934
0.36297923,155.81923,False,0.8217947382570283,1239.59670934
0.76927435,328.08798,False,0.8217947382570283,1239.59670934
0.28520802,131.60236,False,0.8217947382570283,1239.59670934
0.73283,297.69272,False,0.8217947382570283,1239.59670934
0.79691684,366.07147,False,0.8217947382570283,1239.59670934
0.7469987,601.5306,False,0.8217947382570283,1239.59670934
0.6955892,281.63483,False,0.8217947382570283,1239.59670934
0.08664094,389.38864,False,0.8217947382570283,1239.59670934
0.63443667,262.2556,False,0.8217947382570283,1239.59670934
0.59710443,252.83762,False,0.8217947382570283,1239.59670934
0.0,209.69946,False,0.8217947382570283,1239.59670934
9.9842525e-14,307.50995,False,0.8217947382570283,1239.59670934
0.78157276,526.02686,False,0.8217947382570283,1239.59670934
0.4744742,510.6663,False,0.8217947382570283,1239.59670934
0.5146585,579.88434,False,0.8217947382570283,1239.59670934
0.8011244,650.28,False,0.8217947382570283,1239.59670934
0.46800372,205.65013,False,0.8217947382570283,1239.59670934
0.07250776,289.75235,False,0.8217947382570283,1239.59670934
0.4559363,778.23846,False,0.8217947382570283,1239.59670934
0.77190644,332.74445,False,0.8217947382570283,1239.59670934
0.0,7.764724,False,0.8217947382570283,1239.59670934
0.77307326,304.35587,False,0.8217947382570283,1239.59670934
0.4974323,370.5373,False,0.8217947382570283,1239.59670934
0.6848591,411.29932,False,0.8217947382570283,1239.59670934
0.7178688,648.0286,False,0.8217947382570283,1239.59670934
0.81788933,633.6091,False,0.8217947382570283,1239.59670934
0.38809413,168.43346,False,0.8217947382570283,1239.59670934
0.7269044,273.72836,False,0.8217947382570283,1239.59670934
0.7056286,262.5545,False,0.8217947382570283,1239.59670934
0.77110165,444.84906,False,0.8217947382570283,1239.59670934
0.78199875,434.3029,False,0.8217947382570283,1239.59670934
0.34373495,152.41856,False,0.8217947382570283,1239.59670934
0.7946731,388.40796,False,0.8217947382570283,1239.59670934
0.24268289,388.21927,False,0.8217947382570283,1239.59670934
0.7408388,362.67535,False,0.8217947382570283,1239.59670934
0.80848217,521.1974,False,0.8217947382570283,1239.59670934
0.82179475,486.57367,False,0.8217947382570283,1239.59670934
0.50171983,278.91785,False,0.8217947382570283,1239.59670934
0.4241236,502.68887,False,0.8217947382570283,1239.59670934
0.81351495,399.44147,False,0.8217947382570283,1239.59670934
0.4077129,181.95149,False,0.8217947382570283,1239.59670934
0.7627627,313.54425,False,0.8217947382570283,1239.59670934
0.79407763,341.74112,False,0.8217947382570283,1239.59670934
0.45843628,200.5498,False,0.8217947382570283,1239.59670934
0.61469126,797.885,False,0.8217947382570283,1239.59670934
0.53066987,577.049,False,0.8217947382570283,1239.59670934
0.5161904,219.48602,False,0.8217947382570283,1239.59670934
0.5567504,232.32475,False,0.8217947382570283,1239.59670934
0.77703446,715.8481,False,0.8217947382570283,1239.59670934
0.67879516,271.67007,False,0.8217947382570283,1239.59670934
0.6648803,268.86127,False,0.8217947382570283,1239.59670934
0.60571676,248.80911,False,0.8217947382570283,1239.59670934
0.2969189,454.06873,False,0.8217947382570283,1239.59670934
0.45278862,524.3444,False,0.8217947382570283,1239.59670934
2.6045038e-16,7.764724,False,0.8217947382570283,1239.59670934
0.64087266,281.05533,False,0.8217947382570283,1239.59670934
0.7818953,332.21494,False,0.8217947382570283,1239.59670934
0.7725033,319.67764,False,0.8217947382570283,1239.59670934
0.6379158,257.76672,False,0.8217947382570283,1239.59670934
0.33961305,151.1832,False,0.8217947382570283,1239.59670934
0.79595196,334.99698,False,0.8217947382570283,1239.59670934
0.73319876,294.7965,False,0.8217947382570283,1239.59670934
0.82179475,388.4374,False,0.8217947382570283,1239.59670934
0.22922169,685.28064,False,0.8217947382570283,1239.59670934
0.7984732,348.30423,False,0.8217947382570283,1239.59670934
0.4449054,193.08997,False,0.8217947382570283,1239.59670934
0.82179475,558.6367,False,0.8217947382570283,1239.59670934
0.68018836,704.32733,False,0.8217947382570283,1239.59670934
0.6518153,259.4634,False,0.8217947382570283,1239.59670934
0.08172947,128.56018,False,0.8217947382570283,1239.59670934
0.82179475,422.37067,False,0.8217947382570283,1239.59670934
0.82179475,483.6068,False,0.8217947382570283,1239.59670934
0.4561151,461.4763,False,0.8217947382570283,1239.59670934
0.6343846,254.10324,False,0.8217947382570283,1239.59670934
0.7737397,318.7667,False,0.8217947382570283,1239.59670934
0.82179475,715.50305,False,0.8217947382570283,1239.59670934
0.6255136,250.36053,False,0.8217947382570283,1239.59670934
0.51296484,607.5667,False,0.8217947382570283,1239.59670934
0.4118179,497.27835,False,0.8217947382570283,1239.59670934
0.75659925,309.01895,False,0.8217947382570283,1239.59670934
0.8075822,363.43558,False,0.8217947382570283,1239.59670934
0.81600183,489.34592,False,0.8217947382570283,1239.59670934
0.82179475,477.7608,False,0.8217947382570283,1239.59670934
0.740592,294.50906,False,0.8217947382570283,1239.59670934
0.47660044,638.9709,False,0.8217947382570283,1239.59670934
0.7886071,403.18182,False,0.8217947382570283,1239.59670934
0.0,7.764724,False,0.8217947382570283,1239.59670934
0.0,72.369194,False,0.8217947382570283,1239.59670934
0.59621435,236.5023,False,0.8217947382570283,1239.59670934
0.77571946,411.2643,False,0.8217947382570283,1239.59670934
0.6593202,416.85135,False,0.8217947382570283,1239.59670934
0.7855851,426.73557,False,0.8217947382570283,1239.59670934
0.709849,548.1336,False,0.8217947382570283,1239.59670934
0.371472,541.6746,False,0.8217947382570283,1239.59670934
0.64974135,408.73297,False,0.8217947382570283,1239.59670934
0.5897684,234.18665,False,0.8217947382570283,1239.59670934
0.36755878,154.05293,False,0.8217947382570283,1239.59670934
0.3259001,370.04318,False,0.8217947382570283,1239.59670934
0.62663597,245.29831,False,0.8217947382570283,1239.59670934
0.40750474,173.18153,False,0.8217947382570283,1239.59670934
0.6417822,254.60666,False,0.8217947382570283,1239.59670934
0.35213548,149.61555,False,0.8217947382570283,1239.59670934
0.6988013,272.68967,False,0.8217947382570283,1239.59670934
0.7905387,328.20102,False,0.8217947382570283,1239.59670934
0.7200403,284.8447,False,0.8217947382570283,1239.59670934
0.80283296,360.76517,False,0.8217947382570283,1239.59670934
0.6208427,247.75426,False,0.8217947382570283,1239.59670934
0.8003559,348.9148,False,0.8217947382570283,1239.59670934
0.6872867,629.37463,False,0.8217947382570283,1239.59670934
0.720184,430.5687,False,0.8217947382570283,1239.59670934
0.70325357,274.08997,False,0.8217947382570283,1239.59670934
0.67644924,519.4027,False,0.8217947382570283,1239.59670934
0.7880277,1070.4723,False,0.8217947382570283,1239.59670934
0.0,42.149822,False,0.8217947382570283,1239.59670934
0.49304643,520.4876,False,0.8217947382570283,1239.59670934
0.41817942,631.4823,False,0.8217947382570283,1239.59670934
0.63259417,652.53424,False,0.8217947382570283,1239.59670934
0.6231119,248.80891,False,0.8217947382570283,1239.59670934
0.62309766,479.88168,False,0.8217947382570283,1239.59670934
0.0,396.16467,False,0.8217947382570283,1239.59670934
0.5834515,231.73622,False,0.8217947382570283,1239.59670934
0.43732452,184.60513,False,0.8217947382570283,1239.59670934
0.82179475,540.9897,False,0.8217947382570283,1239.59670934
0.64784473,250.30087,False,0.8217947382570283,1239.59670934
0.73475415,291.7713,False,0.8217947382570283,1239.59670934
0.47593206,199.00859,False,0.8217947382570283,1239.59670934
4.3354887e-14,169.592,False,0.8217947382570283,1239.59670934
0.0,234.85536,False,0.8217947382570283,1239.59670934
0.5219371,213.61101,False,0.8217947382570283,1239.59670934
0.82179475,895.9538,False,0.8217947382570283,1239.59670934
0.82179475,582.8846,False,0.8217947382570283,1239.59670934
0.10076068,119.65913,False,0.8217947382570283,1239.59670934
0.78102505,321.39987,False,0.8217947382570283,1239.59670934
0.7544274,304.09344,False,0.8217947382570283,1239.59670934
0.430306,443.6827,False,0.8217947382570283,1239.59670934
0.7560485,303.06763,False,0.8217947382570283,1239.59670934
0.1557358,354.5731,False,0.8217947382570283,1239.59670934
0.7846826,449.46115,False,0.8217947382570283,1239.59670934
0.0,7.764724,False,0.8217947382570283,1239.59670934
0.041396134,115.90254,False,0.8217947382570283,1239.59670934
0.72330946,286.3433,False,0.8217947382570283,1239.59670934
0.3261989,135.04582,False,0.8217947382570283,1239.59670934
0.7290558,288.67694,False,0.8217947382570283,1239.59670934
0.0,7.764724,False,0.8217947382570283,1239.59670934
0.8062262,354.77847,False,0.8217947382570283,1239.59670934
0.40555656,175.84679,False,0.8217947382570283,1239.59670934
0.44661877,191.8465,False,0.8217947382570283,1239.59670934
0.6208812,248.64215,False,0.8217947382570283,1239.59670934
0.45951554,196.36586,False,0.8217947382570283,1239.59670934
7.2557536e-16,82.12182,False,0.8217947382570283,1239.59670934
0.20125867,357.51978,False,0.8217947382570283,1239.59670934
0.56139874,664.88824,False,0.8217947382570283,1239.59670934
0.37536696,439.74118,False,0.8217947382570283,1239.59670934
0.15671828,348.71448,False,0.8217947382570283,1239.59670934
0.006841318,353.49878,False,0.8217947382570283,1239.59670934
0.82179475,517.81866,False,0.8217947382570283,1239.59670934
0.7876025,325.12656,False,0.8217947382570283,1239.59670934
0.79542315,331.3994,False,0.8217947382570283,1239.59670934
0.44627273,192.41302,False,0.8217947382570283,1239.59670934
0.6500361,631.8068,False,0.8217947382570283,1239.59670934
0.82179475,617.16315,False,0.8217947382570283,1239.59670934
0.060202494,104.23129,True,0.8217947382570283,1239.59670934
0.6226443,563.1038,False,0.8217947382570283,1239.59670934
0.5765007,230.46155,False,0.8217947382570283,1239.59670934
0.7845986,651.007,False,0.8217947382570283,1239.59670934
0.0,189.6092,False,0.8217947382570283,1239.59670934
0.07574612,388.84067,False,0.8217947382570283,1239.59670934
0.43285355,184.65959,False,0.8217947382570283,1239.59670934
0.82179475,554.42816,False,0.8217947382570283,1239.59670934
0.8103182,357.1855,False,0.8217947382570283,1239.59670934
0.82179475,729.85846,False,0.8217947382570283,1239.59670934
0.71108043,274.8405,False,0.8217947382570283,1239.59670934
0.07983003,351.71146,False,0.8217947382570283,1239.59670934
8.485532e-15,44.16228,False,0.8217947382570283,1239.59670934
0.7080176,273.32037,False,0.8217947382570283,1239.59670934
0.59965813,629.62683,False,0.8217947382570283,1239.59670934
0.09396314,405.01694,False,0.8217947382570283,1239.59670934
8.046636e-31,552.3272,False,0.8217947382570283,1239.59670934
0.49937558,503.91953,False,0.8217947382570283,1239.59670934
0.47541037,487.92126,False,0.8217947382570283,1239.59670934
0.5762964,234.64903,False,0.8217947382570283,1239.59670934
0.5966767,240.82523,False,0.8217947382570283,1239.59670934
0.7963955,333.0144,False,0.8217947382570283,1239.59670934
0.80667675,357.2851,False,0.8217947382570283,1239.59670934
0.36323312,460.86087,False,0.8217947382570283,1239.59670934
0.10461414,415.43564,False,0.8217947382570283,1239.59670934
0.7486129,300.1179,False,0.8217947382570283,1239.59670934
0.82179475,430.6029,False,0.8217947382570283,1239.59670934
0.4708196,201.28546,False,0.8217947382570283,1239.59670934
2.5458124e-15,7.764724,False,0.8217947382570283,1239.59670934
0.70887345,277.02435,False,0.8217947382570283,1239.59670934
0.82179475,914.9869,False,0.8217947382570283,1239.59670934
0.81438667,485.74518,False,0.8217947382570283,1239.59670934
0.8011348,352.1212,False,0.8217947382570283,1239.59670934
0.6835659,738.6236,False,0.8217947382570283,1239.59670934
0.6597867,260.446,False,0.8217947382570283,1239.59670934
0.57574385,559.65497,False,0.8217947382570283,1239.59670934
0.36797503,483.02377,False,0.8217947382570283,1239.59670934
0.70071477,682.2721,False,0.8217947382570283,1239.59670934
0.74918914,295.93365,False,0.8217947382570283,1239.59670934
0.76736784,309.5607,False,0.8217947382570283,1239.59670934
1.1474966e-15,7.764724,False,0.8217947382570283,1239.59670934
0.8141973,567.5574,False,0.8217947382570283,1239.59670934
0.71592176,277.1083,False,0.8217947382570283,1239.59670934
0.79392356,330.893,False,0.8217947382570283,1239.59670934
0.82179475,669.7302,False,0.8217947382570283,1239.59670934
0.82179475,380.76065,False,0.8217947382570283,1239.59670934
0.8145112,418.68134,False,0.8217947382570283,1239.59670934
0.035176,352.8988,False,0.8217947382570283,1239.59670934
0.29523587,130.45631,False,0.8217947382570283,1239.59670934
0.59528184,235.89818,False,0.8217947382570283,1239.59670934
0.5750844,574.798,False,0.8217947382570283,1239.59670934
0.8100421,353.94482,False,0.8217947382570283,1239.59670934
0.4242165,182.32033,False,0.8217947382570283,1239.59670934
0.13184613,318.55807,False,0.8217947382570283,1239.59670934
0.6418323,652.0931,False,0.8217947382570283,1239.59670934
0.43228376,184.87836,False,0.8217947382570283,1239.59670934
0.70134753,267.52255,False,0.8217947382570283,1239.59670934
0.6322429,690.89056,False,0.8217947382570283,1239.59670934
0.6841527,699.06165,False,0.8217947382570283,1239.59670934
0.81346345,698.91254,False,0.8217947382570283,1239.59670934
0.7108213,274.15588,False,0.8217947382570283,1239.59670934
0.4933816,206.45691,False,0.8217947382570283,1239.59670934
0.62398934,243.97556,False,0.8217947382570283,1239.59670934
0.41952914,180.10626,False,0.8217947382570283,1239.59670934
0.48660338,204.36655,False,0.8217947382570283,1239.59670934
0.80997455,351.1286,False,0.8217947382570283,1239.59670934
0.72755194,284.8374,False,0.8217947382570283,1239.59670934
0.41969845,499.63437,False,0.8217947382570283,1239.59670934
0.09845303,363.36365,False,0.8217947382570283,1239.59670934
0.61875325,242.09473,False,0.8217947382570283,1239.59670934
0.815651,390.6784,False,0.8217947382570283,1239.59670934
0.81559646,436.57394,False,0.8217947382570283,1239.59670934
0.0,15.03157,False,0.8217947382570283,1239.59670934
0.54418176,221.92117,False,0.8217947382570283,1239.59670934
0.8077034,354.7899,False,0.8217947382570283,1239.59670934
0.6439817,494.3447,False,0.8217947382570283,1239.59670934
0.0,160.579,False,0.8217947382570283,1239.59670934
0.6502935,613.8932,False,0.8217947382570283,1239.59670934
0.3650639,381.4201,False,0.8217947382570283,1239.59670934
0.5156107,218.52342,False,0.8217947382570283,1239.59670934
0.0,7.764724,False,0.8217947382570283,1239.59670934
0.8085347,726.62665,False,0.8217947382570283,1239.59670934
0.46140754,197.3363,False,0.8217947382570283,1239.59670934
1.3677235e-15,151.58629,False,0.8217947382570283,1239.59670934
0.7139094,285.11133,False,0.8217947382570283,1239.59670934
0.41640761,175.71179,False,0.8217947382570283,1239.59670934
0.38630852,382.3062,False,0.8217947382570283,1239.59670934
0.8001498,410.05786,False,0.8217947382570283,1239.59670934
0.82179475,514.5386,False,0.8217947382570283,1239.59670934
0.6911157,272.5881,False,0.8217947382570283,1239.59670934
2.5654092e-16,346.56372,False,0.8217947382570283,1239.59670934
0.7238363,406.7209,False,0.8217947382570283,1239.59670934
0.44235772,547.508,False,0.8217947382570283,1239.59670934
0.6340227,254.12491,False,0.8217947382570283,1239.59670934
0.7711737,333.7416,False,0.8217947382570283,1239.59670934
0.82179475,809.65393,False,0.8217947382570283,1239.59670934
0.41462025,175.88283,False,0.8217947382570283,1239.59670934
0.5195014,540.9388,False,0.8217947382570283,1239.59670934
0.7424548,541.16626,False,0.8217947382570283,1239.59670934
0.7991344,338.43015,False,0.8217947382570283,1239.59670934
0.53200346,218.51553,False,0.8217947382570283,1239.59670934
0.475616,198.14355,False,0.8217947382570283,1239.59670934
0.74598277,300.77997,False,0.8217947382570283,1239.59670934
0.80480236,354.1699,False,0.8217947382570283,1239.59670934
0.680296,266.56238,False,0.8217947382570283,1239.59670934
0.79909384,461.3742,False,0.8217947382570283,1239.59670934
0.58695394,540.7903,False,0.8217947382570283,1239.59670934
0.82179475,1051.823,False,0.8217947382570283,1239.59670934
1.8841498e-15,7.764724,False,0.8217947382570283,1239.59670934
0.8177085,729.99347,False,0.8217947382570283,1239.59670934
0.5172692,717.23035,False,0.8217947382570283,1239.59670934
0.7413122,299.0668,False,0.8217947382570283,1239.59670934
0.3802388,152.99332,False,0.8217947382570283,1239.59670934
0.4981214,206.31377,False,0.8217947382570283,1239.59670934
0.0,144.8263,False,0.8217947382570283,1239.59670934
0.7108048,375.81546,False,0.8217947382570283,1239.59670934
0.6189575,382.00485,False,0.8217947382570283,1239.59670934
0.13628739,365.72876,False,0.8217947382570283,1239.59670934
0.68810564,698.9493,False,0.8217947382570283,1239.59670934
0.6089416,244.0445,False,0.8217947382570283,1239.59670934
0.8158043,722.00995,False,0.8217947382570283,1239.59670934
0.49361202,206.80667,False,0.8217947382570283,1239.59670934
0.6843259,268.15683,False,0.8217947382570283,1239.59670934
0.49021056,205.27658,False,0.8217947382570283,1239.59670934
4.9295285e-16,7.764724,False,0.8217947382570283,1239.59670934
0.7847482,322.55682,False,0.8217947382570283,1239.59670934
0.8041293,348.9615,False,0.8217947382570283,1239.59670934
0.82179475,399.50647,False,0.8217947382570283,1239.59670934
0.7975058,337.87845,False,0.8217947382570283,1239.59670934
0.6350485,251.80022,False,0.8217947382570283,1239.59670934
0.16966455,339.86832,False,0.8217947382570283,1239.59670934
0.74104786,299.5068,False,0.8217947382570283,1239.59670934
0.4203167,528.0566,False,0.8217947382570283,1239.59670934
0.82179475,597.46765,False,0.8217947382570283,1239.59670934
0.8210034,535.8444,False,0.8217947382570283,1239.59670934
0.54686666,224.68925,False,0.8217947382570283,1239.59670934
0.3656578,148.72557,False,0.8217947382570283,1239.59670934
0.0,132.92569,False,0.8217947382570283,1239.59670934
0.82179475,721.50037,False,0.8217947382570283,1239.59670934
0.8014608,339.77164,False,0.8217947382570283,1239.59670934
0.82179475,624.8396,False,0.8217947382570283,1239.59670934
0.82179475,661.77356,False,0.8217947382570283,1239.59670934
0.7000651,272.63834,False,0.8217947382570283,1239.59670934
0.82179475,568.1008,False,0.8217947382570283,1239.59670934
0.80685717,354.67395,False,0.8217947382570283,1239.59670934
0.8083623,563.907,False,0.8217947382570283,1239.59670934
0.41494504,174.66483,False,0.8217947382570283,1239.59670934
0.82179475,424.8257,False,0.8217947382570283,1239.59670934
0.82179475,724.029,False,0.8217947382570283,1239.59670934
0.6774533,437.08005,False,0.8217947382570283,1239.59670934
1.009627e-29,96.24501,False,0.8217947382570283,1239.59670934
0.7804398,319.48978,False,0.8217947382570283,1239.59670934
0.53827244,548.22974,False,0.8217947382570283,1239.59670934
0.15599066,405.39008,False,0.8217947382570283,1239.59670934
0.4237851,511.2964,False,0.8217947382570283,1239.59670934
0.6891927,666.5085,False,0.8217947382570283,1239.59670934
0.5762107,233.36044,False,0.8217947382570283,1239.59670934
3.6303608e-15,7.764724,False,0.8217947382570283,1239.59670934
0.56530577,229.96774,False,0.8217947382570283,1239.59670934
0.7488209,302.3122,False,0.8217947382570283,1239.59670934
0.8034706,364.70523,False,0.8217947382570283,1239.59670934
0.6547824,415.31024,False,0.8217947382570283,1239.59670934
0.6213088,310.5687,False,0.8217947382570283,1239.59670934
0.766886,306.97086,False,0.8217947382570283,1239.59670934
0.81532,722.24445,False,0.8217947382570283,1239.59670934
0.61798674,245.91862,False,0.8217947382570283,1239.59670934
0.59984434,689.68604,False,0.8217947382570283,1239.59670934
0.82179475,931.17883,False,0.8217947382570283,1239.59670934
0.601064,240.66965,False,0.8217947382570283,1239.59670934
0.80330604,344.3858,False,0.8217947382570283,1239.59670934
0.82179475,449.11862,False,0.8217947382570283,1239.59670934
0.8083597,654.46423,False,0.8217947382570283,1239.59670934
0.49129373,205.50005,False,0.8217947382570283,1239.59670934
0.34157655,131.36359,False,0.8217947382570283,1239.59670934
0.22339633,428.47684,False,0.8217947382570283,1239.59670934
0.41166148,172.67506,False,0.8217947382570283,1239.59670934
0.82179475,506.17422,False,0.8217947382570283,1239.59670934
0.38095403,469.56366,False,0.8217947382570283,1239.59670934
0.77816695,741.9506,False,0.8217947382570283,1239.59670934
0.0,99.94445,False,0.8217947382570283,1239.59670934
0.82179475,685.5766,False,0.8217947382570283,1239.59670934
0.5406456,222.24898,False,0.8217947382570283,1239.59670934
0.6970787,270.86996,False,0.8217947382570283,1239.59670934
0.13033687,360.6582,False,0.8217947382570283,1239.59670934
0.82179475,1070.8464,False,0.8217947382570283,1239.59670934
0.38050875,156.6743,False,0.8217947382570283,1239.59670934
0.6950714,270.2107,False,0.8217947382570283,1239.59670934
0.53082716,218.87883,False,0.8217947382570283,1239.59670934
0.82179475,453.42184,False,0.8217947382570283,1239.59670934
0.79358983,331.0272,False,0.8217947382570283,1239.59670934
0.4226761,178.33102,False,0.8217947382570283,1239.59670934
0.7267798,292.85913,False,0.8217947382570283,1239.59670934
0.46086445,438.92133,False,0.8217947382570283,1239.59670934
0.82179475,523.46423,False,0.8217947382570283,1239.59670934
0.7303542,590.9961,False,0.8217947382570283,1239.59670934
0.7506765,473.49677,False,0.8217947382570283,1239.59670934
0.417765,478.4756,False,0.8217947382570283,1239.59670934
0.2719083,507.87613,False,0.8217947382570283,1239.59670934
0.5679888,669.46857,False,0.8217947382570283,1239.59670934
0.80900174,359.18466,False,0.8217947382570283,1239.59670934
0.67845255,592.3486,False,0.8217947382570283,1239.59670934
0.70356125,272.86313,False,0.8217947382570283,1239.59670934
0.5860469,235.7941,False,0.8217947382570283,1239.59670934
0.7872405,323.63516,False,0.8217947382570283,1239.59670934
0.3945724,164.13565,False,0.8217947382570283,1239.59670934
0.81022054,361.0465,False,0.8217947382570283,1239.59670934
0.42476285,179.08778,False,0.8217947382570283,1239.59670934
0.67112905,261.24478,False,0.8217947382570283,1239.59670934
2.082211e-16,104.86912,False,0.8217947382570283,1239.59670934
0.5816179,234.50487,False,0.8217947382570283,1239.59670934
0.6392263,252.25427,False,0.8217947382570283,1239.59670934
0.63897496,251.48363,False,0.8217947382570283,1239.59670934
0.80257034,339.10458,False,0.8217947382570283,1239.59670934
0.6978922,452.01532,False,0.8217947382570283,1239.59670934
0.47335246,567.9223,False,0.8217947382570283,1239.59670934
0.41049537,704.64343,False,0.8217947382570283,1239.59670934
0.46140552,576.95404,False,0.8217947382570283,1239.59670934
0.12923487,418.14813,False,0.8217947382570283,1239.59670934
0.7117663,277.97696,False,0.8217947382570283,1239.59670934
0.80781984,737.4966,False,0.8217947382570283,1239.59670934
0.78395253,322.54807,False,0.8217947382570283,1239.59670934
4.7668873e-30,383.98953,False,0.8217947382570283,1239.59670934
0.7563938,307.65533,False,0.8217947382570283,1239.59670934
0.8152302,367.7571,False,0.8217947382570283,1239.59670934
2.9127332e-16,7.764724,False,0.8217947382570283,1239.59670934
0.73662627,298.41486,False,0.8217947382570283,1239.59670934
0.21213998,126.94387,False,0.8217947382570283,1239.59670934
0.8096999,348.43832,False,0.8217947382570283,1239.59670934
0.6543942,650.8793,False,0.8217947382570283,1239.59670934
0.3746789,428.59085,False,0.8217947382570283,1239.59670934
0.13129056,279.32535,False,0.8217947382570283,1239.59670934
0.81188667,359.58652,False,0.8217947382570283,1239.59670934
0.07815577,368.30276,False,0.8217947382570283,1239.59670934
0.01415715,346.55893,False,0.8217947382570283,1239.59670934
0.54918295,223.09349,False,0.8217947382570283,1239.59670934
0.5095074,541.77216,False,0.8217947382570283,1239.59670934
0.6784509,786.41736,False,0.8217947382570283,1239.59670934
0.72102714,596.5774,False,0.8217947382570283,1239.59670934
0.49592507,496.41617,False,0.8217947382570283,1239.59670934
0.7291597,292.84833,False,0.8217947382570283,1239.59670934
0.3099272,136.26047,False,0.8217947382570283,1239.59670934
0.80896443,345.711,False,0.8217947382570283,1239.59670934
0.60184425,238.04703,False,0.8217947382570283,1239.59670934
0.82179475,515.59344,False,0.8217947382570283,1239.59670934
0.37586093,151.66249,False,0.8217947382570283,1239.59670934
0.8134983,357.046,False,0.8217947382570283,1239.59670934
0.5199896,215.3428,False,0.8217947382570283,1239.59670934
0.74767494,299.39276,False,0.8217947382570283,1239.59670934
0.7028195,278.66162,False,0.8217947382570283,1239.59670934
0.5997604,237.51088,False,0.8217947382570283,1239.59670934
2.54391e-15,96.75126,False,0.8217947382570283,1239.59670934
0.5060016,451.54794,False,0.8217947382570283,1239.59670934
0.12284698,726.09796,False,0.8217947382570283,1239.59670934
0.8181779,808.3561,False,0.8217947382570283,1239.59670934
0.66285723,521.0017,False,0.8217947382570283,1239.59670934
0.4446405,578.32556,False,0.8217947382570283,1239.59670934
0.6881039,269.58264,False,0.8217947382570283,1239.59670934
0.81556934,368.1794,False,0.8217947382570283,1239.59670934
0.5504847,629.67224,False,0.8217947382570283,1239.59670934
0.7043841,265.6793,False,0.8217947382570283,1239.59670934
0.82179475,364.49686,False,0.8217947382570283,1239.59670934
0.7164125,713.6044,False,0.8217947382570283,1239.59670934
0.2562016,150.25392,False,0.8217947382570283,1239.59670934
0.0,284.96967,False,0.8217947382570283,1239.59670934
0.6834366,253.92004,False,0.8217947382570283,1239.59670934
0.6550921,360.05087,False,0.8217947382570283,1239.59670934
0.67374015,240.06758,False,0.8217947382570283,1239.59670934
0.0,7.764724,False,0.8217947382570283,1239.59670934
0.81028694,657.4297,False,0.8217947382570283,1239.59670934
0.41772947,651.4959,False,0.8217947382570283,1239.59670934
0.0,175.71901,False,0.8217947382570283,1239.59670934
0.82179475,537.41125,False,0.8217947382570283,1239.59670934
0.5147746,486.49866,False,0.8217947382570283,1239.59670934
1.2003854e-15,51.3311,False,0.8217947382570283,1239.59670934
0.6126865,209.32204,False,0.8217947382570283,1239.59670934
0.82179475,563.0371,False,0.8217947382570283,1239.59670934
8.86766e-16,431.5387,False,0.8217947382570283,1239.59670934
0.0,45.38236,False,0.8217947382570283,1239.59670934
0.6575819,692.25,False,0.8217947382570283,1239.59670934
0.82179475,784.10657,False,0.8217947382570283,1239.59670934
0.82179475,357.20786,False,0.8217947382570283,1239.59670934
0.73926467,283.4879,False,0.8217947382570283,1239.59670934
0.59818536,629.4388,False,0.8217947382570283,1239.59670934
0.0,239.67892,False,0.8217947382570283,1239.59670934
0.82179475,348.3428,False,0.8217947382570283,1239.59670934
0.0,276.77368,False,0.8217947382570283,1239.59670934
0.7067928,267.81604,False,0.8217947382570283,1239.59670934
0.7708989,334.95053,False,0.8217947382570283,1239.59670934
0.8171674,369.23154,False,0.8217947382570283,1239.59670934
0.5383183,191.73924,False,0.8217947382570283,1239.59670934
0.0,414.66245,False,0.8217947382570283,1239.59670934
0.5439304,537.492,False,0.8217947382570283,1239.59670934
0.74382114,569.7668,False,0.8217947382570283,1239.59670934
0.054957826,103.63459,True,0.8217947382570283,1239.59670934
0.0,204.47023,False,0.8217947382570283,1239.59670934
0.5406109,661.0827,False,0.8217947382570283,1239.59670934
0.5685998,615.0629,False,0.8217947382570283,1239.59670934
0.82179475,450.3178,False,0.8217947382570283,1239.59670934
0.0028880234,364.34174,False,0.8217947382570283,1239.59670934
0.82023215,548.2482,False,0.8217947382570283,1239.59670934
0.74603325,447.75235,False,0.8217947382570283,1239.59670934
0.53528595,196.74094,False,0.8217947382570283,1239.59670934
6.9191614e-15,362.5247,False,0.8217947382570283,1239.59670934
1.9213428e-15,117.08013,False,0.8217947382570283,1239.59670934
0.6146142,373.49008,False,0.8217947382570283,1239.59670934
0.5133315,187.87311,False,0.8217947382570283,1239.59670934
0.75656855,284.0555,False,0.8217947382570283,1239.59670934
1.9479928e-14,108.705894,False,0.8217947382570283,1239.59670934
0.82179475,330.37717,False,0.8217947382570283,1239.59670934
0.36065364,159.3768,False,0.8217947382570283,1239.59670934
0.791369,644.87274,False,0.8217947382570283,1239.59670934
0.8157581,462.2027,False,0.8217947382570283,1239.59670934
0.0,121.55392,False,0.8217947382570283,1239.59670934
0.82179475,316.94568,False,0.8217947382570283,1239.59670934
6.449892e-15,300.92386,False,0.8217947382570283,1239.59670934
0.68356,613.64056,False,0.8217947382570283,1239.59670934
0.65491307,238.14395,False,0.8217947382570283,1239.59670934
0.39721876,447.86783,False,0.8217947382570283,1239.59670934
0.80273026,682.77423,False,0.8217947382570283,1239.59670934
0.0,161.09396,False,0.8217947382570283,1239.59670934
0.020431653,353.9389,False,0.8217947382570283,1239.59670934
0.0,71.83974,False,0.8217947382570283,1239.59670934
0.18903366,312.29556,False,0.8217947382570283,1239.59670934
1.1192076e-14,66.08804,False,0.8217947382570283,1239.59670934
0.21554127,432.44934,False,0.8217947382570283,1239.59670934
0.0,98.43205,False,0.8217947382570283,1239.59670934
0.11606929,360.42905,False,0.8217947382570283,1239.59670934
0.25748417,409.56787,False,0.8217947382570283,1239.59670934
0.0,77.57285,False,0.8217947382570283,1239.59670934
0.0,72.39967,False,0.8217947382570283,1239.59670934
0.0,156.34981,False,0.8217947382570283,1239.59670934
0.11224302,395.12033,False,0.8217947382570283,1239.59670934
0.0,82.986725,False,0.8217947382570283,1239.59670934
0.0,209.09566,False,0.8217947382570283,1239.59670934
0.07019776,303.73727,False,0.8217947382570283,1239.59670934
0.0,340.37366,False,0.8217947382570283,1239.59670934
0.11115781,261.0895,False,0.8217947382570283,1239.59670934
0.0,494.27072,False,0.8217947382570283,1239.59670934
0.0,85.98294,False,0.8217947382570283,1239.59670934
0.42496553,172.84715,False,0.8217947382570283,1239.59670934
0.70403403,268.48962,False,0.8217947382570283,1239.59670934
0.0,98.7592,False,0.8217947382570283,1239.59670934
0.37827727,149.27792,False,0.8217947382570283,1239.59670934
0.6373483,240.96777,False,0.8217947382570283,1239.59670934
0.77383655,310.6765,False,0.8217947382570283,1239.59670934
0.76310754,305.12958,False,0.8217947382570283,1239.59670934
0.42903024,174.79054,False,0.8217947382570283,1239.59670934
0.634459,239.30743,False,0.8217947382570283,1239.59670934
0.65773565,584.7464,False,0.8217947382570283,1239.59670934
0.7558906,303.95447,False,0.8217947382570283,1239.59670934
0.533569,211.82275,False,0.8217947382570283,1239.59670934
0.46381804,188.6019,False,0.8217947382570283,1239.59670934
0.82179475,390.23706,False,0.8217947382570283,1239.59670934
0.56975484,429.9584,False,0.8217947382570283,1239.59670934
0.5523872,467.57794,False,0.8217947382570283,1239.59670934
0.4735089,192.34651,False,0.8217947382570283,1239.59670934
0.5440563,527.9874,False,0.8217947382570283,1239.59670934
0.24240783,359.40274,False,0.8217947382570283,1239.59670934
0.4899558,544.8689,False,0.8217947382570283,1239.59670934
0.59432155,228.3951,False,0.8217947382570283,1239.59670934
0.6986287,261.60706,False,0.8217947382570283,1239.59670934
0.82179475,383.03165,False,0.8217947382570283,1239.59670934
0.7842028,314.51807,False,0.8217947382570283,1239.59670934
0.4763254,193.12407,False,0.8217947382570283,1239.59670934
0.82179475,360.97556,False,0.8217947382570283,1239.59670934
0.4093516,166.08461,False,0.8217947382570283,1239.59670934
0.82179475,363.42093,False,0.8217947382570283,1239.59670934
0.7995376,419.5502,False,0.8217947382570283,1239.59670934
0.007247008,482.27527,False,0.8217947382570283,1239.59670934
0.3902416,156.52805,False,0.8217947382570283,1239.59670934
0.19673571,371.081,False,0.8217947382570283,1239.59670934
0.0,66.24156,False,0.8217947382570283,1239.59670934
0.8060966,513.10406,False,0.8217947382570283,1239.59670934
0.7373495,289.20804,False,0.8217947382570283,1239.59670934
0.37769726,390.31924,False,0.8217947382570283,1239.59670934
0.79973614,531.1753,False,0.8217947382570283,1239.59670934
0.76528716,303.31158,False,0.8217947382570283,1239.59670934
0.75864744,423.58948,False,0.8217947382570283,1239.59670934
0.71613604,275.57452,False,0.8217947382570283,1239.59670934
0.8196248,1081.5875,False,0.8217947382570283,1239.59670934
0.33535308,121.10332,True,0.8217947382570283,1239.59670934
0.6415438,222.08362,False,0.8217947382570283,1239.59670934
0.7643966,279.25024,False,0.8217947382570283,1239.59670934
0.7974693,374.56967,False,0.8217947382570283,1239.59670934
0.80408794,822.5143,False,0.8217947382570283,1239.59670934
0.45974404,841.287,False,0.8217947382570283,1239.59670934
0.8191283,303.78223,False,0.8217947382570283,1239.59670934
0.80250436,409.37918,False,0.8217947382570283,1239.59670934
0.7686989,292.60434,False,0.8217947382570283,1239.59670934
0.8174168,589.8237,False,0.8217947382570283,1239.59670934
0.5999886,207.72124,False,0.8217947382570283,1239.59670934
7.6475026e-16,7.764724,False,0.8217947382570283,1239.59670934
0.7170127,624.6616,False,0.8217947382570283,1239.59670934
0.82179475,776.61304,False,0.8217947382570283,1239.59670934
0.6162597,213.4442,False,0.8217947382570283,1239.59670934
0.7706626,604.4595,False,0.8217947382570283,1239.59670934
0.5895056,545.44257,False,0.8217947382570283,1239.59670934
0.82179475,397.0781,False,0.8217947382570283,1239.59670934
0.046788186,326.80142,False,0.8217947382570283,1239.59670934
0.82179475,953.367,False,0.8217947382570283,1239.59670934
0.28404343,110.20566,True,0.8217947382570283,1239.59670934
0.82179475,791.8328,False,0.8217947382570283,1239.59670934
0.6888467,241.81902,False,0.8217947382570283,1239.59670934
0.82179475,339.7526,False,0.8217947382570283,1239.59670934
0.043742158,392.3927,False,0.8217947382570283,1239.59670934
0.65237814,227.28267,False,0.8217947382570283,1239.59670934
0.764112,568.25323,False,0.8217947382570283,1239.59670934
0.8038942,567.4842,False,0.8217947382570283,1239.59670934
0.82179475,319.7851,False,0.8217947382570283,1239.59670934
0.29988086,364.62387,False,0.8217947382570283,1239.59670934
0.755766,277.03613,False,0.8217947382570283,1239.59670934
0.7100022,392.82077,False,0.8217947382570283,1239.59670934
0.63920754,221.94609,False,0.8217947382570283,1239.59670934
0.2660649,472.80472,False,0.8217947382570283,1239.59670934
0.16523527,356.39868,False,0.8217947382570283,1239.59670934
0.38503632,594.55115,False,0.8217947382570283,1239.59670934
3.6030673e-28,510.89636,False,0.8217947382570283,1239.59670934
0.6351165,222.50845,False,0.8217947382570283,1239.59670934
0.0,601.8974,False,0.8217947382570283,1239.59670934
0.79731536,603.3154,False,0.8217947382570283,1239.59670934
0.8185411,395.00607,False,0.8217947382570283,1239.59670934
0.82179475,396.30103,False,0.8217947382570283,1239.59670934
0.26020625,121.32759,False,0.8217947382570283,1239.59670934
0.46339378,668.3501,False,0.8217947382570283,1239.59670934
0.7452328,273.16217,False,0.8217947382570283,1239.59670934
0.7437113,271.20312,False,0.8217947382570283,1239.59670934
0.82179475,382.94882,False,0.8217947382570283,1239.59670934
0.8209181,383.17358,False,0.8217947382570283,1239.59670934
0.82179475,326.3206,False,0.8217947382570283,1239.59670934
0.45799237,668.00433,False,0.8217947382570283,1239.59670934
0.39057684,149.70027,False,0.8217947382570283,1239.59670934
0.81455266,413.70233,False,0.8217947382570283,1239.59670934
0.34029284,423.7431,False,0.8217947382570283,1239.59670934
0.6174629,891.0844,False,0.8217947382570283,1239.59670934
0.500586,185.77443,False,0.8217947382570283,1239.59670934
0.41104203,638.10394,False,0.8217947382570283,1239.59670934
0.0,208.20131,False,0.8217947382570283,1239.59670934
0.6419282,592.3471,False,0.8217947382570283,1239.59670934
0.2826181,124.480286,False,0.8217947382570283,1239.59670934
0.5788037,282.39038,False,0.8217947382570283,1239.59670934
0.8024673,409.31314,False,0.8217947382570283,1239.59670934
0.25435957,169.51122,False,0.8217947382570283,1239.59670934
0.0,123.40717,False,0.8217947382570283,1239.59670934
0.5329775,179.24208,False,0.8217947382570283,1239.59670934
0.5451955,178.7841,False,0.8217947382570283,1239.59670934
0.0,115.52446,False,0.8217947382570283,1239.59670934
0.34796655,345.0581,False,0.8217947382570283,1239.59670934
0.35060075,319.3685,False,0.8217947382570283,1239.59670934
0.14200716,349.4823,False,0.8217947382570283,1239.59670934
0.82179475,388.8497,False,0.8217947382570283,1239.59670934
0.07460771,393.77148,False,0.8217947382570283,1239.59670934
0.59318125,455.53693,False,0.8217947382570283,1239.59670934
0.60807115,245.42189,False,0.8217947382570283,1239.59670934
0.28563026,635.90204,False,0.8217947382570283,1239.59670934
0.067904055,226.49939,False,0.8217947382570283,1239.59670934
0.14398538,331.1179,False,0.8217947382570283,1239.59670934
0.2195122,363.27948,False,0.8217947382570283,1239.59670934
0.13776302,303.35965,False,0.8217947382570283,1239.59670934
0.21588671,584.21716,False,0.8217947382570283,1239.59670934
0.64381945,209.52478,True,0.8217947382570283,1239.59670934
0.10483397,426.8874,False,0.8217947382570283,1239.59670934
0.0,141.72507,False,0.8217947382570283,1239.59670934
0.0,84.32212,False,0.8217947382570283,1239.59670934
0.0,200.6307,False,0.8217947382570283,1239.59670934
0.81764835,603.3012,False,0.8217947382570283,1239.59670934
0.81954676,506.31485,False,0.8217947382570283,1239.59670934
0.6094261,269.12582,False,0.8217947382570283,1239.59670934
0.74111956,435.89804,False,0.8217947382570283,1239.59670934
0.81056875,527.2043,False,0.8217947382570283,1239.59670934
0.82179475,298.4873,False,0.8217947382570283,1239.59670934
0.0,156.33266,False,0.8217947382570283,1239.59670934
0.6016846,191.02531,True,0.8217947382570283,1239.59670934
0.7902061,299.9255,False,0.8217947382570283,1239.59670934
0.0,247.7603,False,0.8217947382570283,1239.59670934
0.0,7.764724,False,0.8217947382570283,1239.59670934
0.24071254,183.67662,False,0.8217947382570283,1239.59670934
0.6699721,223.35844,True,0.8217947382570283,1239.59670934
0.82179475,298.2809,False,0.8217947382570283,1239.59670934
5.5246084e-14,151.33755,False,0.8217947382570283,1239.59670934
0.59262145,203.98584,False,0.8217947382570283,1239.59670934
0.8078484,541.4431,False,0.8217947382570283,1239.59670934
0.71336055,272.56784,False,0.8217947382570283,1239.59670934
0.56902784,196.34398,False,0.8217947382570283,1239.59670934
0.82179475,1055.7322,False,0.8217947382570283,1239.59670934
0.7909772,387.46082,False,0.8217947382570283,1239.59670934
0.6369487,233.69063,False,0.8217947382570283,1239.59670934
0.82179475,694.0645,False,0.8217947382570283,1239.59670934
0.47458202,554.65314,False,0.8217947382570283,1239.59670934
0.7313346,418.1342,False,0.8217947382570283,1239.59670934
0.7622261,679.72815,False,0.8217947382570283,1239.59670934
0.76328844,878.30145,False,0.8217947382570283,1239.59670934
0.82179475,631.7944,False,0.8217947382570283,1239.59670934
0.60415703,225.52477,False,0.8217947382570283,1239.59670934
0.5542631,744.30273,False,0.8217947382570283,1239.59670934
0.025713963,550.79816,False,0.8217947382570283,1239.59670934
2.816603e-15,7.764724,False,0.8217947382570283,1239.59670934
0.82141817,444.9624,False,0.8217947382570283,1239.59670934
0.6244206,231.93819,False,0.8217947382570283,1239.59670934
0.19371344,470.45514,False,0.8217947382570283,1239.59670934
0.82179475,556.57556,False,0.8217947382570283,1239.59670934
0.1929088,126.42835,False,0.8217947382570283,1239.59670934
0.73094535,268.90558,False,0.8217947382570283,1239.59670934
0.812461,383.07175,False,0.8217947382570283,1239.59670934
0.6408571,365.80933,False,0.8217947382570283,1239.59670934
0.7902716,533.0958,False,0.8217947382570283,1239.59670934
0.82179475,331.1488,False,0.8217947382570283,1239.59670934
0.71373016,264.82764,False,0.8217947382570283,1239.59670934
0.13389778,384.78183,False,0.8217947382570283,1239.59670934
0.21441711,130.06981,False,0.8217947382570283,1239.59670934
0.14905734,401.39108,False,0.8217947382570283,1239.59670934
0.4800807,590.63916,False,0.8217947382570283,1239.59670934
0.6724011,242.09544,False,0.8217947382570283,1239.59670934
0.5770441,564.68744,False,0.8217947382570283,1239.59670934
0.82179475,338.7983,True,0.8217947382570283,1239.59670934
0.77723455,468.89368,False,0.8217947382570283,1239.59670934
0.749792,743.06396,False,0.8217947382570283,1239.59670934
0.33254394,344.5213,False,0.8217947382570283,1239.59670934
0.7771024,289.16907,False,0.8217947382570283,1239.59670934
0.8134437,698.37866,False,0.8217947382570283,1239.59670934
0.58087224,187.74516,True,0.8217947382570283,1239.59670934
0.7968233,619.7913,False,0.8217947382570283,1239.59670934
0.82179475,702.2793,False,0.8217947382570283,1239.59670934
0.82179475,795.01434,False,0.8217947382570283,1239.59670934
0.6312616,219.11922,False,0.8217947382570283,1239.59670934
0.47083735,156.33939,False,0.8217947382570283,1239.59670934
0.03393057,390.1205,False,0.8217947382570283,1239.59670934
0.66133666,234.2793,False,0.8217947382570283,1239.59670934
0.74717844,275.03165,False,0.8217947382570283,1239.59670934
0.5991491,198.6751,False,0.8217947382570283,1239.59670934
0.25164753,392.07318,False,0.8217947382570283,1239.59670934
3.8261575e-15,82.34166,False,0.8217947382570283,1239.59670934
0.6005188,1057.2374,False,0.8217947382570283,1239.59670934
1.3811521e-15,137.94875,False,0.8217947382570283,1239.59670934
0.59054613,196.08365,False,0.8217947382570283,1239.59670934
0.82179475,339.45255,False,0.8217947382570283,1239.59670934
0.80916625,339.00372,False,0.8217947382570283,1239.59670934
0.42884478,426.92557,False,0.8217947382570283,1239.59670934
0.8033902,488.9187,False,0.8217947382570283,1239.59670934
0.08323475,368.85977,False,0.8217947382570283,1239.59670934
0.31018507,139.9582,False,0.8217947382570283,1239.59670934
0.8203762,770.5611,False,0.8217947382570283,1239.59670934
0.5286841,159.15746,True,0.8217947382570283,1239.59670934
0.0,7.764724,False,0.8217947382570283,1239.59670934
0.6590706,239.00035,False,0.8217947382570283,1239.59670934
0.40268677,389.32126,False,0.8217947382570283,1239.59670934
0.8159043,704.2822,False,0.8217947382570283,1239.59670934
0.6978745,256.32526,False,0.8217947382570283,1239.59670934
0.091916926,385.39963,False,0.8217947382570283,1239.59670934
0.30461246,459.1211,False,0.8217947382570283,1239.59670934
0.0,80.37018,False,0.8217947382570283,1239.59670934
0.52514255,160.41592,False,0.8217947382570283,1239.59670934
0.82179475,341.42404,False,0.8217947382570283,1239.59670934
0.6048356,211.72185,False,0.8217947382570283,1239.59670934
0.31708172,402.7221,False,0.8217947382570283,1239.59670934
0.7965762,351.8634,False,0.8217947382570283,1239.59670934
0.020907575,342.5444,False,0.8217947382570283,1239.59670934
0.809998,302.7651,False,0.8217947382570283,1239.59670934
0.2464244,362.37076,False,0.8217947382570283,1239.59670934
0.55616283,615.5868,False,0.8217947382570283,1239.59670934
0.7643769,281.31485,False,0.8217947382570283,1239.59670934
0.7972243,530.97205,False,0.8217947382570283,1239.59670934
0.6298821,224.70274,False,0.8217947382570283,1239.59670934
0.7389892,274.64664,False,0.8217947382570283,1239.59670934
4.839543e-16,133.12914,False,0.8217947382570283,1239.59670934
0.8212832,535.08356,False,0.8217947382570283,1239.59670934
0.58749634,553.99567,False,0.8217947382570283,1239.59670934
0.6521106,235.50676,False,0.8217947382570283,1239.59670934
0.0,109.84509,False,0.8217947382570283,1239.59670934
0.6580531,369.02325,False,0.8217947382570283,1239.59670934
0.123755,364.0393,False,0.8217947382570283,1239.59670934
0.5887211,202.6969,False,0.8217947382570283,1239.59670934
2.4731803e-16,413.83847,False,0.8217947382570283,1239.59670934
0.0,383.34232,False,0.8217947382570283,1239.59670934
0.63337135,227.31274,False,0.8217947382570283,1239.59670934
2.2509608e-15,7.764724,False,0.8217947382570283,1239.59670934
0.46035418,155.54779,False,0.8217947382570283,1239.59670934
0.62676954,537.6204,False,0.8217947382570283,1239.59670934
0.79506356,843.9006,False,0.8217947382570283,1239.59670934
0.80326986,299.9712,False,0.8217947382570283,1239.59670934
0.73707014,279.87906,False,0.8217947382570283,1239.59670934
0.82179475,723.4552,False,0.8217947382570283,1239.59670934
0.48692584,523.6664,False,0.8217947382570283,1239.59670934
0.8154861,328.80817,False,0.8217947382570283,1239.59670934
0.82179475,326.88596,False,0.8217947382570283,1239.59670934
0.77931273,302.7182,False,0.8217947382570283,1239.59670934
0.7951701,273.1695,False,0.8217947382570283,1239.59670934
0.11231382,422.43033,False,0.8217947382570283,1239.59670934
0.5091869,476.66873,False,0.8217947382570283,1239.59670934
0.3346901,143.91356,False,0.8217947382570283,1239.59670934
0.7983089,310.6184,False,0.8217947382570283,1239.59670934
0.7465365,285.17303,False,0.8217947382570283,1239.59670934
0.55089617,169.16843,True,0.8217947382570283,1239.59670934
0.0,106.71152,False,0.8217947382570283,1239.59670934
0.42636845,153.52226,False,0.8217947382570283,1239.59670934
0.31709552,383.6319,False,0.8217947382570283,1239.59670934
0.81224924,394.5128,False,0.8217947382570283,1239.59670934
0.75044996,637.7865,False,0.8217947382570283,1239.59670934
9.178963e-17,65.40691,False,0.8217947382570283,1239.59670934
0.54031086,165.5536,True,0.8217947382570283,1239.59670934
0.8115677,327.98593,False,0.8217947382570283,1239.59670934
0.8135754,710.18115,False,0.8217947382570283,1239.59670934
0.6302706,225.17667,False,0.8217947382570283,1239.59670934
0.0,7.764724,False,0.8217947382570283,1239.59670934
0.70860964,263.4927,False,0.8217947382570283,1239.59670934
0.6019003,212.04056,False,0.8217947382570283,1239.59670934
0.20025975,366.6948,False,0.8217947382570283,1239.59670934
0.7815119,285.66037,False,0.8217947382570283,1239.59670934
0.7657137,294.72324,False,0.8217947382570283,1239.59670934
0.27196383,344.77692,False,0.8217947382570283,1239.59670934
0.0,174.59885,False,0.8217947382570283,1239.59670934
0.39016494,157.60254,False,0.8217947382570283,1239.59670934
0.7934015,293.78616,False,0.8217947382570283,1239.59670934
0.65740275,241.13438,False,0.8217947382570283,1239.59670934
0.7626779,292.90134,False,0.8217947382570283,1239.59670934
0.46989253,402.79105,False,0.8217947382570283,1239.59670934
0.33789414,492.22705,False,0.8217947382570283,1239.59670934
5.405733e-15,90.07641,False,0.8217947382570283,1239.59670934
0.037284933,408.31003,False,0.8217947382570283,1239.59670934
0.69182444,247.7126,False,0.8217947382570283,1239.59670934
2.6488328e-15,7.764724,False,0.8217947382570283,1239.59670934
0.6417061,231.05731,False,0.8217947382570283,1239.59670934
1.595469e-16,225.18504,False,0.8217947382570283,1239.59670934
0.82103866,573.5509,False,0.8217947382570283,1239.59670934
0.5583084,174.74854,True,0.8217947382570283,1239.59670934
0.46696374,160.78764,False,0.8217947382570283,1239.59670934
0.62647486,225.77281,False,0.8217947382570283,1239.59670934
3.1883072e-16,140.55103,False,0.8217947382570283,1239.59670934
0.79691476,297.0181,False,0.8217947382570283,1239.59670934
0.6976898,258.04898,False,0.8217947382570283,1239.59670934
0.48032808,418.2239,False,0.8217947382570283,1239.59670934
0.4500712,470.353,False,0.8217947382570283,1239.59670934
1.512141e-16,78.65806,False,0.8217947382570283,1239.59670934
0.278683,422.8852,False,0.8217947382570283,1239.59670934
0.82179475,343.142,False,0.8217947382570283,1239.59670934
0.77812135,298.91275,False,0.8217947382570283,1239.59670934
0.76835144,295.36823,False,0.8217947382570283,1239.59670934
6.3435576e-15,108.94657,False,0.8217947382570283,1239.59670934
0.006365259,281.29514,False,0.8217947382570283,1239.59670934
0.078513905,342.72272,False,0.8217947382570283,1239.59670934
0.61897874,203.09747,True,0.8217947382570283,1239.59670934
0.7655687,288.03598,False,0.8217947382570283,1239.59670934
0.6226747,599.38257,False,0.8217947382570283,1239.59670934
0.6717545,241.97525,False,0.8217947382570283,1239.59670934
0.82179475,335.15594,False,0.8217947382570283,1239.59670934
2.4254778e-15,322.1802,False,0.8217947382570283,1239.59670934
0.7435989,275.35797,False,0.8217947382570283,1239.59670934
0.81443566,319.41043,False,0.8217947382570283,1239.59670934
0.6310989,529.90906,False,0.8217947382570283,1239.59670934
0.6122276,544.26276,False,0.8217947382570283,1239.59670934
0.0,84.96841,False,0.8217947382570283,1239.59670934
0.0,108.405075,False,0.8217947382570283,1239.59670934
0.58487236,696.63745,False,0.8217947382570283,1239.59670934
0.06801757,394.49222,False,0.8217947382570283,1239.59670934
0.09552445,419.49884,False,0.8217947382570283,1239.59670934
3.3263495e-16,318.1066,False,0.8217947382570283,1239.59670934
0.18009992,346.56793,False,0.8217947382570283,1239.59670934
0.5281608,163.19614,False,0.8217947382570283,1239.59670934
0.7013483,728.36957,False,0.8217947382570283,1239.59670934
0.5936699,617.421,False,0.8217947382570283,1239.59670934
0.82179475,632.15936,False,0.8217947382570283,1239.59670934
0.76170737,265.50034,False,0.8217947382570283,1239.59670934
0.72423047,250.8556,True,0.8217947382570283,1239.59670934
0.0,354.7923,False,0.8217947382570283,1239.59670934
0.8048136,312.92654,False,0.8217947382570283,1239.59670934
0.7747388,275.7248,False,0.8217947382570283,1239.59670934
0.6009755,195.6912,False,0.8217947382570283,1239.59670934
3.4321722e-17,7.764724,False,0.8217947382570283,1239.59670934
0.49130452,521.3472,False,0.8217947382570283,1239.59670934
0.0,326.18933,False,0.8217947382570283,1239.59670934
0.63858044,390.05954,False,0.8217947382570283,1239.59670934
0.5880873,189.27327,True,0.8217947382570283,1239.59670934
0.68289775,242.23006,False,0.8217947382570283,1239.59670934
3.824792e-15,131.7749,False,0.8217947382570283,1239.59670934
0.64065725,609.62476,False,0.8217947382570283,1239.59670934
0.29891422,376.71698,False,0.8217947382570283,1239.59670934
0.7770583,290.59793,False,0.8217947382570283,1239.59670934
1.02618267e-16,480.30725,False,0.8217947382570283,1239.59670934
0.0,130.33153,False,0.8217947382570283,1239.59670934
0.0,122.01255,False,0.8217947382570283,1239.59670934
0.79218143,321.3551,False,0.8217947382570283,1239.59670934
0.48462927,295.9511,False,0.8217947382570283,1239.59670934
0.6099143,223.40633,False,0.8217947382570283,1239.59670934
0.820903,299.9603,False,0.8217947382570283,1239.59670934
0.663606,237.42538,False,0.8217947382570283,1239.59670934
0.52806866,181.7546,False,0.8217947382570283,1239.59670934
0.82179475,322.08243,False,0.8217947382570283,1239.59670934
0.7480708,644.62585,False,0.8217947382570283,1239.59670934
0.82179475,572.4137,False,0.8217947382570283,1239.59670934
0.6916695,356.35315,False,0.8217947382570283,1239.59670934
0.54092366,186.91032,False,0.8217947382570283,1239.59670934
0.6637866,252.11835,False,0.8217947382570283,1239.59670934
0.54093325,507.02054,False,0.8217947382570283,1239.59670934
0.82179475,590.1356,False,0.8217947382570283,1239.59670934
0.3713997,559.87805,False,0.8217947382570283,1239.59670934
0.118111,382.84305,False,0.8217947382570283,1239.59670934
0.8054616,727.06464,False,0.8217947382570283,1239.59670934
0.2790735,478.41467,False,0.8217947382570283,1239.59670934
0.54391956,737.3916,False,0.8217947382570283,1239.59670934
0.65259284,744.20685,False,0.8217947382570283,1239.59670934
0.7250481,286.87576,False,0.8217947382570283,1239.59670934
0.63125986,230.67601,False,0.8217947382570283,1239.59670934
0.8182944,330.71875,False,0.8217947382570283,1239.59670934
0.4392819,557.78046,False,0.8217947382570283,1239.59670934
0.82179475,704.3616,False,0.8217947382570283,1239.59670934
0.7620987,287.99973,False,0.8217947382570283,1239.59670934
0.33127308,493.32895,False,0.8217947382570283,1239.59670934
0.7740031,295.50363,False,0.8217947382570283,1239.59670934
0.41195595,160.81831,False,0.8217947382570283,1239.59670934
0.64895064,231.0162,False,0.8217947382570283,1239.59670934
0.16327153,424.77615,False,0.8217947382570283,1239.59670934
0.6024409,211.05255,False,0.8217947382570283,1239.59670934
0.5827195,695.08716,False,0.8217947382570283,1239.59670934
0.54372615,172.18045,False,0.8217947382570283,1239.59670934
0.6718683,571.0834,False,0.8217947382570283,1239.59670934
0.387593,159.77837,False,0.8217947382570283,1239.59670934
0.24324816,348.37747,False,0.8217947382570283,1239.59670934
0.79982936,336.17343,False,0.8217947382570283,1239.59670934
3.0459294e-16,218.52934,False,0.8217947382570283,1239.59670934
0.0,7.764724,False,0.8217947382570283,1239.59670934
0.6575408,393.03006,False,0.8217947382570283,1239.59670934
0.6074062,201.8132,True,0.8217947382570283,1239.59670934
0.4320031,163.72037,False,0.8217947382570283,1239.59670934
0.7345386,265.26822,False,0.8217947382570283,1239.59670934
0.82179475,431.30783,False,0.8217947382570283,1239.59670934
0.81598383,289.38455,False,0.8217947382570283,1239.59670934
0.8094038,311.6508,False,0.8217947382570283,1239.59670934
0.82179475,334.3035,True,0.8217947382570283,1239.59670934
0.47367942,434.31036,False,0.8217947382570283,1239.59670934
0.56540084,339.0742,False,0.8217947382570283,1239.59670934
0.084707074,260.54095,False,0.8217947382570283,1239.59670934
0.7728788,264.9346,False,0.8217947382570283,1239.59670934
0.0,7.764724,False,0.8217947382570283,1239.59670934
0.0,81.49771,False,0.8217947382570283,1239.59670934
0.661651,230.97034,False,0.8217947382570283,1239.59670934
0.6462855,224.19667,False,0.8217947382570283,1239.59670934
1.6849108e-15,262.2836,False,0.8217947382570283,1239.59670934
0.67784584,239.73068,False,0.8217947382570283,1239.59670934
0.34315678,299.25522,False,0.8217947382570283,1239.59670934
1.0914665e-31,134.55995,False,0.8217947382570283,1239.59670934
0.6792247,247.72034,False,0.8217947382570283,1239.59670934
0.7797994,286.82544,False,0.8217947382570283,1239.59670934
0.8038583,759.6934,False,0.8217947382570283,1239.59670934
0.31103292,150.48087,False,0.8217947382570283,1239.59670934
0.599057,370.70847,False,0.8217947382570283,1239.59670934
0.73947024,264.0773,False,0.8217947382570283,1239.59670934
0.66518426,223.9235,False,0.8217947382570283,1239.59670934
0.6776269,457.28177,False,0.8217947382570283,1239.59670934
0.58223945,797.94464,False,0.8217947382570283,1239.59670934
0.60851306,576.73474,False,0.8217947382570283,1239.59670934
0.81258506,644.8622,False,0.8217947382570283,1239.59670934
0.59679747,496.34528,False,0.8217947382570283,1239.59670934
0.74973005,270.43912,False,0.8217947382570283,1239.59670934
0.72720814,590.4495,False,0.8217947382570283,1239.59670934
0.82179475,462.93686,False,0.8217947382570283,1239.59670934
0.7693892,306.72156,False,0.8217947382570283,1239.59670934
0.622634,602.62976,False,0.8217947382570283,1239.59670934
0.7897979,284.16147,False,0.8217947382570283,1239.59670934
0.72350276,560.44806,False,0.8217947382570283,1239.59670934
0.81130654,300.0457,False,0.8217947382570283,1239.59670934
2.905909e-14,145.32729,False,0.8217947382570283,1239.59670934
0.0,150.71744,False,0.8217947382570283,1239.59670934
0.2627912,359.2881,False,0.8217947382570283,1239.59670934
0.77399135,588.3845,False,0.8217947382570283,1239.59670934
0.0,185.4861,False,0.8217947382570283,1239.59670934
9.269269e-15,169.57066,False,0.8217947382570283,1239.59670934
0.8111224,385.34064,False,0.8217947382570283,1239.59670934
0.06282013,443.29593,False,0.8217947382570283,1239.59670934
0.6701242,749.31213,False,0.8217947382570283,1239.59670934
0.66032416,727.11035,False,0.8217947382570283,1239.59670934
4.4005109e-16,32.704235,False,0.8217947382570283,1239.59670934
0.26168507,295.87277,False,0.8217947382570283,1239.59670934
0.43676075,406.18893,False,0.8217947382570283,1239.59670934
0.44619215,643.0489,False,0.8217947382570283,1239.59670934
2.3468928e-15,158.03354,False,0.8217947382570283,1239.59670934
0.0,103.46062,False,0.8217947382570283,1239.59670934
0.0,137.42484,False,0.8217947382570283,1239.59670934
0.31975257,368.20294,False,0.8217947382570283,1239.59670934
9.215354e-16,112.88503,False,0.8217947382570283,1239.59670934
0.79051733,785.7628,False,0.8217947382570283,1239.59670934
0.4604161,155.79141,False,0.8217947382570283,1239.59670934
0.6542538,260.46512,False,0.8217947382570283,1239.59670934
1.860821e-16,239.12447,False,0.8217947382570283,1239.59670934
0.5433383,188.45432,False,0.8217947382570283,1239.59670934
0.82179475,333.33856,False,0.8217947382570283,1239.59670934
0.66235924,285.77866,False,0.8217947382570283,1239.59670934
0.821791,455.4596,False,0.8217947382570283,1239.59670934
0.82179475,325.46048,False,0.8217947382570283,1239.59670934
0.0,186.12051,False,0.8217947382570283,1239.59670934
0.752565,399.74258,False,0.8217947382570283,1239.59670934
0.0,277.95337,False,0.8217947382570283,1239.59670934
0.60948026,600.3039,False,0.8217947382570283,1239.59670934
0.574139,202.89755,False,0.8217947382570283,1239.59670934
9.626252e-16,257.8827,False,0.8217947382570283,1239.59670934
0.67859584,510.73395,False,0.8217947382570283,1239.59670934
2.167008e-14,83.1912,False,0.8217947382570283,1239.59670934
0.5979473,635.8643,False,0.8217947382570283,1239.59670934
0.11450015,112.96175,False,0.8217947382570283,1239.59670934
0.63899344,256.66296,False,0.8217947382570283,1239.59670934
0.6891269,587.3265,False,0.8217947382570283,1239.59670934
0.54044586,206.60411,False,0.8217947382570283,1239.59670934
2.5631183e-16,148.08618,False,0.8217947382570283,1239.59670934
0.06216316,413.46323,False,0.8217947382570283,1239.59670934
0.70247716,267.64166,False,0.8217947382570283,1239.59670934
0.0,148.27509,False,0.8217947382570283,1239.59670934
0.0,403.5386,False,0.8217947382570283,1239.59670934
0.1951784,414.68457,False,0.8217947382570283,1239.59670934
0.59482324,509.95615,False,0.8217947382570283,1239.59670934
0.52158445,518.60345,False,0.8217947382570283,1239.59670934
8.502152e-16,305.18057,False,0.8217947382570283,1239.59670934
0.0,154.72931,False,0.8217947382570283,1239.59670934
0.0,183.62834,False,0.8217947382570283,1239.59670934
0.553399,595.5238,False,0.8217947382570283,1239.59670934
0.684335,257.18884,False,0.8217947382570283,1239.59670934
0.82179475,335.66315,False,0.8217947382570283,1239.59670934
0.82179475,355.54752,False,0.8217947382570283,1239.59670934
0.5618076,546.14874,False,0.8217947382570283,1239.59670934
0.8101954,990.60864,False,0.8217947382570283,1239.59670934
0.82179475,635.6596,False,0.8217947382570283,1239.59670934
0.51281166,615.95593,False,0.8217947382570283,1239.59670934
0.6892314,262.5744,False,0.8217947382570283,1239.59670934
0.6880735,273.9352,False,0.8217947382570283,1239.59670934
0.76849294,327.8612,False,0.8217947382570283,1239.59670934
8.1459125e-14,79.45915,True,0.8217947382570283,1239.59670934
0.7482148,587.4508,False,0.8217947382570283,1239.59670934
0.5339476,622.138,False,0.8217947382570283,1239.59670934
0.39279908,144.64285,False,0.8217947382570283,1239.59670934
4.140451e-15,125.373276,False,0.8217947382570283,1239.59670934
0.5573953,520.44556,False,0.8217947382570283,1239.59670934
0.69796324,546.1627,False,0.8217947382570283,1239.59670934
0.5782529,182.86476,True,0.8217947382570283,1239.59670934
0.46714476,513.0717,False,0.8217947382570283,1239.59670934
0.67669344,285.95297,False,0.8217947382570283,1239.59670934
0.0,195.70888,False,0.8217947382570283,1239.59670934
0.7814303,332.21484,False,0.8217947382570283,1239.59670934
0.6852112,238.5297,True,0.8217947382570283,1239.59670934
0.6968686,616.1207,False,0.8217947382570283,1239.59670934
0.14412566,509.85104,False,0.8217947382570283,1239.59670934
0.5410266,682.65344,False,0.8217947382570283,1239.59670934
0.0,207.70607,False,0.8217947382570283,1239.59670934
0.7029419,285.5366,False,0.8217947382570283,1239.59670934
0.0,419.89426,False,0.8217947382570283,1239.59670934
0.79105455,314.0181,False,0.8217947382570283,1239.59670934
0.0,36.55767,False,0.8217947382570283,1239.59670934
0.82006294,317.3516,False,0.8217947382570283,1239.59670934
0.5968139,203.77448,False,0.8217947382570283,1239.59670934
0.4507595,316.47882,False,0.8217947382570283,1239.59670934
0.5791825,636.76965,False,0.8217947382570283,1239.59670934
0.57261336,684.5385,False,0.8217947382570283,1239.59670934
0.66122305,863.15247,False,0.8217947382570283,1239.59670934
0.067028016,393.13617,False,0.8217947382570283,1239.59670934
0.0,242.88281,False,0.8217947382570283,1239.59670934
0.6537441,237.13333,False,0.8217947382570283,1239.59670934
0.5551746,178.71033,False,0.8217947382570283,1239.59670934
0.34984788,226.72395,False,0.8217947382570283,1239.59670934
0.15579975,399.6566,False,0.8217947382570283,1239.59670934
0.4789631,300.53052,False,0.8217947382570283,1239.59670934
0.8063998,692.3594,False,0.8217947382570283,1239.59670934
0.8037865,625.50824,False,0.8217947382570283,1239.59670934
0.815567,825.17993,False,0.8217947382570283,1239.59670934
0.5286991,167.2144,False,0.8217947382570283,1239.59670934
0.10661455,152.06175,False,0.8217947382570283,1239.59670934
0.82179475,530.32184,False,0.8217947382570283,1239.59670934
0.77880496,304.4008,False,0.8217947382570283,1239.59670934
0.7098666,273.93396,False,0.8217947382570283,1239.59670934
0.78656024,485.2907,False,0.8217947382570283,1239.59670934
0.7952188,312.37286,False,0.8217947382570283,1239.59670934
0.66645944,251.91185,False,0.8217947382570283,1239.59670934
0.68013924,260.25565,False,0.8217947382570283,1239.59670934
0.3120443,489.58768,False,0.8217947382570283,1239.59670934
0.0,138.89221,False,0.8217947382570283,1239.59670934
0.69215643,268.06265,False,0.8217947382570283,1239.59670934
0.3800417,419.4492,False,0.8217947382570283,1239.59670934
0.60042286,605.7362,False,0.8217947382570283,1239.59670934
0.69807756,716.8065,False,0.8217947382570283,1239.59670934
0.82179475,585.8037,False,0.8217947382570283,1239.59670934
0.14181216,369.04263,False,0.8217947382570283,1239.59670934
0.74180275,731.66364,False,0.8217947382570283,1239.59670934
0.70202273,627.16125,False,0.8217947382570283,1239.59670934
0.5512232,570.20026,False,0.8217947382570283,1239.59670934
0.82179475,648.2615,False,0.8217947382570283,1239.59670934
0.79727685,533.0747,False,0.8217947382570283,1239.59670934
0.79547566,316.72562,False,0.8217947382570283,1239.59670934
6.431902e-14,115.99362,False,0.8217947382570283,1239.59670934
0.0,109.84113,False,0.8217947382570283,1239.59670934
0.0,194.4468,False,0.8217947382570283,1239.59670934
0.80679137,337.22006,False,0.8217947382570283,1239.59670934
0.7595096,290.53998,False,0.8217947382570283,1239.59670934
0.5800766,188.07233,False,0.8217947382570283,1239.59670934
0.51705164,505.76117,False,0.8217947382570283,1239.59670934
1.9463857e-29,227.59662,False,0.8217947382570283,1239.59670934
0.72512263,277.02728,False,0.8217947382570283,1239.59670934
0.0,176.4838,False,0.8217947382570283,1239.59670934
0.0,138.88544,False,0.8217947382570283,1239.59670934
0.60599786,205.00725,False,0.8217947382570283,1239.59670934
0.23782025,449.2299,False,0.8217947382570283,1239.59670934
0.6217243,213.37971,False,0.8217947382570283,1239.59670934
0.565877,181.52249,True,0.8217947382570283,1239.59670934
0.0,213.36943,False,0.8217947382570283,1239.59670934
0.7254496,604.78827,False,0.8217947382570283,1239.59670934
0.554478,177.25275,False,0.8217947382570283,1239.59670934
0.73768294,286.36978,False,0.8217947382570283,1239.59670934
0.8051407,322.80716,False,0.8217947382570283,1239.59670934
0.7748285,302.18954,False,0.8217947382570283,1239.59670934
0.0,156.06285,False,0.8217947382570283,1239.59670934
0.6203055,506.22403,False,0.8217947382570283,1239.59670934
0.58965975,657.61536,False,0.8217947382570283,1239.59670934
0.61245006,220.52892,False,0.8217947382570283,1239.59670934
6.74333e-15,83.62314,False,0.8217947382570283,1239.59670934
0.5955517,653.69775,False,0.8217947382570283,1239.59670934
0.299603,471.81198,False,0.8217947382570283,1239.59670934
0.70075625,278.1719,False,0.8217947382570283,1239.59670934
0.74718577,629.27637,False,0.8217947382570283,1239.59670934
0.64792866,244.70724,False,0.8217947382570283,1239.59670934
0.48225465,505.7145,False,0.8217947382570283,1239.59670934
0.54913974,638.36896,False,0.8217947382570283,1239.59670934
0.53024536,159.54486,True,0.8217947382570283,1239.59670934
0.639162,726.5478,False,0.8217947382570283,1239.59670934
0.6427184,500.65875,False,0.8217947382570283,1239.59670934
0.34556404,767.9341,False,0.8217947382570283,1239.59670934
0.61965615,222.30841,False,0.8217947382570283,1239.59670934
0.79993635,315.3422,False,0.8217947382570283,1239.59670934
0.7634798,297.98135,False,0.8217947382570283,1239.59670934
0.66778386,253.65535,False,0.8217947382570283,1239.59670934
0.5618297,183.20047,False,0.8217947382570283,1239.59670934
0.26588947,445.18176,False,0.8217947382570283,1239.59670934
0.45079994,602.90717,False,0.8217947382570283,1239.59670934
0.78875685,316.79422,False,0.8217947382570283,1239.59670934
0.82179475,974.9355,False,0.8217947382570283,1239.59670934
0.57486695,191.94702,False,0.8217947382570283,1239.59670934
0.7976163,313.32486,False,0.8217947382570283,1239.59670934
0.5461574,173.39568,False,0.8217947382570283,1239.59670934
0.51182777,517.03674,False,0.8217947382570283,1239.59670934
0.8056584,322.6243,False,0.8217947382570283,1239.59670934
0.60331726,605.46466,False,0.8217947382570283,1239.59670934
0.0,40.382,False,0.8217947382570283,1239.59670934
0.58334243,197.14351,False,0.8217947382570283,1239.59670934
0.24826574,329.45135,False,0.8217947382570283,1239.59670934
0.70690376,699.27325,False,0.8217947382570283,1239.59670934
1.4614994e-16,408.90192,False,0.8217947382570283,1239.59670934
0.61606044,219.34703,False,0.8217947382570283,1239.59670934
0.8185502,344.68317,False,0.8217947382570283,1239.59670934
0.0,136.61415,False,0.8217947382570283,1239.59670934
0.7863559,318.46005,False,0.8217947382570283,1239.59670934
1.1301059e-29,162.83217,False,0.8217947382570283,1239.59670934
0.0,88.01364,False,0.8217947382570283,1239.59670934
0.0,146.19302,False,0.8217947382570283,1239.59670934
0.634952,590.9254,False,0.8217947382570283,1239.59670934
0.49885654,159.63527,False,0.8217947382570283,1239.59670934
0.68825024,268.6643,False,0.8217947382570283,1239.59670934
0.6761376,259.09543,False,0.8217947382570283,1239.59670934
0.61068785,234.74933,False,0.8217947382570283,1239.59670934
0.57501054,564.141,False,0.8217947382570283,1239.59670934
0.7962882,365.31302,False,0.8217947382570283,1239.59670934
0.6431915,238.34276,False,0.8217947382570283,1239.59670934
0.6536064,558.8427,False,0.8217947382570283,1239.59670934
0.79281056,322.93298,False,0.8217947382570283,1239.59670934
0.5793679,520.2477,False,0.8217947382570283,1239.59670934
0.3885477,460.60196,False,0.8217947382570283,1239.59670934
0.59482366,686.63635,False,0.8217947382570283,1239.59670934
0.5868717,198.33678,False,0.8217947382570283,1239.59670934
0.7421911,286.97086,False,0.8217947382570283,1239.59670934
0.7879274,303.9283,False,0.8217947382570283,1239.59670934
0.7881565,306.32266,False,0.8217947382570283,1239.59670934
0.82165444,608.66003,False,0.8217947382570283,1239.59670934
0.55832684,533.5565,False,0.8217947382570283,1239.59670934
0.81099963,752.32715,False,0.8217947382570283,1239.59670934
0.0,19.482191,False,0.8217947382570283,1239.59670934
1.6930897e-29,194.90965,False,0.8217947382570283,1239.59670934
0.6710985,253.42105,False,0.8217947382570283,1239.59670934
0.6647688,251.26392,False,0.8217947382570283,1239.59670934
0.7767782,640.5145,False,0.8217947382570283,1239.59670934
0.5650153,182.79427,False,0.8217947382570283,1239.59670934
0.65909666,248.66266,False,0.8217947382570283,1239.59670934
0.7326295,294.5697,False,0.8217947382570283,1239.59670934
0.0,63.20722,False,0.8217947382570283,1239.59670934
0.46150273,556.22736,False,0.8217947382570283,1239.59670934
0.5687307,512.3221,False,0.8217947382570283,1239.59670934
0.51074976,691.4983,False,0.8217947382570283,1239.59670934
0.4053152,487.4046,False,0.8217947382570283,1239.59670934
2.127872e-15,7.764724,False,0.8217947382570283,1239.59670934
0.50101256,160.06119,False,0.8217947382570283,1239.59670934
0.68398696,249.84697,False,0.8217947382570283,1239.59670934
0.70461386,254.99107,False,0.8217947382570283,1239.59670934
0.76490396,284.84094,False,0.8217947382570283,1239.59670934
0.53828704,168.52757,False,0.8217947382570283,1239.59670934
0.7701656,475.80786,False,0.8217947382570283,1239.59670934
0.08098981,412.9191,False,0.8217947382570283,1239.59670934
0.7333822,268.22647,False,0.8217947382570283,1239.59670934
0.82179475,335.2673,False,0.8217947382570283,1239.59670934
0.82179475,710.222,False,0.8217947382570283,1239.59670934
0.82179475,771.2609,False,0.8217947382570283,1239.59670934
0.75827175,278.72693,False,0.8217947382570283,1239.59670934
0.58042765,525.5419,False,0.8217947382570283,1239.59670934
0.8188091,312.03668,False,0.8217947382570283,1239.59670934
0.06387031,368.6013,False,0.8217947382570283,1239.59670934
0.12269032,395.11484,False,0.8217947382570283,1239.59670934
0.82179475,444.10886,False,0.8217947382570283,1239.59670934
0.43895033,726.59766,False,0.8217947382570283,1239.59670934
0.5604513,184.08511,False,0.8217947382570283,1239.59670934
0.64542747,235.03133,False,0.8217947382570283,1239.59670934
0.53217185,168.4333,False,0.8217947382570283,1239.59670934
0.13713336,122.13396,False,0.8217947382570283,1239.59670934
0.6961104,257.13123,False,0.8217947382570283,1239.59670934
0.7795504,299.32785,False,0.8217947382570283,1239.59670934
0.752198,282.49176,False,0.8217947382570283,1239.59670934
4.7469005e-15,387.778,False,0.8217947382570283,1239.59670934
0.5576293,674.13165,False,0.8217947382570283,1239.59670934
0.82109493,358.38882,False,0.8217947382570283,1239.59670934
0.38430685,442.9986,False,0.8217947382570283,1239.59670934
0.81018835,336.41934,False,0.8217947382570283,1239.59670934
0.40603223,660.5184,False,0.8217947382570283,1239.59670934
0.49092978,471.2864,False,0.8217947382570283,1239.59670934
0.54513913,177.08374,False,0.8217947382570283,1239.59670934
0.76723313,736.1442,False,0.8217947382570283,1239.59670934
0.6727152,249.39308,False,0.8217947382570283,1239.59670934
0.82179475,364.85254,False,0.8217947382570283,1239.59670934
0.6653296,636.6759,False,0.8217947382570283,1239.59670934
0.6630344,513.6934,False,0.8217947382570283,1239.59670934
0.18048088,322.14084,False,0.8217947382570283,1239.59670934
0.791275,317.85828,False,0.8217947382570283,1239.59670934
0.8115574,352.83633,False,0.8217947382570283,1239.59670934
0.6060936,723.12604,False,0.8217947382570283,1239.59670934
6.15601e-17,351.59967,False,0.8217947382570283,1239.59670934
0.6762829,258.74893,False,0.8217947382570283,1239.59670934
0.0,234.64302,False,0.8217947382570283,1239.59670934
0.54205483,173.1723,False,0.8217947382570283,1239.59670934
0.6546626,690.065,False,0.8217947382570283,1239.59670934
0.81480193,357.79443,False,0.8217947382570283,1239.59670934
0.53014827,166.2262,False,0.8217947382570283,1239.59670934
0.82179475,708.56024,False,0.8217947382570283,1239.59670934
0.5651065,420.52185,False,0.8217947382570283,1239.59670934
0.57506555,867.11835,False,0.8217947382570283,1239.59670934
0.6389121,943.81494,False,0.8217947382570283,1239.59670934
0.7139073,617.2854,False,0.8217947382570283,1239.59670934
0.77071613,484.63593,False,0.8217947382570283,1239.59670934
0.60267985,633.3378,False,0.8217947382570283,1239.59670934
0.7557712,291.12222,False,0.8217947382570283,1239.59670934
0.6595128,654.1365,False,0.8217947382570283,1239.59670934
0.0,465.33124,False,0.8217947382570283,1239.59670934
0.6475343,220.31229,True,0.8217947382570283,1239.59670934
0.622699,208.6044,True,0.8217947382570283,1239.59670934
2.3321903e-16,276.44556,False,0.8217947382570283,1239.59670934
0.5556063,634.26654,False,0.8217947382570283,1239.59670934
0.0,199.69879,False,0.8217947382570283,1239.59670934
0.82179475,292.29788,False,0.8217947382570283,1239.59670934
0.5230616,156.1119,True,0.8217947382570283,1239.59670934
6.197102e-15,235.71558,False,0.8217947382570283,1239.59670934
0.0,119.40092,False,0.8217947382570283,1239.59670934
0.08155218,340.48438,False,0.8217947382570283,1239.59670934
0.7242199,389.42233,False,0.8217947382570283,1239.59670934
0.80360615,664.16266,False,0.8217947382570283,1239.59670934
0.47085708,549.636,False,0.8217947382570283,1239.59670934
1.8193222e-15,186.82,False,0.8217947382570283,1239.59670934
0.49881378,397.89664,False,0.8217947382570283,1239.59670934
0.73472214,313.60123,False,0.8217947382570283,1239.59670934
2.6216935e-14,181.42212,False,0.8217947382570283,1239.59670934
1.1354817e-15,200.54231,False,0.8217947382570283,1239.59670934
0.79306436,467.11374,False,0.8217947382570283,1239.59670934
0.0,7.764724,False,0.8217947382570283,1239.59670934
0.59994733,228.65149,False,0.8217947382570283,1239.59670934
0.7335935,311.85907,False,0.8217947382570283,1239.59670934
0.6355763,256.8919,False,0.8217947382570283,1239.59670934
0.82179475,392.57593,False,0.8217947382570283,1239.59670934
0.61633736,246.33937,False,0.8217947382570283,1239.59670934
0.71115535,289.31516,False,0.8217947382570283,1239.59670934
0.0,195.75488,False,0.8217947382570283,1239.59670934
0.5242807,161.59521,False,0.8217947382570283,1239.59670934
0.6016871,539.86786,False,0.8217947382570283,1239.59670934
0.4620642,552.32965,False,0.8217947382570283,1239.59670934
0.0,247.23936,False,0.8217947382570283,1239.59670934
0.82179475,703.1934,False,0.8217947382570283,1239.59670934
0.7259179,663.4155,False,0.8217947382570283,1239.59670934
0.0,134.76987,False,0.8217947382570283,1239.59670934
0.82179475,888.7842,False,0.8217947382570283,1239.59670934
0.8216671,392.12573,False,0.8217947382570283,1239.59670934
2.1481545e-15,7.764724,False,0.8217947382570283,1239.59670934
0.24614133,424.4912,False,0.8217947382570283,1239.59670934
0.5621604,196.19775,False,0.8217947382570283,1239.59670934
0.6725004,291.7736,False,0.8217947382570283,1239.59670934
0.819615,305.17157,False,0.8217947382570283,1239.59670934
0.82179475,527.79205,False,0.8217947382570283,1239.59670934
0.70523864,506.90805,False,0.8217947382570283,1239.59670934
0.56344557,176.33937,True,0.8217947382570283,1239.59670934
0.37622386,123.58327,True,0.8217947382570283,1239.59670934
0.47988585,146.96938,True,0.8217947382570283,1239.59670934
0.036480285,383.89752,False,0.8217947382570283,1239.59670934
0.4205848,132.95416,True,0.8217947382570283,1239.59670934
0.73376316,254.3534,True,0.8217947382570283,1239.59670934
0.26502562,243.8599,False,0.8217947382570283,1239.59670934
0.82179475,292.11118,False,0.8217947382570283,1239.59670934
0.81060594,360.175,False,0.8217947382570283,1239.59670934
0.611924,587.29254,False,0.8217947382570283,1239.59670934
0.29456997,347.95035,False,0.8217947382570283,1239.59670934
0.5816552,658.53046,False,0.8217947382570283,1239.59670934
1.19745776e-17,258.63272,False,0.8217947382570283,1239.59670934
0.80788976,287.5191,False,0.8217947382570283,1239.59670934
0.8085424,279.33447,False,0.8217947382570283,1239.59670934
8.02242e-15,69.12637,False,0.8217947382570283,1239.59670934
0.79888046,503.51202,False,0.8217947382570283,1239.59670934
0.8114241,320.93875,False,0.8217947382570283,1239.59670934
0.8004977,303.53784,False,0.8217947382570283,1239.59670934
0.7145499,772.73926,False,0.8217947382570283,1239.59670934
0.55555975,191.08498,False,0.8217947382570283,1239.59670934
0.82179475,968.6701,False,0.8217947382570283,1239.59670934
1.5621807e-15,141.3004,False,0.8217947382570283,1239.59670934
0.78665876,285.3126,False,0.8217947382570283,1239.59670934
0.6434085,242.67021,False,0.8217947382570283,1239.59670934
5.44197e-16,7.764724,False,0.8217947382570283,1239.59670934
0.66558653,478.26138,False,0.8217947382570283,1239.59670934
0.34610036,524.09814,False,0.8217947382570283,1239.59670934
0.8180578,519.4147,False,0.8217947382570283,1239.59670934
0.6497683,244.89088,False,0.8217947382570283,1239.59670934
0.08626396,332.54153,False,0.8217947382570283,1239.59670934
0.0,62.184982,False,0.8217947382570283,1239.59670934
0.767789,771.6225,False,0.8217947382570283,1239.59670934
0.7017653,406.0694,False,0.8217947382570283,1239.59670934
0.80615294,413.74,False,0.8217947382570283,1239.59670934
0.79990965,438.97928,False,0.8217947382570283,1239.59670934
0.4967099,156.58089,False,0.8217947382570283,1239.59670934
0.52805364,166.1566,False,0.8217947382570283,1239.59670934
0.62963516,231.43562,False,0.8217947382570283,1239.59670934
0.70874256,272.64505,False,0.8217947382570283,1239.59670934
0.48511544,149.264,False,0.8217947382570283,1239.59670934
0.7752681,294.1873,False,0.8217947382570283,1239.59670934
0.584308,204.2233,False,0.8217947382570283,1239.59670934
0.79627466,310.69583,False,0.8217947382570283,1239.59670934
0.61201835,635.10675,False,0.8217947382570283,1239.59670934
0.82179475,692.62506,False,0.8217947382570283,1239.59670934
0.0042715645,408.013,False,0.8217947382570283,1239.59670934
0.0,134.06032,False,0.8217947382570283,1239.59670934
0.0,456.23813,False,0.8217947382570283,1239.59670934
0.5972207,211.24997,False,0.8217947382570283,1239.59670934
0.808161,326.61188,False,0.8217947382570283,1239.59670934
0.7325433,354.5746,False,0.8217947382570283,1239.59670934
0.6625103,473.10892,False,0.8217947382570283,1239.59670934
0.60396814,213.95175,False,0.8217947382570283,1239.59670934
0.8133652,333.18695,False,0.8217947382570283,1239.59670934
0.58360296,751.0564,False,0.8217947382570283,1239.59670934
0.24967012,384.70386,False,0.8217947382570283,1239.59670934
5.1338926e-16,126.36033,False,0.8217947382570283,1239.59670934
0.537942,170.70918,False,0.8217947382570283,1239.59670934
0.5813388,200.09328,False,0.8217947382570283,1239.59670934
0.76206136,286.50482,False,0.8217947382570283,1239.59670934
0.6664245,251.9731,False,0.8217947382570283,1239.59670934
0.70927423,273.73163,False,0.8217947382570283,1239.59670934
0.82179475,724.6074,False,0.8217947382570283,1239.59670934
0.8145492,417.5584,False,0.8217947382570283,1239.59670934
0.5867418,202.39738,False,0.8217947382570283,1239.59670934
0.8145033,336.52377,False,0.8217947382570283,1239.59670934
0.82179475,400.22012,False,0.8217947382570283,1239.59670934
0.60537666,630.74524,False,0.8217947382570283,1239.59670934
0.6332063,233.74387,False,0.8217947382570283,1239.59670934
0.8155764,337.99667,False,0.8217947382570283,1239.59670934
0.64223737,809.7531,False,0.8217947382570283,1239.59670934
0.5255135,562.6162,False,0.8217947382570283,1239.59670934
0.6698664,446.9072,False,0.8217947382570283,1239.59670934
0.79260504,493.57764,False,0.8217947382570283,1239.59670934
0.54778594,624.4451,False,0.8217947382570283,1239.59670934
0.4616842,522.6145,False,0.8217947382570283,1239.59670934
0.8191073,437.1459,False,0.8217947382570283,1239.59670934
0.61835265,222.74295,False,0.8217947382570283,1239.59670934
5.2934164e-15,113.14307,False,0.8217947382570283,1239.59670934
0.5309557,163.3689,True,0.8217947382570283,1239.59670934
0.82179475,738.14136,False,0.8217947382570283,1239.59670934
0.0,7.764724,False,0.8217947382570283,1239.59670934
0.5814791,199.07338,False,0.8217947382570283,1239.59670934
0.28276157,378.91257,False,0.8217947382570283,1239.59670934
0.035941456,411.1728,False,0.8217947382570283,1239.59670934
0.78253245,302.61255,False,0.8217947382570283,1239.59670934
0.8141737,406.2053,False,0.8217947382570283,1239.59670934
0.81290823,831.7385,False,0.8217947382570283,1239.59670934
0.04977445,280.67737,False,0.8217947382570283,1239.59670934
0.75850445,283.34735,False,0.8217947382570283,1239.59670934
0.5444307,552.9976,False,0.8217947382570283,1239.59670934
0.07775599,351.88538,False,0.8217947382570283,1239.59670934
0.82179475,709.49585,False,0.8217947382570283,1239.59670934
0.8173743,371.38605,False,0.8217947382570283,1239.59670934
0.68483835,636.2077,False,0.8217947382570283,1239.59670934
0.81491536,337.02347,False,0.8217947382570283,1239.59670934
0.69392556,264.07062,False,0.8217947382570283,1239.59670934
0.0,135.84715,False,0.8217947382570283,1239.59670934
0.7095759,270.06348,False,0.8217947382570283,1239.59670934
0.50809205,148.64713,True,0.8217947382570283,1239.59670934
0.642965,420.4872,False,0.8217947382570283,1239.59670934
0.77081805,294.5456,False,0.8217947382570283,1239.59670934
0.44889987,557.3776,False,0.8217947382570283,1239.59670934
0.78558415,300.16547,False,0.8217947382570283,1239.59670934
0.81498885,326.6941,False,0.8217947382570283,1239.59670934
0.5554275,182.25078,False,0.8217947382570283,1239.59670934
0.81134677,329.867,False,0.8217947382570283,1239.59670934
0.817352,415.9347,False,0.8217947382570283,1239.59670934
0.24722509,496.25177,False,0.8217947382570283,1239.59670934
0.50952065,478.974,False,0.8217947382570283,1239.59670934
0.648949,943.83344,False,0.8217947382570283,1239.59670934
0.0,7.764724,False,0.8217947382570283,1239.59670934
0.041923314,344.43304,False,0.8217947382570283,1239.59670934
0.5433553,547.9985,False,0.8217947382570283,1239.59670934
0.18830608,417.62912,False,0.8217947382570283,1239.59670934
1.6683294e-15,26.69707,False,0.8217947382570283,1239.59670934
0.5393058,170.22108,False,0.8217947382570283,1239.59670934
0.7425926,299.2685,False,0.8217947382570283,1239.59670934
0.7784235,336.35507,False,0.8217947382570283,1239.59670934
0.7340245,299.17883,False,0.8217947382570283,1239.59670934
0.46469328,508.1552,False,0.8217947382570283,1239.59670934
0.5619803,189.98903,False,0.8217947382570283,1239.59670934
0.47310165,680.07837,False,0.8217947382570283,1239.59670934
0.57096237,197.30392,False,0.8217947382570283,1239.59670934
0.6506463,258.68518,False,0.8217947382570283,1239.59670934
0.20024312,348.2782,False,0.8217947382570283,1239.59670934
0.21124054,141.19249,False,0.8217947382570283,1239.59670934
0.6163575,233.98692,False,0.8217947382570283,1239.59670934
0.6764876,512.6499,False,0.8217947382570283,1239.59670934
0.6084831,214.91656,False,0.8217947382570283,1239.59670934
0.7142101,584.9849,False,0.8217947382570283,1239.59670934
0.82179475,423.79312,False,0.8217947382570283,1239.59670934
0.0,126.463554,False,0.8217947382570283,1239.59670934
0.6117938,512.90656,False,0.8217947382570283,1239.59670934
0.6327416,248.03027,False,0.8217947382570283,1239.59670934
9.399565e-06,173.88506,False,0.8217947382570283,1239.59670934
0.82179475,581.6524,False,0.8217947382570283,1239.59670934
0.55786306,198.71436,False,0.8217947382570283,1239.59670934
0.8131103,453.61758,False,0.8217947382570283,1239.59670934
0.7915274,315.67093,False,0.8217947382570283,1239.59670934
0.82179475,415.84818,False,0.8217947382570283,1239.59670934
0.6362565,566.01227,False,0.8217947382570283,1239.59670934
0.6228631,245.20894,False,0.8217947382570283,1239.59670934
0.33849275,143.85948,False,0.8217947382570283,1239.59670934
0.6588612,265.38147,False,0.8217947382570283,1239.59670934
0.61654687,663.0975,False,0.8217947382570283,1239.59670934
0.54709095,190.56651,False,0.8217947382570283,1239.59670934
0.47890124,625.69946,False,0.8217947382570283,1239.59670934
0.7406121,285.9016,False,0.8217947382570283,1239.59670934
0.8107455,330.62253,False,0.8217947382570283,1239.59670934
0.5520357,194.88918,False,0.8217947382570283,1239.59670934
0.58224505,605.57556,False,0.8217947382570283,1239.59670934
0.70043427,666.32404,False,0.8217947382570283,1239.59670934
0.39591876,502.19708,False,0.8217947382570283,1239.59670934
0.6973792,472.45856,False,0.8217947382570283,1239.59670934
0.601908,235.68109,False,0.8217947382570283,1239.59670934
0.16748962,109.81821,True,0.8217947382570283,1239.59670934
0.75792,299.00073,False,0.8217947382570283,1239.59670934
0.0,102.00808,False,0.8217947382570283,1239.59670934
0.6375334,244.11931,False,0.8217947382570283,1239.59670934
0.8131596,263.96863,False,0.8217947382570283,1239.59670934
0.7446792,754.9175,False,0.8217947382570283,1239.59670934
0.6682382,816.146,False,0.8217947382570283,1239.59670934
0.608366,228.41364,False,0.8217947382570283,1239.59670934
0.69253546,263.12198,False,0.8217947382570283,1239.59670934
0.09775681,366.49466,False,0.8217947382570283,1239.59670934
1.6924188e-14,95.68143,False,0.8217947382570283,1239.59670934
0.7717715,305.62006,False,0.8217947382570283,1239.59670934
0.814563,340.75278,False,0.8217947382570283,1239.59670934
0.30092555,346.7662,False,0.8217947382570283,1239.59670934
0.75857115,298.5794,False,0.8217947382570283,1239.59670934
0.5660367,198.831,False,0.8217947382570283,1239.59670934
0.5678151,199.68066,False,0.8217947382570283,1239.59670934
0.5589674,478.45273,False,0.8217947382570283,1239.59670934
0.34834188,547.76733,False,0.8217947382570283,1239.59670934
0.5044941,430.40323,False,0.8217947382570283,1239.59670934
0.69722325,267.88455,False,0.8217947382570283,1239.59670934
0.5927393,248.02206,False,0.8217947382570283,1239.59670934
0.6504033,249.13353,False,0.8217947382570283,1239.59670934
0.4879509,351.57358,False,0.8217947382570283,1239.59670934
0.82179475,941.9036,False,0.8217947382570283,1239.59670934
0.17717732,355.08066,False,0.8217947382570283,1239.59670934
0.557893,188.01866,False,0.8217947382570283,1239.59670934
0.82179475,555.5475,False,0.8217947382570283,1239.59670934
0.7670981,304.88672,False,0.8217947382570283,1239.59670934
0.68019384,649.7119,False,0.8217947382570283,1239.59670934
0.628717,238.94592,False,0.8217947382570283,1239.59670934
0.75681007,294.5822,False,0.8217947382570283,1239.59670934
0.13699175,123.12732,False,0.8217947382570283,1239.59670934
0.14437014,374.43237,False,0.8217947382570283,1239.59670934
0.40179774,622.3371,False,0.8217947382570283,1239.59670934
0.6222274,236.0223,False,0.8217947382570283,1239.59670934
0.807541,337.7486,False,0.8217947382570283,1239.59670934
0.37181535,397.89288,False,0.8217947382570283,1239.59670934
0.6089674,613.20325,False,0.8217947382570283,1239.59670934
0.6104624,206.91075,False,0.8217947382570283,1239.59670934
0.47908258,161.23402,False,0.8217947382570283,1239.59670934
0.61682856,227.96288,False,0.8217947382570283,1239.59670934
0.615148,227.42831,False,0.8217947382570283,1239.59670934
0.51464367,478.00275,False,0.8217947382570283,1239.59670934
0.82179475,709.0951,False,0.8217947382570283,1239.59670934
0.6900629,262.00266,False,0.8217947382570283,1239.59670934
0.7630199,297.37738,False,0.8217947382570283,1239.59670934
0.82179475,355.04636,False,0.8217947382570283,1239.59670934
0.68309206,260.2772,False,0.8217947382570283,1239.59670934
0.5620283,623.02045,False,0.8217947382570283,1239.59670934
0.55861026,187.59169,False,0.8217947382570283,1239.59670934
0.7228391,442.18478,False,0.8217947382570283,1239.59670934
3.7315044e-16,202.48842,False,0.8217947382570283,1239.59670934
0.8049103,323.6368,False,0.8217947382570283,1239.59670934
0.6699294,524.58954,False,0.8217947382570283,1239.59670934
0.54122424,501.74542,False,0.8217947382570283,1239.59670934
0.0,571.62317,False,0.8217947382570283,1239.59670934
0.0,91.12669,False,0.8217947382570283,1239.59670934
0.74052495,284.89645,False,0.8217947382570283,1239.59670934
0.43954757,158.23933,False,0.8217947382570283,1239.59670934
0.7260622,253.14534,True,0.8217947382570283,1239.59670934
0.82179475,670.893,False,0.8217947382570283,1239.59670934
0.76749724,324.44662,False,0.8217947382570283,1239.59670934
0.82179475,588.9921,False,0.8217947382570283,1239.59670934
0.22916293,120.24147,False,0.8217947382570283,1239.59670934
0.82179475,331.5637,False,0.8217947382570283,1239.59670934
0.6251763,212.61118,False,0.8217947382570283,1239.59670934
0.21437676,114.731285,False,0.8217947382570283,1239.59670934
0.5779316,188.24962,False,0.8217947382570283,1239.59670934
0.8087413,516.19006,False,0.8217947382570283,1239.59670934
0.647174,221.93027,False,0.8217947382570283,1239.59670934
0.5065608,533.4968,False,0.8217947382570283,1239.59670934
0.27752966,380.9669,False,0.8217947382570283,1239.59670934
0.06628129,306.8845,False,0.8217947382570283,1239.59670934
0.38867155,187.5381,False,0.8217947382570283,1239.59670934
3.30524e-14,299.8196,False,0.8217947382570283,1239.59670934
0.82179475,548.6757,False,0.8217947382570283,1239.59670934
0.68025565,318.8102,False,0.8217947382570283,1239.59670934
0.48761547,420.4423,False,0.8217947382570283,1239.59670934
0.7135185,622.10767,False,0.8217947382570283,1239.59670934
