growth_rate,cost,production,n_batch,n_start,n_candidates,init_growth_rate,init_cost,init_production
0.85,2020.3884,0.019052207,100,50,15,0.85,2210.8624803400003,0.021073837077251217
0.85,2356.2097,0.020386841,100,50,15,0.85,2210.8624803400003,0.021073837077251217
0.85,2276.5408,0.021904018,100,50,15,0.85,2210.8624803400003,0.021073837077251217
0.85,2715.6597,0.022100167,100,50,15,0.85,2210.8624803400003,0.021073837077251217
0.85,1896.9407,0.018424787,100,50,15,0.85,2210.8624803400003,0.021073837077251217
0.85,2107.359,0.020408824,100,50,15,0.85,2210.8624803400003,0.021073837077251217
0.85,2311.815,0.022284843,100,50,15,0.85,2210.8624803400003,0.021073837077251217
0.85,2276.205,0.021648226,100,50,15,0.85,2210.8624803400003,0.021073837077251217
0.85,2010.7836,0.019641558,100,50,15,0.85,2210.8624803400003,0.021073837077251217
0.85,2581.8596,0.023014395,100,50,15,0.85,2210.8624803400003,0.021073837077251217
0.85,2880.455,0.024142986,100,50,15,0.85,2210.8624803400003,0.021073837077251217
0.85,2197.1216,0.020402592,100,50,15,0.85,2210.8624803400003,0.021073837077251217
0.85,2715.6687,0.02283411,100,50,15,0.85,2210.8624803400003,0.021073837077251217
0.85,2417.0022,0.020911144,100,50,15,0.85,2210.8624803400003,0.021073837077251217
0.85,2325.6243,0.020395804,100,50,15,0.85,2210.8624803400003,0.021073837077251217
0.85,2456.5637,0.021781737,100,50,15,0.85,2210.8624803400003,0.021073837077251217
0.85,2070.5627,0.019657314,100,50,15,0.85,2210.8624803400003,0.021073837077251217
0.85,3057.918,0.024272092,100,50,15,0.85,2210.8624803400003,0.021073837077251217
0.85,2117.3594,0.019670906,100,50,15,0.85,2210.8624803400003,0.021073837077251217
0.85,2424.2896,0.021401057,100,50,15,0.85,2210.8624803400003,0.021073837077251217
0.85,2946.566,0.023533136,100,50,15,0.85,2210.8624803400003,0.021073837077251217
0.85,2718.5107,0.025347358,100,50,15,0.85,2210.8624803400003,0.021073837077251217
0.85,2054.609,0.017496308,100,50,15,0.85,2210.8624803400003,0.021073837077251217
0.85,2329.2986,0.02186395,100,50,15,0.85,2210.8624803400003,0.021073837077251217
0.85,2875.1987,0.024721347,100,50,15,0.85,2210.8624803400003,0.021073837077251217
0.85,1706.3662,0.015390592,100,50,15,0.85,2210.8624803400003,0.021073837077251217
0.85,2205.2095,0.021578709,100,50,15,0.85,2210.8624803400003,0.021073837077251217
0.85,2100.596,0.020635642,100,50,15,0.85,2210.8624803400003,0.021073837077251217
0.85,2257.8064,0.021682737,100,50,15,0.85,2210.8624803400003,0.021073837077251217
0.85,2770.1375,0.024107385,100,50,15,0.85,2210.8624803400003,0.021073837077251217
0.85,2186.2874,0.020586768,100,50,15,0.85,2210.8624803400003,0.021073837077251217
0.85,3013.4773,0.024482638,100,50,15,0.85,2210.8624803400003,0.021073837077251217
0.85,1898.4723,0.018573025,100,50,15,0.85,2210.8624803400003,0.021073837077251217
0.85,2123.9968,0.019721553,100,50,15,0.85,2210.8624803400003,0.021073837077251217
0.85,3197.18,0.025508892,100,50,15,0.85,2210.8624803400003,0.021073837077251217
0.85,2111.3323,0.02041719,100,50,15,0.85,2210.8624803400003,0.021073837077251217
0.85,2502.0125,0.023353878,100,50,15,0.85,2210.8624803400003,0.021073837077251217
0.85,2739.5872,0.023618596,100,50,15,0.85,2210.8624803400003,0.021073837077251217
0.85,2870.287,0.024032302,100,50,15,0.85,2210.8624803400003,0.021073837077251217
0.85,3226.2053,0.025684027,100,50,15,0.85,2210.8624803400003,0.021073837077251217
0.85,2340.1055,0.020779084,100,50,15,0.85,2210.8624803400003,0.021073837077251217
0.85,2285.1594,0.021222938,100,50,15,0.85,2210.8624803400003,0.021073837077251217
0.85,2595.938,0.023028946,100,50,15,0.85,2210.8624803400003,0.021073837077251217
0.85,2565.1177,0.024180336,100,50,15,0.85,2210.8624803400003,0.021073837077251217
0.85,2872.348,0.02447882,100,50,15,0.85,2210.8624803400003,0.021073837077251217
0.85,2871.4912,0.025749581,100,50,15,0.85,2210.8624803400003,0.021073837077251217
0.85,2934.8489,0.024394756,100,50,15,0.85,2210.8624803400003,0.021073837077251217
0.85,2293.479,0.020155873,100,50,15,0.85,2210.8624803400003,0.021073837077251217
0.85,2870.569,0.023443673,100,50,15,0.85,2210.8624803400003,0.021073837077251217
0.85,2637.176,0.02228082,100,50,15,0.85,2210.8624803400003,0.021073837077251217
0.85,2396.6174,0.022077786,100,50,15,0.85,2210.8624803400003,0.021073837077251217
0.85,2212.3755,0.020490712,100,50,15,0.85,2210.8624803400003,0.021073837077251217
0.85,1818.4025,0.017632024,100,50,15,0.85,2210.8624803400003,0.021073837077251217
0.85,1952.5798,0.018991977,100,50,15,0.85,2210.8624803400003,0.021073837077251217
0.85,2179.24,0.020205755,100,50,15,0.85,2210.8624803400003,0.021073837077251217
0.85,2239.6978,0.021702088,100,50,15,0.85,2210.8624803400003,0.021073837077251217
0.85,2708.628,0.02547302,100,50,15,0.85,2210.8624803400003,0.021073837077251217
0.85,2646.605,0.025271075,100,50,15,0.85,2210.8624803400003,0.021073837077251217
0.85,2205.8064,0.020434221,100,50,15,0.85,2210.8624803400003,0.021073837077251217
0.85,2303.6023,0.021275239,100,50,15,0.85,2210.8624803400003,0.021073837077251217
0.85,2046.8535,0.019841358,100,50,15,0.85,2210.8624803400003,0.021073837077251217
0.85,2254.9895,0.020857183,100,50,15,0.85,2210.8624803400003,0.021073837077251217
0.85,1817.453,0.017619357,100,50,15,0.85,2210.8624803400003,0.021073837077251217
0.85,2478.081,0.022909883,100,50,15,0.85,2210.8624803400003,0.021073837077251217
0.85,2081.054,0.019361382,100,50,15,0.85,2210.8624803400003,0.021073837077251217
0.85,2272.7358,0.0220703,100,50,15,0.85,2210.8624803400003,0.021073837077251217
0.85,1840.0294,0.018093266,100,50,15,0.85,2210.8624803400003,0.021073837077251217
0.85,2305.0952,0.02235579,100,50,15,0.85,2210.8624803400003,0.021073837077251217
0.85,2567.2085,0.024478879,100,50,15,0.85,2210.8624803400003,0.021073837077251217
0.85,2229.963,0.021692729,100,50,15,0.85,2210.8624803400003,0.021073837077251217
0.85,2330.0798,0.02257615,100,50,15,0.85,2210.8624803400003,0.021073837077251217
0.85,2466.6494,0.023777833,100,50,15,0.85,2210.8624803400003,0.021073837077251217
0.85,2219.8606,0.02160319,100,50,15,0.85,2210.8624803400003,0.021073837077251217
0.85,2509.4998,0.024115106,100,50,15,0.85,2210.8624803400003,0.021073837077251217
0.85,2528.2014,0.024238616,100,50,15,0.85,2210.8624803400003,0.021073837077251217
0.85,2379.2717,0.023009598,100,50,15,0.85,2210.8624803400003,0.021073837077251217
0.85,2012.7231,0.019768657,100,50,15,0.85,2210.8624803400003,0.021073837077251217
0.85,2475.489,0.023855107,100,50,15,0.85,2210.8624803400003,0.021073837077251217
0.85,2035.5839,0.019973572,100,50,15,0.85,2210.8624803400003,0.021073837077251217
0.85,1998.8143,0.019616617,100,50,15,0.85,2210.8624803400003,0.021073837077251217
0.85,2557.7415,0.02460925,100,50,15,0.85,2210.8624803400003,0.021073837077251217
0.85,2439.4016,0.02358378,100,50,15,0.85,2210.8624803400003,0.021073837077251217
0.85,2614.4028,0.024997937,100,50,15,0.85,2210.8624803400003,0.021073837077251217
0.85,2320.7463,0.02254734,100,50,15,0.85,2210.8624803400003,0.021073837077251217
0.85,1570.9142,0.015023092,100,50,15,0.85,2210.8624803400003,0.021073837077251217
0.85,1956.8079,0.01915512,100,50,15,0.85,2210.8624803400003,0.021073837077251217
0.85,2308.537,0.022440316,100,50,15,0.85,2210.8624803400003,0.021073837077251217
0.85,2915.2336,0.026597727,100,50,15,0.85,2210.8624803400003,0.021073837077251217
0.85,2684.9705,0.025419012,100,50,15,0.85,2210.8624803400003,0.021073837077251217
0.85,2116.1191,0.020696213,100,50,15,0.85,2210.8624803400003,0.021073837077251217
0.85,2013.6366,0.019833233,100,50,15,0.85,2210.8624803400003,0.021073837077251217
0.85,1992.7947,0.01945842,100,50,15,0.85,2210.8624803400003,0.021073837077251217
0.85,2199.5037,0.02147741,100,50,15,0.85,2210.8624803400003,0.021073837077251217
0.85,1899.2256,0.018809136,100,50,15,0.85,2210.8624803400003,0.021073837077251217
0.85,2310.24,0.022388441,100,50,15,0.85,2210.8624803400003,0.021073837077251217
0.85,2096.1733,0.020544223,100,50,15,0.85,2210.8624803400003,0.021073837077251217
0.85,2445.7434,0.023574527,100,50,15,0.85,2210.8624803400003,0.021073837077251217
0.85,1659.5758,0.01628691,100,50,15,0.85,2210.8624803400003,0.021073837077251217
0.85,2042.0125,0.020074151,100,50,15,0.85,2210.8624803400003,0.021073837077251217
0.85,2626.443,0.024989562,100,50,15,0.85,2210.8624803400003,0.021073837077251217
0.85,1650.2202,0.016179683,100,50,15,0.85,2210.8624803400003,0.021073837077251217
0.85,2695.8533,0.025377065,100,50,15,0.85,2210.8624803400003,0.021073837077251217
0.85,1956.0358,0.019330444,100,50,15,0.85,2210.8624803400003,0.021073837077251217
0.85,2668.9968,0.025227232,100,50,15,0.85,2210.8624803400003,0.021073837077251217
0.85,2782.8777,0.025858602,100,50,15,0.85,2210.8624803400003,0.021073837077251217
0.85,2520.596,0.024229864,100,50,15,0.85,2210.8624803400003,0.021073837077251217
0.85,1909.0795,0.018786592,100,50,15,0.85,2210.8624803400003,0.021073837077251217
0.85,2027.8555,0.01995146,100,50,15,0.85,2210.8624803400003,0.021073837077251217
0.85,2443.4275,0.023553312,100,50,15,0.85,2210.8624803400003,0.021073837077251217
0.85,2318.2756,0.022465957,100,50,15,0.85,2210.8624803400003,0.021073837077251217
0.85,1849.818,0.018250387,100,50,15,0.85,2210.8624803400003,0.021073837077251217
0.84495026,1239.5967,0.0,100,50,15,0.85,2210.8624803400003,0.021073837077251217
0.85,2734.4011,0.025671417,100,50,15,0.85,2210.8624803400003,0.021073837077251217
0.85,2336.0457,0.022676516,100,50,15,0.85,2210.8624803400003,0.021073837077251217
0.85,2447.3423,0.023646973,100,50,15,0.85,2210.8624803400003,0.021073837077251217
0.85,2547.1416,0.024512071,100,50,15,0.85,2210.8624803400003,0.021073837077251217
0.85,2216.083,0.02162603,100,50,15,0.85,2210.8624803400003,0.021073837077251217
0.85,2554.9248,0.024579091,100,50,15,0.85,2210.8624803400003,0.021073837077251217
0.85,2434.07,0.023531666,100,50,15,0.85,2210.8624803400003,0.021073837077251217
0.85,2125.7249,0.020832704,100,50,15,0.85,2210.8624803400003,0.021073837077251217
0.85,2149.1758,0.021038746,100,50,15,0.85,2210.8624803400003,0.021073837077251217
0.85,2639.6611,0.025145063,100,50,15,0.85,2210.8624803400003,0.021073837077251217
0.85,1949.5859,0.019283991,100,50,15,0.85,2210.8624803400003,0.021073837077251217
0.85,2762.8298,0.025817832,100,50,15,0.85,2210.8624803400003,0.021073837077251217
0.85,2689.562,0.025433728,100,50,15,0.85,2210.8624803400003,0.021073837077251217
0.85,2316.4832,0.022374585,100,50,15,0.85,2210.8624803400003,0.021073837077251217
0.85,1526.1991,0.0144812325,100,50,15,0.85,2210.8624803400003,0.021073837077251217
0.85,2469.1687,0.023763968,100,50,15,0.85,2210.8624803400003,0.021073837077251217
0.85,1521.5131,0.014404731,100,50,15,0.85,2210.8624803400003,0.021073837077251217
0.85,2949.52,0.026808765,100,50,15,0.85,2210.8624803400003,0.021073837077251217
0.85,2337.9233,0.022563944,100,50,15,0.85,2210.8624803400003,0.021073837077251217
0.85,1833.9232,0.01824379,100,50,15,0.85,2210.8624803400003,0.021073837077251217
0.85,2343.488,0.02261377,100,50,15,0.85,2210.8624803400003,0.021073837077251217
0.85,1905.7953,0.01893778,100,50,15,0.85,2210.8624803400003,0.021073837077251217
0.85,1646.5339,0.015932627,100,50,15,0.85,2210.8624803400003,0.021073837077251217
0.85,2308.1978,0.022298647,100,50,15,0.85,2210.8624803400003,0.021073837077251217
0.85,2404.334,0.023158448,100,50,15,0.85,2210.8624803400003,0.021073837077251217
0.85,1636.7969,0.015869493,100,50,15,0.85,2210.8624803400003,0.021073837077251217
0.85,1439.1979,0.010899683,100,50,15,0.85,2210.8624803400003,0.021073837077251217
0.85,2175.782,0.02118402,100,50,15,0.85,2210.8624803400003,0.021073837077251217
0.85,2320.5088,0.022556769,100,50,15,0.85,2210.8624803400003,0.021073837077251217
0.85,1420.8496,0.010285948,100,50,15,0.85,2210.8624803400003,0.021073837077251217
0.85,2214.7046,0.021621002,100,50,15,0.85,2210.8624803400003,0.021073837077251217
0.85,2783.3271,0.025898043,100,50,15,0.85,2210.8624803400003,0.021073837077251217
0.85,2311.7585,0.022477062,100,50,15,0.85,2210.8624803400003,0.021073837077251217
0.85,2432.502,0.023533067,100,50,15,0.85,2210.8624803400003,0.021073837077251217
0.85,2596.9185,0.024900945,100,50,15,0.85,2210.8624803400003,0.021073837077251217
0.85,1452.1799,0.013099906,100,50,15,0.85,2210.8624803400003,0.021073837077251217
0.85,2176.4248,0.021255165,100,50,15,0.85,2210.8624803400003,0.021073837077251217
0.85,2344.3262,0.022762854,100,50,15,0.85,2210.8624803400003,0.021073837077251217
0.85,2710.9055,0.025561605,100,50,15,0.85,2210.8624803400003,0.021073837077251217
0.85,1639.3298,0.014596696,100,50,15,0.85,2210.8624803400003,0.021073837077251217
0.85,2043.3632,0.02011159,100,50,15,0.85,2210.8624803400003,0.021073837077251217
0.85,1483.0287,0.012207965,100,50,15,0.85,2210.8624803400003,0.021073837077251217
0.85,1427.3073,0.010501952,100,50,15,0.85,2210.8624803400003,0.021073837077251217
0.85,1413.4019,0.012294593,100,50,15,0.85,2210.8624803400003,0.021073837077251217
0.85,1650.617,0.015538381,100,50,15,0.85,2210.8624803400003,0.021073837077251217
0.85,2422.2134,0.023416221,100,50,15,0.85,2210.8624803400003,0.021073837077251217
0.85,1376.7146,0.008806067,100,50,15,0.85,2210.8624803400003,0.021073837077251217
0.85,2024.7034,0.019540709,100,50,15,0.85,2210.8624803400003,0.021073837077251217
0.85,1586.002,0.015303589,100,50,15,0.85,2210.8624803400003,0.021073837077251217
0.85,2336.512,0.022664318,100,50,15,0.85,2210.8624803400003,0.021073837077251217
0.85,1475.357,0.013581228,100,50,15,0.85,2210.8624803400003,0.021073837077251217
0.85,1793.4539,0.017745942,100,50,15,0.85,2210.8624803400003,0.021073837077251217
0.85,1371.2428,0.008620697,100,50,15,0.85,2210.8624803400003,0.021073837077251217
0.85,2186.259,0.0210946,100,50,15,0.85,2210.8624803400003,0.021073837077251217
0.85,2094.3003,0.02011371,100,50,15,0.85,2210.8624803400003,0.021073837077251217
0.85,2433.1848,0.023512313,100,50,15,0.85,2210.8624803400003,0.021073837077251217
0.85,1405.4409,0.009770543,100,50,15,0.85,2210.8624803400003,0.021073837077251217
0.85,1384.6777,0.009075833,100,50,15,0.85,2210.8624803400003,0.021073837077251217
0.85,1355.236,0.010367127,100,50,15,0.85,2210.8624803400003,0.021073837077251217
0.85,2226.4648,0.021721102,100,50,15,0.85,2210.8624803400003,0.021073837077251217
0.85,2353.2805,0.022827141,100,50,15,0.85,2210.8624803400003,0.021073837077251217
0.85,2186.279,0.019083459,100,50,15,0.85,2210.8624803400003,0.021073837077251217
0.85,2440.419,0.023560869,100,50,15,0.85,2210.8624803400003,0.021073837077251217
0.85,1519.8433,0.014145141,100,50,15,0.85,2210.8624803400003,0.021073837077251217
0.85,1547.4598,0.014575382,100,50,15,0.85,2210.8624803400003,0.021073837077251217
0.85,1550.0934,0.014611078,100,50,15,0.85,2210.8624803400003,0.021073837077251217
0.85,1415.6266,0.012340794,100,50,15,0.85,2210.8624803400003,0.021073837077251217
0.85,2049.2751,0.02017365,100,50,15,0.85,2210.8624803400003,0.021073837077251217
0.85,2819.0679,0.026082022,100,50,15,0.85,2210.8624803400003,0.021073837077251217
0.85,2376.3357,0.023003468,100,50,15,0.85,2210.8624803400003,0.021073837077251217
0.85,2567.8965,0.024680782,100,50,15,0.85,2210.8624803400003,0.021073837077251217
0.85,1929.6068,0.019127652,100,50,15,0.85,2210.8624803400003,0.021073837077251217
0.85,1630.2682,0.015735537,100,50,15,0.85,2210.8624803400003,0.021073837077251217
0.85,2435.0244,0.023514535,100,50,15,0.85,2210.8624803400003,0.021073837077251217
0.85,2002.7592,0.019771313,100,50,15,0.85,2210.8624803400003,0.021073837077251217
0.85,2191.9255,0.021420812,100,50,15,0.85,2210.8624803400003,0.021073837077251217
0.85,1693.6476,0.014599274,100,50,15,0.85,2210.8624803400003,0.021073837077251217
0.85,1970.4707,0.019489923,100,50,15,0.85,2210.8624803400003,0.021073837077251217
0.85,2688.756,0.025406284,100,50,15,0.85,2210.8624803400003,0.021073837077251217
0.85,1736.9153,0.01700222,100,50,15,0.85,2210.8624803400003,0.021073837077251217
0.85,1832.6193,0.017939182,100,50,15,0.85,2210.8624803400003,0.021073837077251217
0.85,2065.6428,0.020319782,100,50,15,0.85,2210.8624803400003,0.021073837077251217
0.85,1523.8527,0.014442926,100,50,15,0.85,2210.8624803400003,0.021073837077251217
0.85,1464.8889,0.013363836,100,50,15,0.85,2210.8624803400003,0.021073837077251217
0.85,2452.9402,0.023672068,100,50,15,0.85,2210.8624803400003,0.021073837077251217
0.85,1440.4409,0.012856119,100,50,15,0.85,2210.8624803400003,0.021073837077251217
0.85,2379.717,0.023056526,100,50,15,0.85,2210.8624803400003,0.021073837077251217
0.85,1582.7529,0.015232108,100,50,15,0.85,2210.8624803400003,0.021073837077251217
0.85,1587.151,0.015329563,100,50,15,0.85,2210.8624803400003,0.021073837077251217
0.85,1510.4952,0.01422486,100,50,15,0.85,2210.8624803400003,0.021073837077251217
0.85,2329.6904,0.022627262,100,50,15,0.85,2210.8624803400003,0.021073837077251217
0.85,1539.4404,0.014697402,100,50,15,0.85,2210.8624803400003,0.021073837077251217
0.85,1327.5814,0.008942085,100,50,15,0.85,2210.8624803400003,0.021073837077251217
0.85,1905.0051,0.018920554,100,50,15,0.85,2210.8624803400003,0.021073837077251217
0.85,2690.2656,0.025444966,100,50,15,0.85,2210.8624803400003,0.021073837077251217
0.85,1449.8066,0.01237342,100,50,15,0.85,2210.8624803400003,0.021073837077251217
0.85,1537.113,0.014659406,100,50,15,0.85,2210.8624803400003,0.021073837077251217
0.85,1574.4951,0.015157375,100,50,15,0.85,2210.8624803400003,0.021073837077251217
0.85,1316.4287,0.008367384,100,50,15,0.85,2210.8624803400003,0.021073837077251217
0.85,2353.157,0.022831364,100,50,15,0.85,2210.8624803400003,0.021073837077251217
0.85,1572.8192,0.015109235,100,50,15,0.85,2210.8624803400003,0.021073837077251217
0.85,1800.8142,0.017872082,100,50,15,0.85,2210.8624803400003,0.021073837077251217
0.85,1526.7711,0.01443601,100,50,15,0.85,2210.8624803400003,0.021073837077251217
0.85,2195.7349,0.021463914,100,50,15,0.85,2210.8624803400003,0.021073837077251217
0.85,1825.8984,0.018033626,100,50,15,0.85,2210.8624803400003,0.021073837077251217
0.85,1714.5613,0.016443767,100,50,15,0.85,2210.8624803400003,0.021073837077251217
0.85,1366.0271,0.009365415,100,50,15,0.85,2210.8624803400003,0.021073837077251217
0.85,1313.081,0.008194877,100,50,15,0.85,2210.8624803400003,0.021073837077251217
0.85,2438.1401,0.023561263,100,50,15,0.85,2210.8624803400003,0.021073837077251217
0.85,1898.6288,0.01885969,100,50,15,0.85,2210.8624803400003,0.021073837077251217
0.85,2199.3333,0.021495454,100,50,15,0.85,2210.8624803400003,0.021073837077251217
0.85,2792.2405,0.025993338,100,50,15,0.85,2210.8624803400003,0.021073837077251217
0.85,1517.2365,0.0138588725,100,50,15,0.85,2210.8624803400003,0.021073837077251217
0.85,1478.6654,0.013230948,100,50,15,0.85,2210.8624803400003,0.021073837077251217
0.85,1768.0272,0.017252754,100,50,15,0.85,2210.8624803400003,0.021073837077251217
0.85,2354.4666,0.02284473,100,50,15,0.85,2210.8624803400003,0.021073837077251217
0.85,1462.5815,0.012923552,100,50,15,0.85,2210.8624803400003,0.021073837077251217
0.85,2262.4487,0.022047125,100,50,15,0.85,2210.8624803400003,0.021073837077251217
0.85,2003.2112,0.01976514,100,50,15,0.85,2210.8624803400003,0.021073837077251217
0.85,1615.1263,0.015737828,100,50,15,0.85,2210.8624803400003,0.021073837077251217
0.85,1354.552,0.010331886,100,50,15,0.85,2210.8624803400003,0.021073837077251217
0.85,1465.0083,0.013366315,100,50,15,0.85,2210.8624803400003,0.021073837077251217
0.85,2668.1455,0.025297053,100,50,15,0.85,2210.8624803400003,0.021073837077251217
0.85,1992.1548,0.019668067,100,50,15,0.85,2210.8624803400003,0.021073837077251217
0.85,1669.734,0.016338278,100,50,15,0.85,2210.8624803400003,0.021073837077251217
0.85,1721.5369,0.016915059,100,50,15,0.85,2210.8624803400003,0.021073837077251217
0.85,1916.3107,0.019001408,100,50,15,0.85,2210.8624803400003,0.021073837077251217
0.85,1510.6412,0.014227245,100,50,15,0.85,2210.8624803400003,0.021073837077251217
0.85,2757.16,0.025772601,100,50,15,0.85,2210.8624803400003,0.021073837077251217
0.85,1837.501,0.018221697,100,50,15,0.85,2210.8624803400003,0.021073837077251217
0.85,2204.845,0.021531973,100,50,15,0.85,2210.8624803400003,0.021073837077251217
0.85,1716.0793,0.016844215,100,50,15,0.85,2210.8624803400003,0.021073837077251217
0.85,1706.6581,0.016653009,100,50,15,0.85,2210.8624803400003,0.021073837077251217
0.85,1641.0465,0.016034495,100,50,15,0.85,2210.8624803400003,0.021073837077251217
0.85,1449.7102,0.013048616,100,50,15,0.85,2210.8624803400003,0.021073837077251217
0.85,2606.286,0.02496828,100,50,15,0.85,2210.8624803400003,0.021073837077251217
0.85,2021.6046,0.019938115,100,50,15,0.85,2210.8624803400003,0.021073837077251217
0.85,2306.6868,0.02242997,100,50,15,0.85,2210.8624803400003,0.021073837077251217
0.85,2459.221,0.023745248,100,50,15,0.85,2210.8624803400003,0.021073837077251217
0.85,1827.7054,0.018217683,100,50,15,0.85,2210.8624803400003,0.021073837077251217
0.85,2082.9563,0.02047467,100,50,15,0.85,2210.8624803400003,0.021073837077251217
0.85,1458.1685,0.012966051,100,50,15,0.85,2210.8624803400003,0.021073837077251217
0.85,1519.3961,0.01427643,100,50,15,0.85,2210.8624803400003,0.021073837077251217
0.85,1746.3726,0.015833527,100,50,15,0.85,2210.8624803400003,0.021073837077251217
0.85,1666.8702,0.015104764,100,50,15,0.85,2210.8624803400003,0.021073837077251217
0.85,1509.0043,0.0136576295,100,50,15,0.85,2210.8624803400003,0.021073837077251217
0.85,2318.1448,0.022529382,100,50,15,0.85,2210.8624803400003,0.021073837077251217
0.85,1634.2024,0.014550736,100,50,15,0.85,2210.8624803400003,0.021073837077251217
0.85,2261.9258,0.022019442,100,50,15,0.85,2210.8624803400003,0.021073837077251217
0.85,2034.0969,0.020019038,100,50,15,0.85,2210.8624803400003,0.021073837077251217
0.85,1298.9453,0.0074664624,100,50,15,0.85,2210.8624803400003,0.021073837077251217
0.85,1608.4476,0.0156317,100,50,15,0.85,2210.8624803400003,0.021073837077251217
0.85,2493.6418,0.02405712,100,50,15,0.85,2210.8624803400003,0.021073837077251217
0.85,1856.2368,0.018295307,100,50,15,0.85,2210.8624803400003,0.021073837077251217
0.85,1587.4349,0.015319871,100,50,15,0.85,2210.8624803400003,0.021073837077251217
0.85,1680.3344,0.016451541,100,50,15,0.85,2210.8624803400003,0.021073837077251217
0.85,2096.8005,0.020568714,100,50,15,0.85,2210.8624803400003,0.021073837077251217
0.85,1653.3291,0.016212437,100,50,15,0.85,2210.8624803400003,0.021073837077251217
0.85,1673.6239,0.016392395,100,50,15,0.85,2210.8624803400003,0.021073837077251217
0.85,2873.3262,0.026402239,100,50,15,0.85,2210.8624803400003,0.021073837077251217
0.85,2602.9458,0.024914583,100,50,15,0.85,2210.8624803400003,0.021073837077251217
0.85,1320.4418,0.005699736,100,50,15,0.85,2210.8624803400003,0.021073837077251217
0.85,1446.7878,0.012987927,100,50,15,0.85,2210.8624803400003,0.021073837077251217
0.85,1424.3943,0.012139893,100,50,15,0.85,2210.8624803400003,0.021073837077251217
0.85,2404.1765,0.023267943,100,50,15,0.85,2210.8624803400003,0.021073837077251217
0.85,2470.314,0.023840956,100,50,15,0.85,2210.8624803400003,0.021073837077251217
0.85,1472.3081,0.013517912,100,50,15,0.85,2210.8624803400003,0.021073837077251217
0.85,2256.3298,0.02198955,100,50,15,0.85,2210.8624803400003,0.021073837077251217
0.85,3018.2395,0.02717143,100,50,15,0.85,2210.8624803400003,0.021073837077251217
0.85,1740.4749,0.017195676,100,50,15,0.85,2210.8624803400003,0.021073837077251217
0.85,1963.8972,0.01942738,100,50,15,0.85,2210.8624803400003,0.021073837077251217
0.85,2094.5432,0.020573085,100,50,15,0.85,2210.8624803400003,0.021073837077251217
0.85,1403.6316,0.012091693,100,50,15,0.85,2210.8624803400003,0.021073837077251217
0.85,1863.173,0.018532122,100,50,15,0.85,2210.8624803400003,0.021073837077251217
0.85,1608.3135,0.0155943325,100,50,15,0.85,2210.8624803400003,0.021073837077251217
0.85,1419.9674,0.012069706,100,50,15,0.85,2210.8624803400003,0.021073837077251217
0.85,1743.5409,0.01722453,100,50,15,0.85,2210.8624803400003,0.021073837077251217
0.85,2050.0312,0.020183148,100,50,15,0.85,2210.8624803400003,0.021073837077251217
0.85,1272.5817,0.0060439855,100,50,15,0.85,2210.8624803400003,0.021073837077251217
0.85,1845.6581,0.018379899,100,50,15,0.85,2210.8624803400003,0.021073837077251217
0.85,2482.5757,0.023950793,100,50,15,0.85,2210.8624803400003,0.021073837077251217
0.85,2392.1772,0.023171112,100,50,15,0.85,2210.8624803400003,0.021073837077251217
0.85,1838.2979,0.018314324,100,50,15,0.85,2210.8624803400003,0.021073837077251217
0.85,1818.232,0.01810175,100,50,15,0.85,2210.8624803400003,0.021073837077251217
0.85,1430.4202,0.012648016,100,50,15,0.85,2210.8624803400003,0.021073837077251217
0.85,3021.4668,0.027177708,100,50,15,0.85,2210.8624803400003,0.021073837077251217
0.85,1758.2689,0.017354082,100,50,15,0.85,2210.8624803400003,0.021073837077251217
0.85,2821.9573,0.026137814,100,50,15,0.85,2210.8624803400003,0.021073837077251217
0.85,2316.512,0.021942746,100,50,15,0.85,2210.8624803400003,0.021073837077251217
0.85,1458.4967,0.012924967,100,50,15,0.85,2210.8624803400003,0.021073837077251217
0.85,2540.977,0.024462795,100,50,15,0.85,2210.8624803400003,0.021073837077251217
0.85,1484.1316,0.0137134325,100,50,15,0.85,2210.8624803400003,0.021073837077251217
0.85,1639.455,0.01601943,100,50,15,0.85,2210.8624803400003,0.021073837077251217
0.85,2808.3376,0.026075209,100,50,15,0.85,2210.8624803400003,0.021073837077251217
0.85,1494.7732,0.013968192,100,50,15,0.85,2210.8624803400003,0.021073837077251217
0.85,2309.2388,0.0224743,100,50,15,0.85,2210.8624803400003,0.021073837077251217
0.85,1661.7498,0.01592027,100,50,15,0.85,2210.8624803400003,0.021073837077251217
0.85,1511.2102,0.014052458,100,50,15,0.85,2210.8624803400003,0.021073837077251217
0.85,2565.405,0.024691893,100,50,15,0.85,2210.8624803400003,0.021073837077251217
0.85,1637.2656,0.015943998,100,50,15,0.85,2210.8624803400003,0.021073837077251217
0.85,1537.5105,0.014495259,100,50,15,0.85,2210.8624803400003,0.021073837077251217
0.85,1296.5479,0.006996013,100,50,15,0.85,2210.8624803400003,0.021073837077251217
0.85,1896.4286,0.01854013,100,50,15,0.85,2210.8624803400003,0.021073837077251217
0.85,1537.1373,0.014658926,100,50,15,0.85,2210.8624803400003,0.021073837077251217
0.85,2158.6067,0.020103006,100,50,15,0.85,2210.8624803400003,0.021073837077251217
0.85,2028.8535,0.019360537,100,50,15,0.85,2210.8624803400003,0.021073837077251217
0.85,2351.0437,0.021741342,100,50,15,0.85,2210.8624803400003,0.021073837077251217
0.85,1745.363,0.016150927,100,50,15,0.85,2210.8624803400003,0.021073837077251217
0.85,2021.8312,0.019966742,100,50,15,0.85,2210.8624803400003,0.021073837077251217
0.85,1380.5798,0.011612971,100,50,15,0.85,2210.8624803400003,0.021073837077251217
0.85,2382.3647,0.023089025,100,50,15,0.85,2210.8624803400003,0.021073837077251217
0.85,1783.8794,0.017638834,100,50,15,0.85,2210.8624803400003,0.021073837077251217
0.85,1851.0387,0.016834134,100,50,15,0.85,2210.8624803400003,0.021073837077251217
0.85,1882.3529,0.01788761,100,50,15,0.85,2210.8624803400003,0.021073837077251217
0.85,2247.2263,0.02192757,100,50,15,0.85,2210.8624803400003,0.021073837077251217
0.85,1704.3651,0.01686075,100,50,15,0.85,2210.8624803400003,0.021073837077251217
0.85,2266.0337,0.021632956,100,50,15,0.85,2210.8624803400003,0.021073837077251217
0.85,1675.6089,0.016487407,100,50,15,0.85,2210.8624803400003,0.021073837077251217
0.85,1335.1304,0.009331086,100,50,15,0.85,2210.8624803400003,0.021073837077251217
0.85,1589.0322,0.015358304,100,50,15,0.85,2210.8624803400003,0.021073837077251217
0.85,1807.4824,0.017162686,100,50,15,0.85,2210.8624803400003,0.021073837077251217
0.85,1509.3899,0.013559286,100,50,15,0.85,2210.8624803400003,0.021073837077251217
0.85,1959.3922,0.019425744,100,50,15,0.85,2210.8624803400003,0.021073837077251217
0.85,1772.3385,0.01748765,100,50,15,0.85,2210.8624803400003,0.021073837077251217
0.85,1557.9591,0.014898151,100,50,15,0.85,2210.8624803400003,0.021073837077251217
0.85,2495.7175,0.024065658,100,50,15,0.85,2210.8624803400003,0.021073837077251217
0.85,2263.5232,0.02206099,100,50,15,0.85,2210.8624803400003,0.021073837077251217
0.85,2025.1785,0.019980993,100,50,15,0.85,2210.8624803400003,0.021073837077251217
0.85,1323.2908,0.008417142,100,50,15,0.85,2210.8624803400003,0.021073837077251217
0.85,1579.4373,0.0152045265,100,50,15,0.85,2210.8624803400003,0.021073837077251217
0.85,2147.3901,0.02014839,100,50,15,0.85,2210.8624803400003,0.021073837077251217
0.85,1377.7535,0.011527465,100,50,15,0.85,2210.8624803400003,0.021073837077251217
0.85,2402.0762,0.023245344,100,50,15,0.85,2210.8624803400003,0.021073837077251217
0.85,2705.3413,0.025527056,100,50,15,0.85,2210.8624803400003,0.021073837077251217
0.85,2552.3784,0.024563253,100,50,15,0.85,2210.8624803400003,0.021073837077251217
0.85,1730.396,0.017113226,100,50,15,0.85,2210.8624803400003,0.021073837077251217
0.85,2183.629,0.020792678,100,50,15,0.85,2210.8624803400003,0.021073837077251217
0.85,3015.4036,0.027165914,100,50,15,0.85,2210.8624803400003,0.021073837077251217
0.85,1744.8713,0.017235395,100,50,15,0.85,2210.8624803400003,0.021073837077251217
0.85,2111.693,0.020743718,100,50,15,0.85,2210.8624803400003,0.021073837077251217
0.85,2087.2327,0.02052845,100,50,15,0.85,2210.8624803400003,0.021073837077251217
0.85,1780.6671,0.017566795,100,50,15,0.85,2210.8624803400003,0.021073837077251217
0.85,2070.4812,0.02038114,100,50,15,0.85,2210.8624803400003,0.021073837077251217
0.85,1797.0181,0.017790161,100,50,15,0.85,2210.8624803400003,0.021073837077251217
0.85,1296.6958,0.0073505435,100,50,15,0.85,2210.8624803400003,0.021073837077251217
0.85,2340.0078,0.022742836,100,50,15,0.85,2210.8624803400003,0.021073837077251217
0.85,2057.4314,0.020266388,100,50,15,0.85,2210.8624803400003,0.021073837077251217
0.85,1566.5696,0.014901252,100,50,15,0.85,2210.8624803400003,0.021073837077251217
0.85,1332.8989,0.009216097,100,50,15,0.85,2210.8624803400003,0.021073837077251217
0.85,1971.5131,0.01951191,100,50,15,0.85,2210.8624803400003,0.021073837077251217
0.85,1999.2031,0.01924557,100,50,15,0.85,2210.8624803400003,0.021073837077251217
0.85,1438.5535,0.01268216,100,50,15,0.85,2210.8624803400003,0.021073837077251217
0.85,2270.573,0.022140307,100,50,15,0.85,2210.8624803400003,0.021073837077251217
0.85,2821.6287,0.0261495,100,50,15,0.85,2210.8624803400003,0.021073837077251217
0.85,1570.0477,0.0150740305,100,50,15,0.85,2210.8624803400003,0.021073837077251217
0.85,1327.8597,0.007323212,100,50,15,0.85,2210.8624803400003,0.021073837077251217
0.85,1813.484,0.017940948,100,50,15,0.85,2210.8624803400003,0.021073837077251217
0.85,1781.4785,0.017607491,100,50,15,0.85,2210.8624803400003,0.021073837077251217
0.85,2059.5588,0.020273361,100,50,15,0.85,2210.8624803400003,0.021073837077251217
0.85,2295.8098,0.022355638,100,50,15,0.85,2210.8624803400003,0.021073837077251217
0.85,2219.6711,0.021164395,100,50,15,0.85,2210.8624803400003,0.021073837077251217
0.85,1874.2798,0.018635951,100,50,15,0.85,2210.8624803400003,0.021073837077251217
0.85,1310.4758,0.008060631,100,50,15,0.85,2210.8624803400003,0.021073837077251217
0.85,1997.2305,0.019722814,100,50,15,0.85,2210.8624803400003,0.021073837077251217
0.85,1702.2479,0.01682419,100,50,15,0.85,2210.8624803400003,0.021073837077251217
0.85,1620.7405,0.015727837,100,50,15,0.85,2210.8624803400003,0.021073837077251217
0.85,1550.0836,0.014871155,100,50,15,0.85,2210.8624803400003,0.021073837077251217
0.85,2307.2942,0.02245449,100,50,15,0.85,2210.8624803400003,0.021073837077251217
0.85,2330.2512,0.022664728,100,50,15,0.85,2210.8624803400003,0.021073837077251217
0.85,1501.4127,0.014076585,100,50,15,0.85,2210.8624803400003,0.021073837077251217
0.85,1419.1804,0.012414598,100,50,15,0.85,2210.8624803400003,0.021073837077251217
0.85,2218.8862,0.021687787,100,50,15,0.85,2210.8624803400003,0.021073837077251217
0.85,2633.3079,0.025181303,100,50,15,0.85,2210.8624803400003,0.021073837077251217
0.85,2919.3384,0.026657918,100,50,15,0.85,2210.8624803400003,0.021073837077251217
0.85,1815.8641,0.018095825,100,50,15,0.85,2210.8624803400003,0.021073837077251217
0.85,2615.2185,0.025076527,100,50,15,0.85,2210.8624803400003,0.021073837077251217
0.85,1397.1222,0.010451814,100,50,15,0.85,2210.8624803400003,0.021073837077251217
0.85,1379.9396,0.011599677,100,50,15,0.85,2210.8624803400003,0.021073837077251217
0.85,1302.5197,0.0076506436,100,50,15,0.85,2210.8624803400003,0.021073837077251217
0.85,1735.8103,0.01718875,100,50,15,0.85,2210.8624803400003,0.021073837077251217
0.85,2574.5002,0.024774492,100,50,15,0.85,2210.8624803400003,0.021073837077251217
0.85,2657.4744,0.025308857,100,50,15,0.85,2210.8624803400003,0.021073837077251217
0.85,2097.9248,0.02062119,100,50,15,0.85,2210.8624803400003,0.021073837077251217
0.85,2398.1538,0.023237577,100,50,15,0.85,2210.8624803400003,0.021073837077251217
0.85,2841.282,0.02625586,100,50,15,0.85,2210.8624803400003,0.021073837077251217
0.85,2215.1096,0.021656424,100,50,15,0.85,2210.8624803400003,0.021073837077251217
0.85,2301.8682,0.022402924,100,50,15,0.85,2210.8624803400003,0.021073837077251217
0.85,1421.6351,0.012465575,100,50,15,0.85,2210.8624803400003,0.021073837077251217
0.85,1349.3463,0.010063631,100,50,15,0.85,2210.8624803400003,0.021073837077251217
0.85,1975.3726,0.019542715,100,50,15,0.85,2210.8624803400003,0.021073837077251217
0.85,1523.8755,0.014254353,100,50,15,0.85,2210.8624803400003,0.021073837077251217
0.85,1425.7144,0.012466231,100,50,15,0.85,2210.8624803400003,0.021073837077251217
0.85,1454.6364,0.013150918,100,50,15,0.85,2210.8624803400003,0.021073837077251217
0.85,1508.9712,0.013975317,100,50,15,0.85,2210.8624803400003,0.021073837077251217
0.85,1855.4995,0.018441718,100,50,15,0.85,2210.8624803400003,0.021073837077251217
0.85,1477.527,0.013391717,100,50,15,0.85,2210.8624803400003,0.021073837077251217
0.85,1445.688,0.012814286,100,50,15,0.85,2210.8624803400003,0.021073837077251217
0.85,1967.5415,0.019421538,100,50,15,0.85,2210.8624803400003,0.021073837077251217
0.85,2129.8992,0.020905359,100,50,15,0.85,2210.8624803400003,0.021073837077251217
0.85,2206.9607,0.021581577,100,50,15,0.85,2210.8624803400003,0.021073837077251217
0.85,1795.7385,0.017828533,100,50,15,0.85,2210.8624803400003,0.021073837077251217
0.85,2908.873,0.026603837,100,50,15,0.85,2210.8624803400003,0.021073837077251217
0.85,1794.5679,0.01773395,100,50,15,0.85,2210.8624803400003,0.021073837077251217
0.85,1340.7288,0.009619568,100,50,15,0.85,2210.8624803400003,0.021073837077251217
0.85,1420.1041,0.012433779,100,50,15,0.85,2210.8624803400003,0.021073837077251217
0.85,2053.4983,0.020237707,100,50,15,0.85,2210.8624803400003,0.021073837077251217
0.85,1565.5734,0.014998069,100,50,15,0.85,2210.8624803400003,0.021073837077251217
0.85,2415.0713,0.023387808,100,50,15,0.85,2210.8624803400003,0.021073837077251217
0.85,1654.3147,0.016213361,100,50,15,0.85,2210.8624803400003,0.021073837077251217
0.85,1535.4835,0.014576228,100,50,15,0.85,2210.8624803400003,0.021073837077251217
0.85,1708.5743,0.01684649,100,50,15,0.85,2210.8624803400003,0.021073837077251217
0.85,1543.898,0.0147024505,100,50,15,0.85,2210.8624803400003,0.021073837077251217
0.85,1821.4926,0.0181525,100,50,15,0.85,2210.8624803400003,0.021073837077251217
0.85,2147.06,0.021055002,100,50,15,0.85,2210.8624803400003,0.021073837077251217
0.85,2059.4631,0.02028946,100,50,15,0.85,2210.8624803400003,0.021073837077251217
0.85,1669.8517,0.016388983,100,50,15,0.85,2210.8624803400003,0.021073837077251217
0.85,2799.5535,0.026046174,100,50,15,0.85,2210.8624803400003,0.021073837077251217
0.85,2805.532,0.026076786,100,50,15,0.85,2210.8624803400003,0.021073837077251217
0.85,1330.0653,0.009014235,100,50,15,0.85,2210.8624803400003,0.021073837077251217
0.85,2451.938,0.023707047,100,50,15,0.85,2210.8624803400003,0.021073837077251217
0.85,1405.9591,0.012139421,100,50,15,0.85,2210.8624803400003,0.021073837077251217
0.85,1596.1731,0.015438771,100,50,15,0.85,2210.8624803400003,0.021073837077251217
0.85,1356.2236,0.010418025,100,50,15,0.85,2210.8624803400003,0.021073837077251217
0.85,1956.0333,0.019384045,100,50,15,0.85,2210.8624803400003,0.021073837077251217
0.85,1365.2614,0.010883742,100,50,15,0.85,2210.8624803400003,0.021073837077251217
0.85,1731.0498,0.016949074,100,50,15,0.85,2210.8624803400003,0.021073837077251217
0.85,1578.6017,0.01518514,100,50,15,0.85,2210.8624803400003,0.021073837077251217
0.85,1733.5502,0.016978968,100,50,15,0.85,2210.8624803400003,0.021073837077251217
0.85,1818.1752,0.017958121,100,50,15,0.85,2210.8624803400003,0.021073837077251217
0.85,2588.0095,0.024896301,100,50,15,0.85,2210.8624803400003,0.021073837077251217
0.85,2275.6428,0.02218734,100,50,15,0.85,2210.8624803400003,0.021073837077251217
0.85,2264.8318,0.022092668,100,50,15,0.85,2210.8624803400003,0.021073837077251217
0.85,1843.677,0.018186368,100,50,15,0.85,2210.8624803400003,0.021073837077251217
0.85,2365.3887,0.022970922,100,50,15,0.85,2210.8624803400003,0.021073837077251217
0.85,1768.3378,0.017493773,100,50,15,0.85,2210.8624803400003,0.021073837077251217
0.85,1405.6288,0.012133167,100,50,15,0.85,2210.8624803400003,0.021073837077251217
0.85,1933.3246,0.01912328,100,50,15,0.85,2210.8624803400003,0.021073837077251217
0.85,2358.5637,0.022913428,100,50,15,0.85,2210.8624803400003,0.021073837077251217
0.85,1300.9222,0.0075683314,100,50,15,0.85,2210.8624803400003,0.021073837077251217
0.85,1727.6932,0.017055258,100,50,15,0.85,2210.8624803400003,0.021073837077251217
0.85,2188.0415,0.020686042,100,50,15,0.85,2210.8624803400003,0.021073837077251217
0.85,2491.5935,0.02405084,100,50,15,0.85,2210.8624803400003,0.021073837077251217
0.85,1725.8848,0.01703605,100,50,15,0.85,2210.8624803400003,0.021073837077251217
0.85,1672.9692,0.016422685,100,50,15,0.85,2210.8624803400003,0.021073837077251217
0.85,2129.5847,0.020901674,100,50,15,0.85,2210.8624803400003,0.021073837077251217
0.85,2067.3657,0.020364253,100,50,15,0.85,2210.8624803400003,0.021073837077251217
0.85,2014.428,0.018755771,100,50,15,0.85,2210.8624803400003,0.021073837077251217
0.85,1479.4424,0.013304033,100,50,15,0.85,2210.8624803400003,0.021073837077251217
0.85,1597.4874,0.015461482,100,50,15,0.85,2210.8624803400003,0.021073837077251217
0.85,1894.6298,0.01879667,100,50,15,0.85,2210.8624803400003,0.021073837077251217
0.85,1510.5582,0.014167792,100,50,15,0.85,2210.8624803400003,0.021073837077251217
0.85,1873.6641,0.018612469,100,50,15,0.85,2210.8624803400003,0.021073837077251217
0.85,2936.319,0.02674981,100,50,15,0.85,2210.8624803400003,0.021073837077251217
0.85,1278.4203,0.006408346,100,50,15,0.85,2210.8624803400003,0.021073837077251217
0.85,2097.4924,0.020620018,100,50,15,0.85,2210.8624803400003,0.021073837077251217
0.85,2074.9636,0.02042752,100,50,15,0.85,2210.8624803400003,0.021073837077251217
0.85,1770.9592,0.017495558,100,50,15,0.85,2210.8624803400003,0.021073837077251217
0.85,2393.7012,0.023215694,100,50,15,0.85,2210.8624803400003,0.021073837077251217
0.85,1461.5483,0.01329446,100,50,15,0.85,2210.8624803400003,0.021073837077251217
0.85,2415.3362,0.023382857,100,50,15,0.85,2210.8624803400003,0.021073837077251217
0.85,2146.8948,0.021055052,100,50,15,0.85,2210.8624803400003,0.021073837077251217
0.85,1957.0192,0.019387964,100,50,15,0.85,2210.8624803400003,0.021073837077251217
0.85,1628.357,0.015873069,100,50,15,0.85,2210.8624803400003,0.021073837077251217
0.85,1654.1226,0.016211592,100,50,15,0.85,2210.8624803400003,0.021073837077251217
0.85,2403.822,0.02328228,100,50,15,0.85,2210.8624803400003,0.021073837077251217
0.85,1794.1117,0.017816296,100,50,15,0.85,2210.8624803400003,0.021073837077251217
0.85,2662.8044,0.025353815,100,50,15,0.85,2210.8624803400003,0.021073837077251217
0.85,1910.0499,0.018780248,100,50,15,0.85,2210.8624803400003,0.021073837077251217
0.85,1586.7775,0.0153060965,100,50,15,0.85,2210.8624803400003,0.021073837077251217
0.85,2796.7097,0.02603215,100,50,15,0.85,2210.8624803400003,0.021073837077251217
0.85,2400.6807,0.023255039,100,50,15,0.85,2210.8624803400003,0.021073837077251217
0.85,1712.0178,0.016888624,100,50,15,0.85,2210.8624803400003,0.021073837077251217
0.85,2222.307,0.021719724,100,50,15,0.85,2210.8624803400003,0.021073837077251217
0.85,2360.3928,0.022929357,100,50,15,0.85,2210.8624803400003,0.021073837077251217
0.85,1317.3522,0.008414969,100,50,15,0.85,2210.8624803400003,0.021073837077251217
0.85,2474.4517,0.023899479,100,50,15,0.85,2210.8624803400003,0.021073837077251217
0.85,1784.2686,0.01763729,100,50,15,0.85,2210.8624803400003,0.021073837077251217
0.85,1428.3213,0.0126044275,100,50,15,0.85,2210.8624803400003,0.021073837077251217
0.85,1627.6362,0.015864423,100,50,15,0.85,2210.8624803400003,0.021073837077251217
0.85,1396.2344,0.011938074,100,50,15,0.85,2210.8624803400003,0.021073837077251217
0.85,1587.2015,0.015346906,100,50,15,0.85,2210.8624803400003,0.021073837077251217
0.85,1892.2507,0.01863133,100,50,15,0.85,2210.8624803400003,0.021073837077251217
0.85,1930.2821,0.019143486,100,50,15,0.85,2210.8624803400003,0.021073837077251217
0.85,1275.1508,0.006239469,100,50,15,0.85,2210.8624803400003,0.021073837077251217
0.85,1272.1178,0.005956773,100,50,15,0.85,2210.8624803400003,0.021073837077251217
0.85,1916.0543,0.018929316,100,50,15,0.85,2210.8624803400003,0.021073837077251217
0.85,1416.0297,0.012349167,100,50,15,0.85,2210.8624803400003,0.021073837077251217
0.85,2195.5715,0.021485109,100,50,15,0.85,2210.8624803400003,0.021073837077251217
0.85,1451.7268,0.013090496,100,50,15,0.85,2210.8624803400003,0.021073837077251217
0.85,1744.8949,0.017243125,100,50,15,0.85,2210.8624803400003,0.021073837077251217
0.85,2379.9749,0.023099767,100,50,15,0.85,2210.8624803400003,0.021073837077251217
0.85,2022.6595,0.019966735,100,50,15,0.85,2210.8624803400003,0.021073837077251217
0.85,1619.2283,0.015809929,100,50,15,0.85,2210.8624803400003,0.021073837077251217
0.85,1447.7886,0.012826542,100,50,15,0.85,2210.8624803400003,0.021073837077251217
0.85,2225.7258,0.021753108,100,50,15,0.85,2210.8624803400003,0.021073837077251217
0.85,1510.6044,0.014226643,100,50,15,0.85,2210.8624803400003,0.021073837077251217
0.85,2554.8962,0.024605315,100,50,15,0.85,2210.8624803400003,0.021073837077251217
0.85,2206.665,0.021585654,100,50,15,0.85,2210.8624803400003,0.021073837077251217
0.85,1910.989,0.018927926,100,50,15,0.85,2210.8624803400003,0.021073837077251217
0.85,1797.9536,0.017857566,100,50,15,0.85,2210.8624803400003,0.021073837077251217
0.85,1675.9824,0.0164871,100,50,15,0.85,2210.8624803400003,0.021073837077251217
0.85,2118.7322,0.020810165,100,50,15,0.85,2210.8624803400003,0.021073837077251217
0.85,2803.484,0.026067434,100,50,15,0.85,2210.8624803400003,0.021073837077251217
0.85,2697.3691,0.025527954,100,50,15,0.85,2210.8624803400003,0.021073837077251217
0.85,2215.8525,0.021667564,100,50,15,0.85,2210.8624803400003,0.021073837077251217
0.85,1293.0361,0.0071619605,100,50,15,0.85,2210.8624803400003,0.021073837077251217
0.85,2217.093,0.021678455,100,50,15,0.85,2210.8624803400003,0.021073837077251217
0.85,1601.4053,0.01556327,100,50,15,0.85,2210.8624803400003,0.021073837077251217
0.85,1745.2485,0.017241515,100,50,15,0.85,2210.8624803400003,0.021073837077251217
0.85,1831.6808,0.01823684,100,50,15,0.85,2210.8624803400003,0.021073837077251217
0.85,1996.8359,0.019739168,100,50,15,0.85,2210.8624803400003,0.021073837077251217
0.85,1380.7273,0.0116160335,100,50,15,0.85,2210.8624803400003,0.021073837077251217
0.85,2524.0906,0.024334984,100,50,15,0.85,2210.8624803400003,0.021073837077251217
0.85,1382.0703,0.011643926,100,50,15,0.85,2210.8624803400003,0.021073837077251217
0.85,1629.9143,0.015898447,100,50,15,0.85,2210.8624803400003,0.021073837077251217
0.85,2407.2668,0.023336096,100,50,15,0.85,2210.8624803400003,0.021073837077251217
0.85,1362.5852,0.010745836,100,50,15,0.85,2210.8624803400003,0.021073837077251217
0.85,1765.476,0.017462505,100,50,15,0.85,2210.8624803400003,0.021073837077251217
0.85,2300.6243,0.022410775,100,50,15,0.85,2210.8624803400003,0.021073837077251217
0.85,1884.229,0.018695215,100,50,15,0.85,2210.8624803400003,0.021073837077251217
0.85,1906.119,0.01888657,100,50,15,0.85,2210.8624803400003,0.021073837077251217
0.85,2071.3125,0.020394381,100,50,15,0.85,2210.8624803400003,0.021073837077251217
0.85,2317.2554,0.022555752,100,50,15,0.85,2210.8624803400003,0.021073837077251217
0.85,1432.2959,0.012686971,100,50,15,0.85,2210.8624803400003,0.021073837077251217
0.85,1762.8999,0.01743501,100,50,15,0.85,2210.8624803400003,0.021073837077251217
0.85,1848.0049,0.01821988,100,50,15,0.85,2210.8624803400003,0.021073837077251217
0.85,2574.389,0.024776014,100,50,15,0.85,2210.8624803400003,0.021073837077251217
0.85,1547.5408,0.014749076,100,50,15,0.85,2210.8624803400003,0.021073837077251217
0.85,1932.085,0.01911349,100,50,15,0.85,2210.8624803400003,0.021073837077251217
0.85,1619.7938,0.015801582,100,50,15,0.85,2210.8624803400003,0.021073837077251217
0.85,1535.993,0.0145769855,100,50,15,0.85,2210.8624803400003,0.021073837077251217
0.85,1802.8115,0.016522339,100,50,15,0.85,2210.8624803400003,0.021073837077251217
0.85,2526.6116,0.024356913,100,50,15,0.85,2210.8624803400003,0.021073837077251217
0.85,1488.2155,0.013848263,100,50,15,0.85,2210.8624803400003,0.021073837077251217
0.85,3022.892,0.02718048,100,50,15,0.85,2210.8624803400003,0.021073837077251217
0.85,1534.4891,0.014553643,100,50,15,0.85,2210.8624803400003,0.021073837077251217
0.85,1318.7205,0.008485476,100,50,15,0.85,2210.8624803400003,0.021073837077251217
0.85,2029.8391,0.020029949,100,50,15,0.85,2210.8624803400003,0.021073837077251217
0.85,1426.8636,0.012574157,100,50,15,0.85,2210.8624803400003,0.021073837077251217
0.85,2355.2278,0.022886617,100,50,15,0.85,2210.8624803400003,0.021073837077251217
0.85,2236.3547,0.02184806,100,50,15,0.85,2210.8624803400003,0.021073837077251217
0.85,1569.9388,0.014942961,100,50,15,0.85,2210.8624803400003,0.021073837077251217
0.85,1820.5155,0.018128546,100,50,15,0.85,2210.8624803400003,0.021073837077251217
0.85,2677.6108,0.025413398,100,50,15,0.85,2210.8624803400003,0.021073837077251217
0.85,2628.735,0.025170445,100,50,15,0.85,2210.8624803400003,0.021073837077251217
0.85,2684.119,0.025301764,100,50,15,0.85,2210.8624803400003,0.021073837077251217
0.85,2222.4446,0.021725975,100,50,15,0.85,2210.8624803400003,0.021073837077251217
0.85,2303.473,0.022435308,100,50,15,0.85,2210.8624803400003,0.021073837077251217
0.85,2644.8704,0.02526193,100,50,15,0.85,2210.8624803400003,0.021073837077251217
0.85,2511.0674,0.02422037,100,50,15,0.85,2210.8624803400003,0.021073837077251217
0.85,1545.1686,0.014790916,100,50,15,0.85,2210.8624803400003,0.021073837077251217
0.85,2762.2769,0.02585839,100,50,15,0.85,2210.8624803400003,0.021073837077251217
0.85,1417.7408,0.012384701,100,50,15,0.85,2210.8624803400003,0.021073837077251217
0.85,1630.7373,0.015905442,100,50,15,0.85,2210.8624803400003,0.021073837077251217
0.85,1744.141,0.017228274,100,50,15,0.85,2210.8624803400003,0.021073837077251217
0.85,2348.154,0.022791635,100,50,15,0.85,2210.8624803400003,0.021073837077251217
0.85,2233.8755,0.021826874,100,50,15,0.85,2210.8624803400003,0.021073837077251217
0.85,1875.6931,0.018624805,100,50,15,0.85,2210.8624803400003,0.021073837077251217
0.85,1693.4205,0.016715307,100,50,15,0.85,2210.8624803400003,0.021073837077251217
0.85,1526.2831,0.014294651,100,50,15,0.85,2210.8624803400003,0.021073837077251217
0.85,2188.6025,0.019798262,100,50,15,0.85,2210.8624803400003,0.021073837077251217
0.85,2215.9543,0.02154038,100,50,15,0.85,2210.8624803400003,0.021073837077251217
0.85,2143.2258,0.020775612,100,50,15,0.85,2210.8624803400003,0.021073837077251217
0.85,2265.102,0.02210093,100,50,15,0.85,2210.8624803400003,0.021073837077251217
0.85,2139.5425,0.020994904,100,50,15,0.85,2210.8624803400003,0.021073837077251217
0.85,2039.7906,0.020117948,100,50,15,0.85,2210.8624803400003,0.021073837077251217
0.85,2039.0636,0.020111501,100,50,15,0.85,2210.8624803400003,0.021073837077251217
0.85,1434.0751,0.012723917,100,50,15,0.85,2210.8624803400003,0.021073837077251217
0.85,2211.7507,0.021632517,100,50,15,0.85,2210.8624803400003,0.021073837077251217
0.85,2291.5225,0.02233162,100,50,15,0.85,2210.8624803400003,0.021073837077251217
0.85,2180.372,0.021356115,100,50,15,0.85,2210.8624803400003,0.021073837077251217
0.85,2941.5586,0.026779793,100,50,15,0.85,2210.8624803400003,0.021073837077251217
0.85,2569.5037,0.024732538,100,50,15,0.85,2210.8624803400003,0.021073837077251217
0.85,2393.4756,0.02321748,100,50,15,0.85,2210.8624803400003,0.021073837077251217
0.85,2436.4136,0.02356474,100,50,15,0.85,2210.8624803400003,0.021073837077251217
0.85,1342.6401,0.00971806,100,50,15,0.85,2210.8624803400003,0.021073837077251217
0.85,1343.2638,0.009750199,100,50,15,0.85,2210.8624803400003,0.021073837077251217
0.85,1399.5681,0.012007306,100,50,15,0.85,2210.8624803400003,0.021073837077251217
0.85,1687.659,0.016639592,100,50,15,0.85,2210.8624803400003,0.021073837077251217
0.85,1437.9299,0.012803974,100,50,15,0.85,2210.8624803400003,0.021073837077251217
0.85,1745.304,0.017236304,100,50,15,0.85,2210.8624803400003,0.021073837077251217
0.85,1416.5933,0.012331458,100,50,15,0.85,2210.8624803400003,0.021073837077251217
0.85,1692.1187,0.016639553,100,50,15,0.85,2210.8624803400003,0.021073837077251217
0.85,1729.0465,0.017071446,100,50,15,0.85,2210.8624803400003,0.021073837077251217
0.85,2424.6885,0.023462493,100,50,15,0.85,2210.8624803400003,0.021073837077251217
0.85,1708.3793,0.016863536,100,50,15,0.85,2210.8624803400003,0.021073837077251217
0.85,1341.3445,0.009651298,100,50,15,0.85,2210.8624803400003,0.021073837077251217
0.85,1544.9122,0.014709711,100,50,15,0.85,2210.8624803400003,0.021073837077251217
0.85,2215.1663,0.021662977,100,50,15,0.85,2210.8624803400003,0.021073837077251217
0.85,1587.7039,0.0153075475,100,50,15,0.85,2210.8624803400003,0.021073837077251217
0.85,1364.8506,0.010862573,100,50,15,0.85,2210.8624803400003,0.021073837077251217
0.85,1620.4344,0.015734592,100,50,15,0.85,2210.8624803400003,0.021073837077251217
0.85,1426.5253,0.012567129,100,50,15,0.85,2210.8624803400003,0.021073837077251217
0.85,2497.3284,0.024094865,100,50,15,0.85,2210.8624803400003,0.021073837077251217
0.85,2793.0554,0.02545637,100,50,15,0.85,2210.8624803400003,0.021073837077251217
0.85,1953.2069,0.019354103,100,50,15,0.85,2210.8624803400003,0.021073837077251217
0.85,1833.2743,0.018025229,100,50,15,0.85,2210.8624803400003,0.021073837077251217
0.85,1341.683,0.009668742,100,50,15,0.85,2210.8624803400003,0.021073837077251217
0.85,1469.1958,0.013443504,100,50,15,0.85,2210.8624803400003,0.021073837077251217
0.85,2417.5344,0.02337117,100,50,15,0.85,2210.8624803400003,0.021073837077251217
0.85,2387.2075,0.022902513,100,50,15,0.85,2210.8624803400003,0.021073837077251217
0.85,2452.96,0.023702966,100,50,15,0.85,2210.8624803400003,0.021073837077251217
0.85,1686.1364,0.016571209,100,50,15,0.85,2210.8624803400003,0.021073837077251217
0.85,2509.493,0.023946183,100,50,15,0.85,2210.8624803400003,0.021073837077251217
0.85,2342.325,0.02277908,100,50,15,0.85,2210.8624803400003,0.021073837077251217
0.85,1337.3586,0.009445907,100,50,15,0.85,2210.8624803400003,0.021073837077251217
0.85,2317.8066,0.021648463,100,50,15,0.85,2210.8624803400003,0.021073837077251217
0.85,1790.825,0.017702233,100,50,15,0.85,2210.8624803400003,0.021073837077251217
0.85,1634.2084,0.015941912,100,50,15,0.85,2210.8624803400003,0.021073837077251217
0.85,1467.2479,0.013412826,100,50,15,0.85,2210.8624803400003,0.021073837077251217
0.85,2720.7498,0.025650265,100,50,15,0.85,2210.8624803400003,0.021073837077251217
0.85,2489.1816,0.024028474,100,50,15,0.85,2210.8624803400003,0.021073837077251217
0.85,1328.9362,0.009011895,100,50,15,0.85,2210.8624803400003,0.021073837077251217
0.85,1877.7028,0.018655526,100,50,15,0.85,2210.8624803400003,0.021073837077251217
0.85,1484.3961,0.013768944,100,50,15,0.85,2210.8624803400003,0.021073837077251217
0.85,1353.549,0.010280195,100,50,15,0.85,2210.8624803400003,0.021073837077251217
0.85,1466.3232,0.013188801,100,50,15,0.85,2210.8624803400003,0.021073837077251217
0.85,1770.0438,0.01746213,100,50,15,0.85,2210.8624803400003,0.021073837077251217
0.85,2811.981,0.026114903,100,50,15,0.85,2210.8624803400003,0.021073837077251217
0.85,1276.2805,0.006297824,100,50,15,0.85,2210.8624803400003,0.021073837077251217
0.85,2134.9634,0.020954227,100,50,15,0.85,2210.8624803400003,0.021073837077251217
0.85,2555.1672,0.023323536,100,50,15,0.85,2210.8624803400003,0.021073837077251217
0.85,2603.6216,0.025008338,100,50,15,0.85,2210.8624803400003,0.021073837077251217
0.85,1316.9518,0.0083943335,100,50,15,0.85,2210.8624803400003,0.021073837077251217
0.85,2185.9045,0.021402584,100,50,15,0.85,2210.8624803400003,0.021073837077251217
0.85,1486.5879,0.013814461,100,50,15,0.85,2210.8624803400003,0.021073837077251217
0.85,1826.9094,0.018208906,100,50,15,0.85,2210.8624803400003,0.021073837077251217
0.85,1710.0092,0.016883416,100,50,15,0.85,2210.8624803400003,0.021073837077251217
0.85,1610.7345,0.015704876,100,50,15,0.85,2210.8624803400003,0.021073837077251217
0.85,1979.4652,0.019585794,100,50,15,0.85,2210.8624803400003,0.021073837077251217
0.85,1698.9607,0.01585093,100,50,15,0.85,2210.8624803400003,0.021073837077251217
0.85,2905.2957,0.026591437,100,50,15,0.85,2210.8624803400003,0.021073837077251217
0.85,1995.26,0.019725038,100,50,15,0.85,2210.8624803400003,0.021073837077251217
0.85,1329.4972,0.009040803,100,50,15,0.85,2210.8624803400003,0.021073837077251217
0.85,1832.4229,0.01825721,100,50,15,0.85,2210.8624803400003,0.021073837077251217
0.85,2192.054,0.021456532,100,50,15,0.85,2210.8624803400003,0.021073837077251217
0.85,1837.74,0.014956028,100,50,15,0.85,2210.8624803400003,0.021073837077251217
0.85,2883.0112,0.026477497,100,50,15,0.85,2210.8624803400003,0.021073837077251217
0.85,1753.7849,0.017348513,100,50,15,0.85,2210.8624803400003,0.021073837077251217
0.85,1571.7992,0.0151111595,100,50,15,0.85,2210.8624803400003,0.021073837077251217
0.85,2537.245,0.024449645,100,50,15,0.85,2210.8624803400003,0.021073837077251217
0.85,2638.1572,0.025226437,100,50,15,0.85,2210.8624803400003,0.021073837077251217
0.85,1419.6849,0.012425076,100,50,15,0.85,2210.8624803400003,0.021073837077251217
0.85,2661.6875,0.025349205,100,50,15,0.85,2210.8624803400003,0.021073837077251217
0.85,1307.37,0.007215397,100,50,15,0.85,2210.8624803400003,0.021073837077251217
0.85,1719.8245,0.01699221,100,50,15,0.85,2210.8624803400003,0.021073837077251217
0.85,2208.1057,0.021597685,100,50,15,0.85,2210.8624803400003,0.021073837077251217
0.85,1690.4761,0.016683003,100,50,15,0.85,2210.8624803400003,0.021073837077251217
0.85,1567.174,0.015047126,100,50,15,0.85,2210.8624803400003,0.021073837077251217
0.85,1386.1713,0.01172909,100,50,15,0.85,2210.8624803400003,0.021073837077251217
0.85,1362.0957,0.010720613,100,50,15,0.85,2210.8624803400003,0.021073837077251217
0.85,2561.9836,0.024666833,100,50,15,0.85,2210.8624803400003,0.021073837077251217
0.85,2137.9746,0.020980906,100,50,15,0.85,2210.8624803400003,0.021073837077251217
0.85,1396.0754,0.011934773,100,50,15,0.85,2210.8624803400003,0.021073837077251217
0.85,1968.9849,0.01949246,100,50,15,0.85,2210.8624803400003,0.021073837077251217
0.85,1510.7804,0.014008829,100,50,15,0.85,2210.8624803400003,0.021073837077251217
0.85,2745.5369,0.02577705,100,50,15,0.85,2210.8624803400003,0.021073837077251217
0.85,2109.9329,0.020734262,100,50,15,0.85,2210.8624803400003,0.021073837077251217
0.85,1784.3401,0.01765747,100,50,15,0.85,2210.8624803400003,0.021073837077251217
0.85,1342.0576,0.009688048,100,50,15,0.85,2210.8624803400003,0.021073837077251217
0.85,1292.2491,0.007121405,100,50,15,0.85,2210.8624803400003,0.021073837077251217
0.85,1678.7999,0.016529731,100,50,15,0.85,2210.8624803400003,0.021073837077251217
0.85,2405.4744,0.023304144,100,50,15,0.85,2210.8624803400003,0.021073837077251217
0.85,1962.2064,0.01943248,100,50,15,0.85,2210.8624803400003,0.021073837077251217
0.85,1301.8584,0.00761657,100,50,15,0.85,2210.8624803400003,0.021073837077251217
0.85,2607.2122,0.025033817,100,50,15,0.85,2210.8624803400003,0.021073837077251217
0.85,1601.9552,0.0155722285,100,50,15,0.85,2210.8624803400003,0.021073837077251217
0.85,2883.804,0.026482979,100,50,15,0.85,2210.8624803400003,0.021073837077251217
0.85,1525.9548,0.014477244,100,50,15,0.85,2210.8624803400003,0.021073837077251217
0.85,2144.4404,0.021037087,100,50,15,0.85,2210.8624803400003,0.021073837077251217
0.85,1766.1401,0.017408764,100,50,15,0.85,2210.8624803400003,0.021073837077251217
0.85,1351.0876,0.010153363,100,50,15,0.85,2210.8624803400003,0.021073837077251217
0.85,1543.8633,0.014698269,100,50,15,0.85,2210.8624803400003,0.021073837077251217
0.85,2558.4307,0.024636071,100,50,15,0.85,2210.8624803400003,0.021073837077251217
0.85,3024.6414,0.027183883,100,50,15,0.85,2210.8624803400003,0.021073837077251217
0.85,1911.639,0.018953871,100,50,15,0.85,2210.8624803400003,0.021073837077251217
0.85,1440.5607,0.012858606,100,50,15,0.85,2210.8624803400003,0.021073837077251217
0.85,1690.2875,0.016674561,100,50,15,0.85,2210.8624803400003,0.021073837077251217
0.85,1865.0598,0.01854313,100,50,15,0.85,2210.8624803400003,0.021073837077251217
0.85,1510.3287,0.014222143,100,50,15,0.85,2210.8624803400003,0.021073837077251217
0.85,1415.6744,0.012341789,100,50,15,0.85,2210.8624803400003,0.021073837077251217
0.85,1886.205,0.018728934,100,50,15,0.85,2210.8624803400003,0.021073837077251217
0.85,1286.2551,0.0068125296,100,50,15,0.85,2210.8624803400003,0.021073837077251217
0.85,3023.0747,0.027180836,100,50,15,0.85,2210.8624803400003,0.021073837077251217
0.85,1272.2628,0.0059840367,100,50,15,0.85,2210.8624803400003,0.021073837077251217
0.85,1272.4762,0.006024146,100,50,15,0.85,2210.8624803400003,0.021073837077251217
0.85,2156.5637,0.02114461,100,50,15,0.85,2210.8624803400003,0.021073837077251217
0.85,1652.7754,0.016185781,100,50,15,0.85,2210.8624803400003,0.021073837077251217
0.85,1413.7299,0.012301404,100,50,15,0.85,2210.8624803400003,0.021073837077251217
0.85,2113.7183,0.02076751,100,50,15,0.85,2210.8624803400003,0.021073837077251217
0.85,1683.7931,0.016593529,100,50,15,0.85,2210.8624803400003,0.021073837077251217
0.85,1854.8793,0.018281337,100,50,15,0.85,2210.8624803400003,0.021073837077251217
0.85,2216.344,0.021670122,100,50,15,0.85,2210.8624803400003,0.021073837077251217
0.85,1800.8604,0.017786264,100,50,15,0.85,2210.8624803400003,0.021073837077251217
0.85,1632.943,0.015924674,100,50,15,0.85,2210.8624803400003,0.021073837077251217
0.85,2155.8884,0.02113628,100,50,15,0.85,2210.8624803400003,0.021073837077251217
0.85,2004.2051,0.019803658,100,50,15,0.85,2210.8624803400003,0.021073837077251217
0.85,1667.351,0.016377207,100,50,15,0.85,2210.8624803400003,0.021073837077251217
0.85,2185.518,0.02139945,100,50,15,0.85,2210.8624803400003,0.021073837077251217
0.85,1412.7649,0.012281365,100,50,15,0.85,2210.8624803400003,0.021073837077251217
0.85,1269.6664,0.0054959506,100,50,15,0.85,2210.8624803400003,0.021073837077251217
0.85,2227.7068,0.021769851,100,50,15,0.85,2210.8624803400003,0.021073837077251217
0.85,1270.3617,0.0056266524,100,50,15,0.85,2210.8624803400003,0.021073837077251217
0.85,1314.6335,0.008274877,100,50,15,0.85,2210.8624803400003,0.021073837077251217
0.85,1676.5808,0.016497925,100,50,15,0.85,2210.8624803400003,0.021073837077251217
0.85,1905.1134,0.018895626,100,50,15,0.85,2210.8624803400003,0.021073837077251217
0.85,1339.4572,0.009554045,100,50,15,0.85,2210.8624803400003,0.021073837077251217
0.85,1450.9034,0.013073396,100,50,15,0.85,2210.8624803400003,0.021073837077251217
0.85,1741.8994,0.017221311,100,50,15,0.85,2210.8624803400003,0.021073837077251217
0.85,1268.1879,0.0052180113,100,50,15,0.85,2210.8624803400003,0.021073837077251217
0.85,2193.2612,0.021467542,100,50,15,0.85,2210.8624803400003,0.021073837077251217
0.85,2307.8596,0.022471214,100,50,15,0.85,2210.8624803400003,0.021073837077251217
0.85,2318.2341,0.02256172,100,50,15,0.85,2210.8624803400003,0.021073837077251217
0.85,2527.8494,0.024367439,100,50,15,0.85,2210.8624803400003,0.021073837077251217
0.85,3023.2922,0.027181258,100,50,15,0.85,2210.8624803400003,0.021073837077251217
0.85,1350.9314,0.010145314,100,50,15,0.85,2210.8624803400003,0.021073837077251217
0.85,1853.7883,0.01844482,100,50,15,0.85,2210.8624803400003,0.021073837077251217
0.85,1342.6166,0.009716849,100,50,15,0.85,2210.8624803400003,0.021073837077251217
0.85,2704.4023,0.025567804,100,50,15,0.85,2210.8624803400003,0.021073837077251217
0.85,2786.2646,0.02598518,100,50,15,0.85,2210.8624803400003,0.021073837077251217
0.85,2430.554,0.023518227,100,50,15,0.85,2210.8624803400003,0.021073837077251217
0.85,2029.4052,0.02002525,100,50,15,0.85,2210.8624803400003,0.021073837077251217
0.85,2187.9475,0.021420138,100,50,15,0.85,2210.8624803400003,0.021073837077251217
0.85,2022.5166,0.01996462,100,50,15,0.85,2210.8624803400003,0.021073837077251217
0.85,2214.4358,0.021652652,100,50,15,0.85,2210.8624803400003,0.021073837077251217
0.85,1312.2972,0.0070948265,100,50,15,0.85,2210.8624803400003,0.021073837077251217
0.85,1381.321,0.011628366,100,50,15,0.85,2210.8624803400003,0.021073837077251217
0.85,1564.4973,0.015006228,100,50,15,0.85,2210.8624803400003,0.021073837077251217
0.85,2493.0542,0.02406217,100,50,15,0.85,2210.8624803400003,0.021073837077251217
0.85,2327.3857,0.02264061,100,50,15,0.85,2210.8624803400003,0.021073837077251217
0.85,2071.263,0.02039373,100,50,15,0.85,2210.8624803400003,0.021073837077251217
0.85,1480.4929,0.013687887,100,50,15,0.85,2210.8624803400003,0.021073837077251217
0.85,1513.56,0.014274896,100,50,15,0.85,2210.8624803400003,0.021073837077251217
0.85,2275.295,0.022185534,100,50,15,0.85,2210.8624803400003,0.021073837077251217
0.85,1363.579,0.010797045,100,50,15,0.85,2210.8624803400003,0.021073837077251217
0.85,2171.867,0.021278849,100,50,15,0.85,2210.8624803400003,0.021073837077251217
0.85,2053.4531,0.02023696,100,50,15,0.85,2210.8624803400003,0.021073837077251217
0.85,2573.0579,0.024764368,100,50,15,0.85,2210.8624803400003,0.021073837077251217
0.85,1631.6671,0.015915718,100,50,15,0.85,2210.8624803400003,0.021073837077251217
0.85,2632.9824,0.025196461,100,50,15,0.85,2210.8624803400003,0.021073837077251217
0.85,2646.855,0.025274241,100,50,15,0.85,2210.8624803400003,0.021073837077251217
0.85,2279.0645,0.02221851,100,50,15,0.85,2210.8624803400003,0.021073837077251217
0.85,2203.5032,0.021556748,100,50,15,0.85,2210.8624803400003,0.021073837077251217
0.85,1650.6837,0.01615534,100,50,15,0.85,2210.8624803400003,0.021073837077251217
0.85,3017.3276,0.027169656,100,50,15,0.85,2210.8624803400003,0.021073837077251217
0.85,1631.2601,0.01590066,100,50,15,0.85,2210.8624803400003,0.021073837077251217
0.85,2610.674,0.025057174,100,50,15,0.85,2210.8624803400003,0.021073837077251217
0.85,3020.6812,0.027176179,100,50,15,0.85,2210.8624803400003,0.021073837077251217
0.85,2500.8064,0.024128212,100,50,15,0.85,2210.8624803400003,0.021073837077251217
0.85,2695.6682,0.025522957,100,50,15,0.85,2210.8624803400003,0.021073837077251217
0.85,1621.7465,0.015821446,100,50,15,0.85,2210.8624803400003,0.021073837077251217
0.85,1755.1882,0.01734925,100,50,15,0.85,2210.8624803400003,0.021073837077251217
0.85,1792.4697,0.017708575,100,50,15,0.85,2210.8624803400003,0.021073837077251217
0.85,1318.2385,0.008460643,100,50,15,0.85,2210.8624803400003,0.021073837077251217
0.85,1706.9967,0.016861074,100,50,15,0.85,2210.8624803400003,0.021073837077251217
0.85,1488.4219,0.013591809,100,50,15,0.85,2210.8624803400003,0.021073837077251217
0.85,2220.8425,0.021711618,100,50,15,0.85,2210.8624803400003,0.021073837077251217
0.85,1318.3267,0.008465183,100,50,15,0.85,2210.8624803400003,0.021073837077251217
0.85,2382.4856,0.023118624,100,50,15,0.85,2210.8624803400003,0.021073837077251217
0.85,2134.855,0.020953134,100,50,15,0.85,2210.8624803400003,0.021073837077251217
0.85,1630.6519,0.01590646,100,50,15,0.85,2210.8624803400003,0.021073837077251217
0.85,1493.3567,0.013945069,100,50,15,0.85,2210.8624803400003,0.021073837077251217
0.85,1852.6553,0.018435095,100,50,15,0.85,2210.8624803400003,0.021073837077251217
0.85,1984.9586,0.019633092,100,50,15,0.85,2210.8624803400003,0.021073837077251217
0.85,1832.063,0.018254258,100,50,15,0.85,2210.8624803400003,0.021073837077251217
0.85,2183.1995,0.021378348,100,50,15,0.85,2210.8624803400003,0.021073837077251217
0.85,1635.6143,0.015954496,100,50,15,0.85,2210.8624803400003,0.021073837077251217
0.85,2635.5808,0.025212217,100,50,15,0.85,2210.8624803400003,0.021073837077251217
0.85,2042.9554,0.020144545,100,50,15,0.85,2210.8624803400003,0.021073837077251217
0.85,2139.3174,0.020992558,100,50,15,0.85,2210.8624803400003,0.021073837077251217
0.85,1925.4496,0.01910263,100,50,15,0.85,2210.8624803400003,0.021073837077251217
0.85,1350.8372,0.010140455,100,50,15,0.85,2210.8624803400003,0.021073837077251217
0.85,2387.7583,0.023163652,100,50,15,0.85,2210.8624803400003,0.021073837077251217
0.85,1424.0426,0.012515571,100,50,15,0.85,2210.8624803400003,0.021073837077251217
0.85,2561.0073,0.02465887,100,50,15,0.85,2210.8624803400003,0.021073837077251217
0.85,1598.8379,0.015524798,100,50,15,0.85,2210.8624803400003,0.021073837077251217
0.85,1488.053,0.013581345,100,50,15,0.85,2210.8624803400003,0.021073837077251217
0.85,1469.135,0.013452016,100,50,15,0.85,2210.8624803400003,0.021073837077251217
0.85,1648.888,0.016084805,100,50,15,0.85,2210.8624803400003,0.021073837077251217
0.85,1406.9266,0.012160122,100,50,15,0.85,2210.8624803400003,0.021073837077251217
0.85,2564.6182,0.024690703,100,50,15,0.85,2210.8624803400003,0.021073837077251217
0.85,2316.3428,0.022543753,100,50,15,0.85,2210.8624803400003,0.021073837077251217
0.85,2494.5386,0.02407535,100,50,15,0.85,2210.8624803400003,0.021073837077251217
0.85,1296.1967,0.0068740444,100,50,15,0.85,2210.8624803400003,0.021073837077251217
0.85,1324.9753,0.008807795,100,50,15,0.85,2210.8624803400003,0.021073837077251217
0.85,1445.9924,0.012971408,100,50,15,0.85,2210.8624803400003,0.021073837077251217
0.85,2054.367,0.02024521,100,50,15,0.85,2210.8624803400003,0.021073837077251217
0.85,2297.0835,0.022375679,100,50,15,0.85,2210.8624803400003,0.021073837077251217
0.85,1931.8575,0.019155754,100,50,15,0.85,2210.8624803400003,0.021073837077251217
0.85,1276.3185,0.006299785,100,50,15,0.85,2210.8624803400003,0.021073837077251217
0.85,2243.0293,0.02190419,100,50,15,0.85,2210.8624803400003,0.021073837077251217
0.85,2804.0505,0.026076153,100,50,15,0.85,2210.8624803400003,0.021073837077251217
0.85,1650.7734,0.016153648,100,50,15,0.85,2210.8624803400003,0.021073837077251217
0.85,1773.0406,0.017531347,100,50,15,0.85,2210.8624803400003,0.021073837077251217
0.85,1650.8645,0.016155764,100,50,15,0.85,2210.8624803400003,0.021073837077251217
0.85,1564.5812,0.015008429,100,50,15,0.85,2210.8624803400003,0.021073837077251217
0.85,2282.5886,0.022252085,100,50,15,0.85,2210.8624803400003,0.021073837077251217
0.85,2318.734,0.022566047,100,50,15,0.85,2210.8624803400003,0.021073837077251217
0.85,2143.3071,0.021027371,100,50,15,0.85,2210.8624803400003,0.021073837077251217
0.85,2141.7488,0.021013742,100,50,15,0.85,2210.8624803400003,0.021073837077251217
0.85,2907.1636,0.026604608,100,50,15,0.85,2210.8624803400003,0.021073837077251217
0.85,2065.4155,0.020341795,100,50,15,0.85,2210.8624803400003,0.021073837077251217
0.85,1832.475,0.018078847,100,50,15,0.85,2210.8624803400003,0.021073837077251217
0.85,1452.558,0.013107755,100,50,15,0.85,2210.8624803400003,0.021073837077251217
0.85,1886.0536,0.018728932,100,50,15,0.85,2210.8624803400003,0.021073837077251217
0.85,1407.0941,0.012163599,100,50,15,0.85,2210.8624803400003,0.021073837077251217
0.85,1495.144,0.0139742475,100,50,15,0.85,2210.8624803400003,0.021073837077251217
0.85,2056.2664,0.020262098,100,50,15,0.85,2210.8624803400003,0.021073837077251217
0.85,1730.791,0.017100964,100,50,15,0.85,2210.8624803400003,0.021073837077251217
0.85,1326.0221,0.008861734,100,50,15,0.85,2210.8624803400003,0.021073837077251217
0.85,2436.029,0.023565467,100,50,15,0.85,2210.8624803400003,0.021073837077251217
0.85,2064.764,0.020336932,100,50,15,0.85,2210.8624803400003,0.021073837077251217
0.85,2001.4071,0.019778315,100,50,15,0.85,2210.8624803400003,0.021073837077251217
0.85,2177.8723,0.021331534,100,50,15,0.85,2210.8624803400003,0.021073837077251217
0.85,2039.0984,0.020110859,100,50,15,0.85,2210.8624803400003,0.021073837077251217
0.85,1503.5333,0.014111206,100,50,15,0.85,2210.8624803400003,0.021073837077251217
0.85,1517.9429,0.014346446,100,50,15,0.85,2210.8624803400003,0.021073837077251217
0.85,2105.8914,0.020698808,100,50,15,0.85,2210.8624803400003,0.021073837077251217
0.85,2363.2217,0.022951668,100,50,15,0.85,2210.8624803400003,0.021073837077251217
0.85,1997.5631,0.019744294,100,50,15,0.85,2210.8624803400003,0.021073837077251217
0.85,1652.6407,0.016181912,100,50,15,0.85,2210.8624803400003,0.021073837077251217
0.85,1789.7385,0.017732969,100,50,15,0.85,2210.8624803400003,0.021073837077251217
0.85,1316.6215,0.008377317,100,50,15,0.85,2210.8624803400003,0.021073837077251217
0.85,1469.0647,0.0134505555,100,50,15,0.85,2210.8624803400003,0.021073837077251217
0.85,1888.9626,0.018754268,100,50,15,0.85,2210.8624803400003,0.021073837077251217
0.85,2886.3977,0.026498085,100,50,15,0.85,2210.8624803400003,0.021073837077251217
0.85,2146.4216,0.021055292,100,50,15,0.85,2210.8624803400003,0.021073837077251217
0.85,2042.5901,0.020141557,100,50,15,0.85,2210.8624803400003,0.021073837077251217
0.85,1601.215,0.015560663,100,50,15,0.85,2210.8624803400003,0.021073837077251217
0.85,2434.3389,0.02355067,100,50,15,0.85,2210.8624803400003,0.021073837077251217
0.85,1477.9005,0.013272338,100,50,15,0.85,2210.8624803400003,0.021073837077251217
0.85,2589.538,0.02490975,100,50,15,0.85,2210.8624803400003,0.021073837077251217
0.85,2571.2925,0.024749476,100,50,15,0.85,2210.8624803400003,0.021073837077251217
0.85,2204.5327,0.021569494,100,50,15,0.85,2210.8624803400003,0.021073837077251217
0.85,1262.4613,0.0041415067,100,50,15,0.85,2210.8624803400003,0.021073837077251217
0.85,1810.5013,0.018020133,100,50,15,0.85,2210.8624803400003,0.021073837077251217
0.85,2532.183,0.024404671,100,50,15,0.85,2210.8624803400003,0.021073837077251217
0.85,1762.3174,0.017410962,100,50,15,0.85,2210.8624803400003,0.021073837077251217
0.85,1768.9358,0.017480366,100,50,15,0.85,2210.8624803400003,0.021073837077251217
0.85,2370.4097,0.023017567,100,50,15,0.85,2210.8624803400003,0.021073837077251217
0.85,2277.6472,0.022210736,100,50,15,0.85,2210.8624803400003,0.021073837077251217
0.85,2258.1072,0.02203992,100,50,15,0.85,2210.8624803400003,0.021073837077251217
0.85,2101.402,0.020659199,100,50,15,0.85,2210.8624803400003,0.021073837077251217
0.85,2468.9023,0.02384939,100,50,15,0.85,2210.8624803400003,0.021073837077251217
0.85,2796.599,0.026039818,100,50,15,0.85,2210.8624803400003,0.021073837077251217
0.85,2521.6792,0.024117967,100,50,15,0.85,2210.8624803400003,0.021073837077251217
0.85,1900.6816,0.018853536,100,50,15,0.85,2210.8624803400003,0.021073837077251217
0.85,2571.3257,0.024749612,100,50,15,0.85,2210.8624803400003,0.021073837077251217
0.85,2271.988,0.022162793,100,50,15,0.85,2210.8624803400003,0.021073837077251217
0.85,1960.3777,0.019414175,100,50,15,0.85,2210.8624803400003,0.021073837077251217
0.85,1887.1256,0.017775867,100,50,15,0.85,2210.8624803400003,0.021073837077251217
0.85,2853.3845,0.026232187,100,50,15,0.85,2210.8624803400003,0.021073837077251217
0.85,2555.068,0.024608213,100,50,15,0.85,2210.8624803400003,0.021073837077251217
0.85,1996.9222,0.019738063,100,50,15,0.85,2210.8624803400003,0.021073837077251217
0.85,3017.8945,0.027170759,100,50,15,0.85,2210.8624803400003,0.021073837077251217
0.85,2107.9473,0.020718696,100,50,15,0.85,2210.8624803400003,0.021073837077251217
0.85,2010.1609,0.018908892,100,50,15,0.85,2210.8624803400003,0.021073837077251217
0.85,2082.9607,0.02049914,100,50,15,0.85,2210.8624803400003,0.021073837077251217
0.85,1674.6414,0.016454384,100,50,15,0.85,2210.8624803400003,0.021073837077251217
0.85,1485.3523,0.01352317,100,50,15,0.85,2210.8624803400003,0.021073837077251217
0.85,2505.246,0.024143541,100,50,15,0.85,2210.8624803400003,0.021073837077251217
0.85,1301.2018,0.007582734,100,50,15,0.85,2210.8624803400003,0.021073837077251217
0.85,2882.9443,0.025367187,100,50,15,0.85,2210.8624803400003,0.021073837077251217
0.85,2355.3845,0.022886882,100,50,15,0.85,2210.8624803400003,0.021073837077251217
0.85,1557.2128,0.014934511,100,50,15,0.85,2210.8624803400003,0.021073837077251217
0.85,1509.1567,0.01420301,100,50,15,0.85,2210.8624803400003,0.021073837077251217
0.85,1307.6211,0.007913526,100,50,15,0.85,2210.8624803400003,0.021073837077251217
0.85,2168.3557,0.021254344,100,50,15,0.85,2210.8624803400003,0.021073837077251217
0.85,1340.9846,0.009632755,100,50,15,0.85,2210.8624803400003,0.021073837077251217
0.85,1632.5281,0.015933888,100,50,15,0.85,2210.8624803400003,0.021073837077251217
0.85,2497.0125,0.024097541,100,50,15,0.85,2210.8624803400003,0.021073837077251217
0.85,1425.9143,0.012554442,100,50,15,0.85,2210.8624803400003,0.021073837077251217
0.85,2118.9685,0.020815,100,50,15,0.85,2210.8624803400003,0.021073837077251217
0.85,1599.6703,0.015535599,100,50,15,0.85,2210.8624803400003,0.021073837077251217
0.85,2318.682,0.022552563,100,50,15,0.85,2210.8624803400003,0.021073837077251217
0.85,1299.2946,0.007466361,100,50,15,0.85,2210.8624803400003,0.021073837077251217
0.85,1864.9811,0.01853595,100,50,15,0.85,2210.8624803400003,0.021073837077251217
0.85,2509.148,0.024201537,100,50,15,0.85,2210.8624803400003,0.021073837077251217
0.85,1933.8773,0.019145954,100,50,15,0.85,2210.8624803400003,0.021073837077251217
0.85,1621.5482,0.015827667,100,50,15,0.85,2210.8624803400003,0.021073837077251217
0.85,1376.391,0.011457251,100,50,15,0.85,2210.8624803400003,0.021073837077251217
0.85,2097.1118,0.02062365,100,50,15,0.85,2210.8624803400003,0.021073837077251217
0.85,1423.1683,0.012497417,100,50,15,0.85,2210.8624803400003,0.021073837077251217
0.85,2435.762,0.023560688,100,50,15,0.85,2210.8624803400003,0.021073837077251217
0.85,1275.4448,0.0062546576,100,50,15,0.85,2210.8624803400003,0.021073837077251217
0.85,1850.5278,0.018231658,100,50,15,0.85,2210.8624803400003,0.021073837077251217
0.85,2681.883,0.025455795,100,50,15,0.85,2210.8624803400003,0.021073837077251217
0.85,1964.2369,0.019448835,100,50,15,0.85,2210.8624803400003,0.021073837077251217
0.85,1364.6078,0.010850058,100,50,15,0.85,2210.8624803400003,0.021073837077251217
0.85,1512.0448,0.014250159,100,50,15,0.85,2210.8624803400003,0.021073837077251217
0.85,1507.9222,0.014182855,100,50,15,0.85,2210.8624803400003,0.021073837077251217
0.85,1607.675,0.015656486,100,50,15,0.85,2210.8624803400003,0.021073837077251217
0.85,1528.1754,0.014513497,100,50,15,0.85,2210.8624803400003,0.021073837077251217
0.85,1564.4524,0.015004013,100,50,15,0.85,2210.8624803400003,0.021073837077251217
0.85,2016.28,0.019909784,100,50,15,0.85,2210.8624803400003,0.021073837077251217
0.85,2739.3894,0.02574822,100,50,15,0.85,2210.8624803400003,0.021073837077251217
0.85,2107.8845,0.020717915,100,50,15,0.85,2210.8624803400003,0.021073837077251217
0.85,2035.4902,0.020079665,100,50,15,0.85,2210.8624803400003,0.021073837077251217
0.85,1682.7892,0.016563088,100,50,15,0.85,2210.8624803400003,0.021073837077251217
0.85,1825.9908,0.018171623,100,50,15,0.85,2210.8624803400003,0.021073837077251217
0.85,1456.1576,0.013182511,100,50,15,0.85,2210.8624803400003,0.021073837077251217
0.85,2381.859,0.023113983,100,50,15,0.85,2210.8624803400003,0.021073837077251217
0.85,1260.9147,0.0038507609,100,50,15,0.85,2210.8624803400003,0.021073837077251217
0.85,1796.121,0.016241966,100,50,15,0.85,2210.8624803400003,0.021073837077251217
0.85,1482.173,0.013722776,100,50,15,0.85,2210.8624803400003,0.021073837077251217
0.85,2698.3892,0.024605747,100,50,15,0.85,2210.8624803400003,0.021073837077251217
0.85,1402.5577,0.0119566815,100,50,15,0.85,2210.8624803400003,0.021073837077251217
0.85,1515.8958,0.014313027,100,50,15,0.85,2210.8624803400003,0.021073837077251217
0.85,2909.5408,0.026617307,100,50,15,0.85,2210.8624803400003,0.021073837077251217
0.85,2743.042,0.0257664,100,50,15,0.85,2210.8624803400003,0.021073837077251217
0.85,1572.9845,0.015134869,100,50,15,0.85,2210.8624803400003,0.021073837077251217
0.85,2308.9219,0.022482466,100,50,15,0.85,2210.8624803400003,0.021073837077251217
0.85,1938.426,0.019191002,100,50,15,0.85,2210.8624803400003,0.021073837077251217
0.85,1600.5967,0.015551847,100,50,15,0.85,2210.8624803400003,0.021073837077251217
0.85,1708.9109,0.016872456,100,50,15,0.85,2210.8624803400003,0.021073837077251217
0.85,1798.5746,0.017758556,100,50,15,0.85,2210.8624803400003,0.021073837077251217
0.85,2270.1497,0.022133432,100,50,15,0.85,2210.8624803400003,0.021073837077251217
0.85,2173.2712,0.021297563,100,50,15,0.85,2210.8624803400003,0.021073837077251217
0.85,1792.2354,0.017779814,100,50,15,0.85,2210.8624803400003,0.021073837077251217
0.85,1384.651,0.011697519,100,50,15,0.85,2210.8624803400003,0.021073837077251217
0.85,1493.9342,0.013954497,100,50,15,0.85,2210.8624803400003,0.021073837077251217
0.85,2021.259,0.019955015,100,50,15,0.85,2210.8624803400003,0.021073837077251217
0.85,1397.4954,0.011964261,100,50,15,0.85,2210.8624803400003,0.021073837077251217
0.85,1997.0609,0.0197413,100,50,15,0.85,2210.8624803400003,0.021073837077251217
0.85,1726.7391,0.017056355,100,50,15,0.85,2210.8624803400003,0.021073837077251217
0.85,1685.9055,0.016599685,100,50,15,0.85,2210.8624803400003,0.021073837077251217
0.85,1728.0858,0.017070575,100,50,15,0.85,2210.8624803400003,0.021073837077251217
0.85,1749.4628,0.017296176,100,50,15,0.85,2210.8624803400003,0.021073837077251217
0.85,2213.2996,0.021640291,100,50,15,0.85,2210.8624803400003,0.021073837077251217
0.85,2800.7148,0.02606037,100,50,15,0.85,2210.8624803400003,0.021073837077251217
0.85,2441.9688,0.023612352,100,50,15,0.85,2210.8624803400003,0.021073837077251217
0.85,1537.4386,0.014663161,100,50,15,0.85,2210.8624803400003,0.021073837077251217
0.85,2591.239,0.024925852,100,50,15,0.85,2210.8624803400003,0.021073837077251217
0.85,1893.1606,0.018786475,100,50,15,0.85,2210.8624803400003,0.021073837077251217
0.85,2693.5269,0.025453223,100,50,15,0.85,2210.8624803400003,0.021073837077251217
0.85,3020.8994,0.027176604,100,50,15,0.85,2210.8624803400003,0.021073837077251217
0.85,1543.6144,0.014693982,100,50,15,0.85,2210.8624803400003,0.021073837077251217
0.85,2354.1343,0.022414777,100,50,15,0.85,2210.8624803400003,0.021073837077251217
0.85,1789.7373,0.017668141,100,50,15,0.85,2210.8624803400003,0.021073837077251217
0.85,2272.4727,0.022165522,100,50,15,0.85,2210.8624803400003,0.021073837077251217
0.85,2514.9722,0.024255417,100,50,15,0.85,2210.8624803400003,0.021073837077251217
0.85,1362.3502,0.010733726,100,50,15,0.85,2210.8624803400003,0.021073837077251217
0.85,1467.2257,0.013186332,100,50,15,0.85,2210.8624803400003,0.021073837077251217
0.85,1696.6996,0.016741127,100,50,15,0.85,2210.8624803400003,0.021073837077251217
0.85,1375.953,0.009976037,100,50,15,0.85,2210.8624803400003,0.021073837077251217
0.85,2634.575,0.024877246,100,50,15,0.85,2210.8624803400003,0.021073837077251217
0.85,1758.2799,0.017390678,100,50,15,0.85,2210.8624803400003,0.021073837077251217
0.85,1636.5725,0.015931768,100,50,15,0.85,2210.8624803400003,0.021073837077251217
0.85,1450.1089,0.013056894,100,50,15,0.85,2210.8624803400003,0.021073837077251217
0.85,2379.1526,0.02308918,100,50,15,0.85,2210.8624803400003,0.021073837077251217
0.85,2010.8955,0.019727074,100,50,15,0.85,2210.8624803400003,0.021073837077251217
0.85,1486.5801,0.01353915,100,50,15,0.85,2210.8624803400003,0.021073837077251217
0.85,1257.7349,0.0032529952,100,50,15,0.85,2210.8624803400003,0.021073837077251217
0.85,1259.0951,0.0035086856,100,50,15,0.85,2210.8624803400003,0.021073837077251217
0.85,1786.9583,0.017742481,100,50,15,0.85,2210.8624803400003,0.021073837077251217
0.85,2544.083,0.024511417,100,50,15,0.85,2210.8624803400003,0.021073837077251217
0.85,1403.9136,0.01209755,100,50,15,0.85,2210.8624803400003,0.021073837077251217
0.85,1505.1597,0.014137756,100,50,15,0.85,2210.8624803400003,0.021073837077251217
0.85,2490.94,0.024044268,100,50,15,0.85,2210.8624803400003,0.021073837077251217
0.85,1308.9,0.007979427,100,50,15,0.85,2210.8624803400003,0.021073837077251217
0.85,1294.1438,0.007219039,100,50,15,0.85,2210.8624803400003,0.021073837077251217
0.85,1655.0425,0.016218152,100,50,15,0.85,2210.8624803400003,0.021073837077251217
0.85,1383.6726,0.0116772,100,50,15,0.85,2210.8624803400003,0.021073837077251217
0.85,1483.0206,0.013740379,100,50,15,0.85,2210.8624803400003,0.021073837077251217
0.85,2417.2053,0.023392444,100,50,15,0.85,2210.8624803400003,0.021073837077251217
0.85,1891.3824,0.018771034,100,50,15,0.85,2210.8624803400003,0.021073837077251217
0.85,1352.8285,0.010243073,100,50,15,0.85,2210.8624803400003,0.021073837077251217
0.85,2663.2065,0.025360556,100,50,15,0.85,2210.8624803400003,0.021073837077251217
0.85,1609.2377,0.01568269,100,50,15,0.85,2210.8624803400003,0.021073837077251217
0.85,2095.9429,0.020612834,100,50,15,0.85,2210.8624803400003,0.021073837077251217
0.85,2748.4802,0.025794366,100,50,15,0.85,2210.8624803400003,0.021073837077251217
0.85,2229.3953,0.021789579,100,50,15,0.85,2210.8624803400003,0.021073837077251217
0.85,1742.8329,0.017212331,100,50,15,0.85,2210.8624803400003,0.021073837077251217
0.85,2513.3142,0.024240606,100,50,15,0.85,2210.8624803400003,0.021073837077251217
0.85,1468.6477,0.013441895,100,50,15,0.85,2210.8624803400003,0.021073837077251217
0.85,1521.6006,0.01440616,100,50,15,0.85,2210.8624803400003,0.021073837077251217
0.85,2798.3755,0.025970161,100,50,15,0.85,2210.8624803400003,0.021073837077251217
0.85,1681.143,0.016536105,100,50,15,0.85,2210.8624803400003,0.021073837077251217
0.85,1422.4812,0.012483145,100,50,15,0.85,2210.8624803400003,0.021073837077251217
0.85,1670.7816,0.016418036,100,50,15,0.85,2210.8624803400003,0.021073837077251217
0.85,1347.9452,0.009991435,100,50,15,0.85,2210.8624803400003,0.021073837077251217
0.85,2009.8083,0.019853927,100,50,15,0.85,2210.8624803400003,0.021073837077251217
0.85,1631.9568,0.01592629,100,50,15,0.85,2210.8624803400003,0.021073837077251217
0.85,2870.441,0.026417129,100,50,15,0.85,2210.8624803400003,0.021073837077251217
0.85,1325.6432,0.0088422075,100,50,15,0.85,2210.8624803400003,0.021073837077251217
0.85,1789.6516,0.017745433,100,50,15,0.85,2210.8624803400003,0.021073837077251217
0.85,1425.4392,0.012544574,100,50,15,0.85,2210.8624803400003,0.021073837077251217
0.85,1354.8218,0.008948442,100,50,15,0.85,2210.8624803400003,0.021073837077251217
0.85,2141.9263,0.021015838,100,50,15,0.85,2210.8624803400003,0.021073837077251217
0.85,1403.5826,0.0120906755,100,50,15,0.85,2210.8624803400003,0.021073837077251217
0.85,2125.1614,0.020868968,100,50,15,0.85,2210.8624803400003,0.021073837077251217
0.85,1400.2637,0.01202175,100,50,15,0.85,2210.8624803400003,0.021073837077251217
0.85,2604.3384,0.025015956,100,50,15,0.85,2210.8624803400003,0.021073837077251217
0.85,1665.664,0.016329352,100,50,15,0.85,2210.8624803400003,0.021073837077251217
0.85,1285.9254,0.006795542,100,50,15,0.85,2210.8624803400003,0.021073837077251217
0.85,1361.2656,0.01067784,100,50,15,0.85,2210.8624803400003,0.021073837077251217
0.85,1959.9441,0.019411424,100,50,15,0.85,2210.8624803400003,0.021073837077251217
0.85,1665.6266,0.016346063,100,50,15,0.85,2210.8624803400003,0.021073837077251217
0.85,1809.8932,0.017995333,100,50,15,0.85,2210.8624803400003,0.021073837077251217
0.85,1453.5945,0.013129281,100,50,15,0.85,2210.8624803400003,0.021073837077251217
0.85,1324.7001,0.008793608,100,50,15,0.85,2210.8624803400003,0.021073837077251217
0.85,2793.312,0.026023077,100,50,15,0.85,2210.8624803400003,0.021073837077251217
0.85,2489.4993,0.024031537,100,50,15,0.85,2210.8624803400003,0.021073837077251217
0.85,2260.4402,0.022060562,100,50,15,0.85,2210.8624803400003,0.021073837077251217
0.85,2115.3528,0.019915374,100,50,15,0.85,2210.8624803400003,0.021073837077251217
0.85,1415.9684,0.012347892,100,50,15,0.85,2210.8624803400003,0.021073837077251217
0.85,1367.5016,0.010999178,100,50,15,0.85,2210.8624803400003,0.021073837077251217
0.85,1708.3448,0.016853096,100,50,15,0.85,2210.8624803400003,0.021073837077251217
0.85,1427.8494,0.012517737,100,50,15,0.85,2210.8624803400003,0.021073837077251217
0.85,3019.5906,0.027174057,100,50,15,0.85,2210.8624803400003,0.021073837077251217
0.85,2690.187,0.025497675,100,50,15,0.85,2210.8624803400003,0.021073837077251217
0.85,2679.7095,0.025444353,100,50,15,0.85,2210.8624803400003,0.021073837077251217
0.85,1758.753,0.017354358,100,50,15,0.85,2210.8624803400003,0.021073837077251217
0.85,1463.7942,0.013341102,100,50,15,0.85,2210.8624803400003,0.021073837077251217
0.85,1978.4478,0.019373735,100,50,15,0.85,2210.8624803400003,0.021073837077251217
0.85,1875.149,0.01862686,100,50,15,0.85,2210.8624803400003,0.021073837077251217
0.85,2291.448,0.022318082,100,50,15,0.85,2210.8624803400003,0.021073837077251217
0.85,2837.7878,0.02624995,100,50,15,0.85,2210.8624803400003,0.021073837077251217
0.85,2077.6978,0.018400947,100,50,15,0.85,2210.8624803400003,0.021073837077251217
0.85,2041.1823,0.020132154,100,50,15,0.85,2210.8624803400003,0.021073837077251217
0.85,2450.4338,0.023690043,100,50,15,0.85,2210.8624803400003,0.021073837077251217
0.85,2032.6597,0.020057203,100,50,15,0.85,2210.8624803400003,0.021073837077251217
0.85,1642.0165,0.016062569,100,50,15,0.85,2210.8624803400003,0.021073837077251217
0.85,1532.798,0.014506641,100,50,15,0.85,2210.8624803400003,0.021073837077251217
0.85,1488.1826,0.013847578,100,50,15,0.85,2210.8624803400003,0.021073837077251217
0.85,2101.6458,0.020662298,100,50,15,0.85,2210.8624803400003,0.021073837077251217
0.85,1823.8119,0.018164627,100,50,15,0.85,2210.8624803400003,0.021073837077251217
0.85,1744.2721,0.017231667,100,50,15,0.85,2210.8624803400003,0.021073837077251217
0.85,1560.9904,0.014955086,100,50,15,0.85,2210.8624803400003,0.021073837077251217
0.85,1720.6963,0.016986504,100,50,15,0.85,2210.8624803400003,0.021073837077251217
0.85,1963.7024,0.01924229,100,50,15,0.85,2210.8624803400003,0.021073837077251217
0.85,2534.009,0.024424866,100,50,15,0.85,2210.8624803400003,0.021073837077251217
0.85,2125.4475,0.020871088,100,50,15,0.85,2210.8624803400003,0.021073837077251217
0.85,1730.149,0.01708445,100,50,15,0.85,2210.8624803400003,0.021073837077251217
0.85,2312.2378,0.022511186,100,50,15,0.85,2210.8624803400003,0.021073837077251217
0.85,2544.7073,0.024516257,100,50,15,0.85,2210.8624803400003,0.021073837077251217
0.85,2651.4028,0.025299925,100,50,15,0.85,2210.8624803400003,0.021073837077251217
0.85,1918.4435,0.01901057,100,50,15,0.85,2210.8624803400003,0.021073837077251217
0.85,1262.1608,0.0040849964,100,50,15,0.85,2210.8624803400003,0.021073837077251217
0.85,1749.295,0.01728318,100,50,15,0.85,2210.8624803400003,0.021073837077251217
0.85,1639.5685,0.01602047,100,50,15,0.85,2210.8624803400003,0.021073837077251217
0.85,1521.7642,0.014408831,100,50,15,0.85,2210.8624803400003,0.021073837077251217
0.85,1593.4019,0.015405267,100,50,15,0.85,2210.8624803400003,0.021073837077251217
0.85,1459.0638,0.013242865,100,50,15,0.85,2210.8624803400003,0.021073837077251217
0.85,2260.5527,0.022061367,100,50,15,0.85,2210.8624803400003,0.021073837077251217
0.85,2590.999,0.024923414,100,50,15,0.85,2210.8624803400003,0.021073837077251217
0.85,2447.3438,0.023663258,100,50,15,0.85,2210.8624803400003,0.021073837077251217
0.85,2423.861,0.02344025,100,50,15,0.85,2210.8624803400003,0.021073837077251217
0.85,1574.9259,0.015165073,100,50,15,0.85,2210.8624803400003,0.021073837077251217
0.85,2648.2026,0.025283536,100,50,15,0.85,2210.8624803400003,0.021073837077251217
0.85,2465.199,0.023811996,100,50,15,0.85,2210.8624803400003,0.021073837077251217
0.85,2483.5542,0.023979042,100,50,15,0.85,2210.8624803400003,0.021073837077251217
0.85,1423.4943,0.012504183,100,50,15,0.85,2210.8624803400003,0.021073837077251217
0.85,1261.7915,0.004015571,100,50,15,0.85,2210.8624803400003,0.021073837077251217
0.85,2558.438,0.024637105,100,50,15,0.85,2210.8624803400003,0.021073837077251217
0.85,3018.1714,0.027171297,100,50,15,0.85,2210.8624803400003,0.021073837077251217
0.85,1308.6655,0.007967345,100,50,15,0.85,2210.8624803400003,0.021073837077251217
0.85,1738.85,0.01717332,100,50,15,0.85,2210.8624803400003,0.021073837077251217
0.85,2750.975,0.025807267,100,50,15,0.85,2210.8624803400003,0.021073837077251217
0.85,1872.1394,0.018599547,100,50,15,0.85,2210.8624803400003,0.021073837077251217
0.85,1713.722,0.01683172,100,50,15,0.85,2210.8624803400003,0.021073837077251217
0.85,1547.1085,0.014746324,100,50,15,0.85,2210.8624803400003,0.021073837077251217
0.85,1585.8881,0.015330207,100,50,15,0.85,2210.8624803400003,0.021073837077251217
0.85,1613.9591,0.015748084,100,50,15,0.85,2210.8624803400003,0.021073837077251217
0.85,2237.5488,0.018115338,100,50,15,0.85,2210.8624803400003,0.021073837077251217
0.85,1341.0326,0.009635227,100,50,15,0.85,2210.8624803400003,0.021073837077251217
0.85,1999.4861,0.019762075,100,50,15,0.85,2210.8624803400003,0.021073837077251217
0.85,2038.6017,0.0201093,100,50,15,0.85,2210.8624803400003,0.021073837077251217
0.85,1784.1754,0.017666895,100,50,15,0.85,2210.8624803400003,0.021073837077251217
0.85,1622.6445,0.015812473,100,50,15,0.85,2210.8624803400003,0.021073837077251217
0.85,1311.691,0.008123248,100,50,15,0.85,2210.8624803400003,0.021073837077251217
0.85,2715.2014,0.0256232,100,50,15,0.85,2210.8624803400003,0.021073837077251217
0.85,1554.7651,0.014918687,100,50,15,0.85,2210.8624803400003,0.021073837077251217
0.85,1923.4825,0.019054836,100,50,15,0.85,2210.8624803400003,0.021073837077251217
0.85,1987.7634,0.0196584,100,50,15,0.85,2210.8624803400003,0.021073837077251217
0.85,2417.2043,0.023402452,100,50,15,0.85,2210.8624803400003,0.021073837077251217
0.85,2708.2136,0.025588756,100,50,15,0.85,2210.8624803400003,0.021073837077251217
0.85,2320.3787,0.02258214,100,50,15,0.85,2210.8624803400003,0.021073837077251217
0.85,2509.1978,0.024204157,100,50,15,0.85,2210.8624803400003,0.021073837077251217
0.85,1682.5851,0.016559238,100,50,15,0.85,2210.8624803400003,0.021073837077251217
0.85,1893.8773,0.018791847,100,50,15,0.85,2210.8624803400003,0.021073837077251217
0.85,1449.2709,0.013039493,100,50,15,0.85,2210.8624803400003,0.021073837077251217
0.85,2869.3567,0.026411176,100,50,15,0.85,2210.8624803400003,0.021073837077251217
0.85,2255.369,0.022016725,100,50,15,0.85,2210.8624803400003,0.021073837077251217
0.85,2871.5168,0.026423233,100,50,15,0.85,2210.8624803400003,0.021073837077251217
0.85,2559.6152,0.02339214,100,50,15,0.85,2210.8624803400003,0.021073837077251217
0.85,1834.3164,0.017379446,100,50,15,0.85,2210.8624803400003,0.021073837077251217
0.85,1396.5253,0.011941958,100,50,15,0.85,2210.8624803400003,0.021073837077251217
0.85,1618.8164,0.015796341,100,50,15,0.85,2210.8624803400003,0.021073837077251217
0.85,2033.2355,0.02006109,100,50,15,0.85,2210.8624803400003,0.021073837077251217
0.85,2674.7822,0.02524913,100,50,15,0.85,2210.8624803400003,0.021073837077251217
0.85,1605.9781,0.015633278,100,50,15,0.85,2210.8624803400003,0.021073837077251217
0.85,2322.9485,0.022604458,100,50,15,0.85,2210.8624803400003,0.021073837077251217
0.85,1864.0206,0.01852767,100,50,15,0.85,2210.8624803400003,0.021073837077251217
0.85,1660.0804,0.016287774,100,50,15,0.85,2210.8624803400003,0.021073837077251217
0.85,2368.676,0.022999646,100,50,15,0.85,2210.8624803400003,0.021073837077251217
0.85,1330.0813,0.009070903,100,50,15,0.85,2210.8624803400003,0.021073837077251217
0.85,1969.9609,0.019501362,100,50,15,0.85,2210.8624803400003,0.021073837077251217
0.85,1960.7793,0.019420123,100,50,15,0.85,2210.8624803400003,0.021073837077251217
0.85,1435.7543,0.0127587905,100,50,15,0.85,2210.8624803400003,0.021073837077251217
0.85,2325.1267,0.022609938,100,50,15,0.85,2210.8624803400003,0.021073837077251217
0.85,1929.8325,0.019111581,100,50,15,0.85,2210.8624803400003,0.021073837077251217
0.85,2689.5037,0.025493743,100,50,15,0.85,2210.8624803400003,0.021073837077251217
0.85,1652.3467,0.01619226,100,50,15,0.85,2210.8624803400003,0.021073837077251217
0.85,2891.118,0.026523422,100,50,15,0.85,2210.8624803400003,0.021073837077251217
0.85,1527.1545,0.01448213,100,50,15,0.85,2210.8624803400003,0.021073837077251217
0.85,2550.8306,0.02456942,100,50,15,0.85,2210.8624803400003,0.021073837077251217
0.85,1317.3077,0.008412678,100,50,15,0.85,2210.8624803400003,0.021073837077251217
0.85,2621.5679,0.025132101,100,50,15,0.85,2210.8624803400003,0.021073837077251217
0.85,2162.0918,0.021192305,100,50,15,0.85,2210.8624803400003,0.021073837077251217
0.85,1275.1539,0.006239634,100,50,15,0.85,2210.8624803400003,0.021073837077251217
0.85,2446.723,0.02364203,100,50,15,0.85,2210.8624803400003,0.021073837077251217
0.85,1743.2875,0.01722232,100,50,15,0.85,2210.8624803400003,0.021073837077251217
0.85,2513.537,0.024242008,100,50,15,0.85,2210.8624803400003,0.021073837077251217
0.85,2499.249,0.02411661,100,50,15,0.85,2210.8624803400003,0.021073837077251217
0.85,2071.2156,0.02039585,100,50,15,0.85,2210.8624803400003,0.021073837077251217
0.85,1652.1671,0.016190207,100,50,15,0.85,2210.8624803400003,0.021073837077251217
0.85,2340.818,0.022759134,100,50,15,0.85,2210.8624803400003,0.021073837077251217
0.85,1456.8655,0.0131972125,100,50,15,0.85,2210.8624803400003,0.021073837077251217
0.85,1362.8705,0.010760539,100,50,15,0.85,2210.8624803400003,0.021073837077251217
0.85,1727.6876,0.01705928,100,50,15,0.85,2210.8624803400003,0.021073837077251217
0.85,2072.8176,0.020409888,100,50,15,0.85,2210.8624803400003,0.021073837077251217
0.85,1636.0259,0.015982635,100,50,15,0.85,2210.8624803400003,0.021073837077251217
0.85,1651.3181,0.016179115,100,50,15,0.85,2210.8624803400003,0.021073837077251217
0.85,2098.8306,0.020637732,100,50,15,0.85,2210.8624803400003,0.021073837077251217
0.85,1330.8129,0.009108599,100,50,15,0.85,2210.8624803400003,0.021073837077251217
0.85,1292.4319,0.0071308217,100,50,15,0.85,2210.8624803400003,0.021073837077251217
0.85,1622.442,0.01583351,100,50,15,0.85,2210.8624803400003,0.021073837077251217
0.85,2490.053,0.024036137,100,50,15,0.85,2210.8624803400003,0.021073837077251217
0.85,1990.3096,0.017463436,100,50,15,0.85,2210.8624803400003,0.021073837077251217
0.85,1346.5375,0.009918893,100,50,15,0.85,2210.8624803400003,0.021073837077251217
0.85,2255.5613,0.022018358,100,50,15,0.85,2210.8624803400003,0.021073837077251217
0.85,1978.1089,0.018721133,100,50,15,0.85,2210.8624803400003,0.021073837077251217
0.85,2426.0005,0.023478603,100,50,15,0.85,2210.8624803400003,0.021073837077251217
0.85,2132.4092,0.020932417,100,50,15,0.85,2210.8624803400003,0.021073837077251217
0.85,1661.749,0.016311036,100,50,15,0.85,2210.8624803400003,0.021073837077251217
0.85,2118.4875,0.020810394,100,50,15,0.85,2210.8624803400003,0.021073837077251217
0.85,2632.4128,0.025195235,100,50,15,0.85,2210.8624803400003,0.021073837077251217
0.85,2700.7615,0.025551206,100,50,15,0.85,2210.8624803400003,0.021073837077251217
0.85,1962.3875,0.019434871,100,50,15,0.85,2210.8624803400003,0.021073837077251217
0.85,1776.448,0.017596224,100,50,15,0.85,2210.8624803400003,0.021073837077251217
0.85,2256.3462,0.022025133,100,50,15,0.85,2210.8624803400003,0.021073837077251217
0.85,2344.872,0.022794314,100,50,15,0.85,2210.8624803400003,0.021073837077251217
0.85,2095.4465,0.02060845,100,50,15,0.85,2210.8624803400003,0.021073837077251217
0.85,1511.1447,0.014180571,100,50,15,0.85,2210.8624803400003,0.021073837077251217
0.85,2043.3701,0.019572714,100,50,15,0.85,2210.8624803400003,0.021073837077251217
0.85,2121.4019,0.020835884,100,50,15,0.85,2210.8624803400003,0.021073837077251217
0.85,1988.318,0.019663611,100,50,15,0.85,2210.8624803400003,0.021073837077251217
0.85,2201.029,0.02153338,100,50,15,0.85,2210.8624803400003,0.021073837077251217
0.85,2473.808,0.023879036,100,50,15,0.85,2210.8624803400003,0.021073837077251217
0.85,1791.4308,0.017770061,100,50,15,0.85,2210.8624803400003,0.021073837077251217
0.85,2630.8877,0.02518649,100,50,15,0.85,2210.8624803400003,0.021073837077251217
0.85,1941.3304,0.0192492,100,50,15,0.85,2210.8624803400003,0.021073837077251217
0.85,1994.0854,0.019586138,100,50,15,0.85,2210.8624803400003,0.021073837077251217
0.85,2571.9463,0.024755802,100,50,15,0.85,2210.8624803400003,0.021073837077251217
0.85,1373.0995,0.011287639,100,50,15,0.85,2210.8624803400003,0.021073837077251217
0.85,2369.4312,0.02300592,100,50,15,0.85,2210.8624803400003,0.021073837077251217
0.85,2718.981,0.025644053,100,50,15,0.85,2210.8624803400003,0.021073837077251217
0.85,2382.8203,0.02169484,100,50,15,0.85,2210.8624803400003,0.021073837077251217
0.85,2362.5808,0.022946807,100,50,15,0.85,2210.8624803400003,0.021073837077251217
0.85,1617.4227,0.015783818,100,50,15,0.85,2210.8624803400003,0.021073837077251217
0.85,1288.7078,0.006938919,100,50,15,0.85,2210.8624803400003,0.021073837077251217
0.85,1547.377,0.014752063,100,50,15,0.85,2210.8624803400003,0.021073837077251217
0.85,2656.0408,0.025322502,100,50,15,0.85,2210.8624803400003,0.021073837077251217
0.85,1286.3618,0.006818032,100,50,15,0.85,2210.8624803400003,0.021073837077251217
0.85,2259.5469,0.022039637,100,50,15,0.85,2210.8624803400003,0.021073837077251217
0.85,1638.5472,0.015972173,100,50,15,0.85,2210.8624803400003,0.021073837077251217
0.85,1638.4125,0.015970537,100,50,15,0.85,2210.8624803400003,0.021073837077251217
0.85,2035.4418,0.020056762,100,50,15,0.85,2210.8624803400003,0.021073837077251217
0.85,1978.8368,0.019546624,100,50,15,0.85,2210.8624803400003,0.021073837077251217
0.85,1524.5519,0.014293049,100,50,15,0.85,2210.8624803400003,0.021073837077251217
0.85,1722.6074,0.016850878,100,50,15,0.85,2210.8624803400003,0.021073837077251217
0.85,1850.327,0.018292934,100,50,15,0.85,2210.8624803400003,0.021073837077251217
0.85,1282.0902,0.006597871,100,50,15,0.85,2210.8624803400003,0.021073837077251217
0.85,1409.2164,0.010179393,100,50,15,0.85,2210.8624803400003,0.021073837077251217
0.85,2538.1104,0.024458675,100,50,15,0.85,2210.8624803400003,0.021073837077251217
0.85,3014.6243,0.027164398,100,50,15,0.85,2210.8624803400003,0.021073837077251217
0.85,2843.8875,0.026158484,100,50,15,0.85,2210.8624803400003,0.021073837077251217
0.85,1751.5375,0.017287787,100,50,15,0.85,2210.8624803400003,0.021073837077251217
0.85,1421.0312,0.012453034,100,50,15,0.85,2210.8624803400003,0.021073837077251217
0.85,1911.6255,0.018949894,100,50,15,0.85,2210.8624803400003,0.021073837077251217
0.85,2013.1661,0.019882722,100,50,15,0.85,2210.8624803400003,0.021073837077251217
0.85,2535.8794,0.024403261,100,50,15,0.85,2210.8624803400003,0.021073837077251217
0.85,1365.0632,0.010873532,100,50,15,0.85,2210.8624803400003,0.021073837077251217
0.85,1937.0446,0.01917712,100,50,15,0.85,2210.8624803400003,0.021073837077251217
0.85,1663.9332,0.016346224,100,50,15,0.85,2210.8624803400003,0.021073837077251217
0.85,1316.7303,0.0055402936,100,50,15,0.85,2210.8624803400003,0.021073837077251217
0.85,2379.6797,0.023095362,100,50,15,0.85,2210.8624803400003,0.021073837077251217
0.85,2687.5107,0.025252366,100,50,15,0.85,2210.8624803400003,0.021073837077251217
0.85,2392.171,0.023200136,100,50,15,0.85,2210.8624803400003,0.021073837077251217
0.85,2724.2532,0.025671566,100,50,15,0.85,2210.8624803400003,0.021073837077251217
0.85,2315.9995,0.02254442,100,50,15,0.85,2210.8624803400003,0.021073837077251217
0.85,1511.1978,0.014236331,100,50,15,0.85,2210.8624803400003,0.021073837077251217
0.85,1669.5822,0.016351428,100,50,15,0.85,2210.8624803400003,0.021073837077251217
0.85,1603.37,0.015593705,100,50,15,0.85,2210.8624803400003,0.021073837077251217
0.85,1391.7958,0.011845896,100,50,15,0.85,2210.8624803400003,0.021073837077251217
0.85,1833.4287,0.018257663,100,50,15,0.85,2210.8624803400003,0.021073837077251217
0.85,1286.624,0.006787303,100,50,15,0.85,2210.8624803400003,0.021073837077251217
0.85,1483.9915,0.013760542,100,50,15,0.85,2210.8624803400003,0.021073837077251217
0.85,2079.9292,0.020470768,100,50,15,0.85,2210.8624803400003,0.021073837077251217
0.85,2462.255,0.023793248,100,50,15,0.85,2210.8624803400003,0.021073837077251217
0.85,1341.6501,0.008329316,100,50,15,0.85,2210.8624803400003,0.021073837077251217
0.85,1901.2623,0.018855406,100,50,15,0.85,2210.8624803400003,0.021073837077251217
0.85,1736.6245,0.017144674,100,50,15,0.85,2210.8624803400003,0.021073837077251217
0.85,1871.5778,0.018639658,100,50,15,0.85,2210.8624803400003,0.021073837077251217
0.85,2008.0591,0.019327495,100,50,15,0.85,2210.8624803400003,0.021073837077251217
0.85,2494.3953,0.024073884,100,50,15,0.85,2210.8624803400003,0.021073837077251217
0.85,2598.304,0.024973817,100,50,15,0.85,2210.8624803400003,0.021073837077251217
0.85,2315.389,0.022537783,100,50,15,0.85,2210.8624803400003,0.021073837077251217
0.85,2465.815,0.023825895,100,50,15,0.85,2210.8624803400003,0.021073837077251217
0.85,1763.151,0.017382147,100,50,15,0.85,2210.8624803400003,0.021073837077251217
0.85,2083.6118,0.020503879,100,50,15,0.85,2210.8624803400003,0.021073837077251217
0.85,1351.5573,0.010177561,100,50,15,0.85,2210.8624803400003,0.021073837077251217
0.85,2071.3193,0.020396082,100,50,15,0.85,2210.8624803400003,0.021073837077251217
0.85,1282.0721,0.0065969415,100,50,15,0.85,2210.8624803400003,0.021073837077251217
0.85,1508.0122,0.014184325,100,50,15,0.85,2210.8624803400003,0.021073837077251217
0.85,1645.1218,0.01610224,100,50,15,0.85,2210.8624803400003,0.021073837077251217
0.85,1865.2094,0.018537918,100,50,15,0.85,2210.8624803400003,0.021073837077251217
0.85,2449.7734,0.023691121,100,50,15,0.85,2210.8624803400003,0.021073837077251217
0.85,1899.3708,0.018839698,100,50,15,0.85,2210.8624803400003,0.021073837077251217
0.85,2650.985,0.025297226,100,50,15,0.85,2210.8624803400003,0.021073837077251217
0.85,1361.5592,0.010692966,100,50,15,0.85,2210.8624803400003,0.021073837077251217
0.85,1602.2788,0.015576708,100,50,15,0.85,2210.8624803400003,0.021073837077251217
0.85,2342.6816,0.022777246,100,50,15,0.85,2210.8624803400003,0.021073837077251217
0.85,1367.9854,0.01102411,100,50,15,0.85,2210.8624803400003,0.021073837077251217
0.85,2820.7224,0.026163394,100,50,15,0.85,2210.8624803400003,0.021073837077251217
0.85,2108.723,0.020723905,100,50,15,0.85,2210.8624803400003,0.021073837077251217
0.85,2475.9006,0.023902722,100,50,15,0.85,2210.8624803400003,0.021073837077251217
0.85,1328.3986,0.008984193,100,50,15,0.85,2210.8624803400003,0.021073837077251217
0.85,2519.1343,0.02429071,100,50,15,0.85,2210.8624803400003,0.021073837077251217
0.85,2654.2249,0.025313698,100,50,15,0.85,2210.8624803400003,0.021073837077251217
0.85,1485.3121,0.013564777,100,50,15,0.85,2210.8624803400003,0.021073837077251217
0.85,2267.5332,0.022122104,100,50,15,0.85,2210.8624803400003,0.021073837077251217
0.85,1738.5769,0.017173987,100,50,15,0.85,2210.8624803400003,0.021073837077251217
0.85,1782.5308,0.01761606,100,50,15,0.85,2210.8624803400003,0.021073837077251217
0.85,1282.5851,0.006623412,100,50,15,0.85,2210.8624803400003,0.021073837077251217
0.85,1591.908,0.015420437,100,50,15,0.85,2210.8624803400003,0.021073837077251217
0.85,2162.5122,0.021199927,100,50,15,0.85,2210.8624803400003,0.021073837077251217
0.85,1783.5521,0.01765931,100,50,15,0.85,2210.8624803400003,0.021073837077251217
0.85,1689.467,0.016677078,100,50,15,0.85,2210.8624803400003,0.021073837077251217
0.85,2258.929,0.022046847,100,50,15,0.85,2210.8624803400003,0.021073837077251217
0.85,1514.6047,0.014109317,100,50,15,0.85,2210.8624803400003,0.021073837077251217
0.85,1855.376,0.018451829,100,50,15,0.85,2210.8624803400003,0.021073837077251217
0.85,1266.2904,0.0048613087,100,50,15,0.85,2210.8624803400003,0.021073837077251217
0.85,1888.1239,0.018740984,100,50,15,0.85,2210.8624803400003,0.021073837077251217
0.85,1859.046,0.01848472,100,50,15,0.85,2210.8624803400003,0.021073837077251217
0.85,2632.6533,0.025196312,100,50,15,0.85,2210.8624803400003,0.021073837077251217
0.85,1648.8367,0.016150495,100,50,15,0.85,2210.8624803400003,0.021073837077251217
0.85,1451.2562,0.013080722,100,50,15,0.85,2210.8624803400003,0.021073837077251217
0.85,2017.9191,0.019924311,100,50,15,0.85,2210.8624803400003,0.021073837077251217
0.85,2416.2258,0.023395786,100,50,15,0.85,2210.8624803400003,0.021073837077251217
0.85,2021.0494,0.01995188,100,50,15,0.85,2210.8624803400003,0.021073837077251217
0.85,1349.8208,0.010088085,100,50,15,0.85,2210.8624803400003,0.021073837077251217
0.85,2167.4116,0.021237269,100,50,15,0.85,2210.8624803400003,0.021073837077251217
0.85,1876.3966,0.018660529,100,50,15,0.85,2210.8624803400003,0.021073837077251217
0.85,2603.648,0.025011322,100,50,15,0.85,2210.8624803400003,0.021073837077251217
0.85,2725.258,0.025676347,100,50,15,0.85,2210.8624803400003,0.021073837077251217
0.85,2419.3926,0.02338974,100,50,15,0.85,2210.8624803400003,0.021073837077251217
0.85,1338.3796,0.009498515,100,50,15,0.85,2210.8624803400003,0.021073837077251217
0.85,2154.8708,0.021133605,100,50,15,0.85,2210.8624803400003,0.021073837077251217
0.85,1365.3732,0.008927571,100,50,15,0.85,2210.8624803400003,0.021073837077251217
0.85,2791.31,0.026013488,100,50,15,0.85,2210.8624803400003,0.021073837077251217
0.85,1526.9319,0.014493196,100,50,15,0.85,2210.8624803400003,0.021073837077251217
0.85,2497.4712,0.024101019,100,50,15,0.85,2210.8624803400003,0.021073837077251217
0.85,2200.2659,0.021533392,100,50,15,0.85,2210.8624803400003,0.021073837077251217
0.85,1688.2505,0.016628066,100,50,15,0.85,2210.8624803400003,0.021073837077251217
0.85,1299.6803,0.007504331,100,50,15,0.85,2210.8624803400003,0.021073837077251217
0.85,1483.0603,0.013741204,100,50,15,0.85,2210.8624803400003,0.021073837077251217
0.85,1854.2687,0.018442834,100,50,15,0.85,2210.8624803400003,0.021073837077251217
0.85,2524.0715,0.024334656,100,50,15,0.85,2210.8624803400003,0.021073837077251217
0.85,1558.9569,0.014924685,100,50,15,0.85,2210.8624803400003,0.021073837077251217
0.85,1888.793,0.018724903,100,50,15,0.85,2210.8624803400003,0.021073837077251217
0.85,2432.4287,0.02353221,100,50,15,0.85,2210.8624803400003,0.021073837077251217
0.85,1308.4253,0.007954962,100,50,15,0.85,2210.8624803400003,0.021073837077251217
0.85,2144.153,0.021034261,100,50,15,0.85,2210.8624803400003,0.021073837077251217
0.85,1578.5,0.015219952,100,50,15,0.85,2210.8624803400003,0.021073837077251217
0.85,2299.2493,0.022399882,100,50,15,0.85,2210.8624803400003,0.021073837077251217
0.85,1392.2269,0.011133814,100,50,15,0.85,2210.8624803400003,0.021073837077251217
0.85,2106.2844,0.020702425,100,50,15,0.85,2210.8624803400003,0.021073837077251217
0.85,2234.3823,0.021834012,100,50,15,0.85,2210.8624803400003,0.021073837077251217
0.85,1679.9896,0.016557567,100,50,15,0.85,2210.8624803400003,0.021073837077251217
0.85,1797.0824,0.01776578,100,50,15,0.85,2210.8624803400003,0.021073837077251217
0.85,1385.3816,0.01171269,100,50,15,0.85,2210.8624803400003,0.021073837077251217
0.85,1941.7566,0.019254403,100,50,15,0.85,2210.8624803400003,0.021073837077251217
0.85,1468.6233,0.0134413885,100,50,15,0.85,2210.8624803400003,0.021073837077251217
0.85,1679.0693,0.016547963,100,50,15,0.85,2210.8624803400003,0.021073837077251217
0.85,1628.8625,0.015901852,100,50,15,0.85,2210.8624803400003,0.021073837077251217
0.85,2381.7175,0.023115635,100,50,15,0.85,2210.8624803400003,0.021073837077251217
0.85,2267.0996,0.022118282,100,50,15,0.85,2210.8624803400003,0.021073837077251217
0.85,1393.6304,0.011883994,100,50,15,0.85,2210.8624803400003,0.021073837077251217
0.85,3020.3857,0.027175605,100,50,15,0.85,2210.8624803400003,0.021073837077251217
0.85,1436.4673,0.012773597,100,50,15,0.85,2210.8624803400003,0.021073837077251217
0.85,1630.1812,0.015915144,100,50,15,0.85,2210.8624803400003,0.021073837077251217
0.85,1742.1597,0.0172016,100,50,15,0.85,2210.8624803400003,0.021073837077251217
0.85,1619.7119,0.0153385755,100,50,15,0.85,2210.8624803400003,0.021073837077251217
0.85,1846.3492,0.018274805,100,50,15,0.85,2210.8624803400003,0.021073837077251217
0.85,1442.767,0.012792347,100,50,15,0.85,2210.8624803400003,0.021073837077251217
0.85,2560.7087,0.02465725,100,50,15,0.85,2210.8624803400003,0.021073837077251217
0.85,1912.1747,0.018953755,100,50,15,0.85,2210.8624803400003,0.021073837077251217
0.85,2224.5537,0.021747565,100,50,15,0.85,2210.8624803400003,0.021073837077251217
0.85,1669.7455,0.016424408,100,50,15,0.85,2210.8624803400003,0.021073837077251217
0.85,1562.9501,0.014984306,100,50,15,0.85,2210.8624803400003,0.021073837077251217
0.85,1743.117,0.017210582,100,50,15,0.85,2210.8624803400003,0.021073837077251217
0.85,1698.0403,0.016781675,100,50,15,0.85,2210.8624803400003,0.021073837077251217
0.85,1563.53,0.014993025,100,50,15,0.85,2210.8624803400003,0.021073837077251217
0.85,2237.6614,0.02186223,100,50,15,0.85,2210.8624803400003,0.021073837077251217
0.85,1430.1582,0.012642575,100,50,15,0.85,2210.8624803400003,0.021073837077251217
0.85,1804.8917,0.017951744,100,50,15,0.85,2210.8624803400003,0.021073837077251217
0.85,1364.6584,0.0108526675,100,50,15,0.85,2210.8624803400003,0.021073837077251217
0.85,1990.6598,0.01968475,100,50,15,0.85,2210.8624803400003,0.021073837077251217
0.85,1281.4924,0.0065670027,100,50,15,0.85,2210.8624803400003,0.021073837077251217
0.85,1837.7094,0.018295381,100,50,15,0.85,2210.8624803400003,0.021073837077251217
0.85,1292.4034,0.0071293553,100,50,15,0.85,2210.8624803400003,0.021073837077251217
0.85,2316.0461,0.022546168,100,50,15,0.85,2210.8624803400003,0.021073837077251217
0.85,1438.759,0.01282119,100,50,15,0.85,2210.8624803400003,0.021073837077251217
0.85,1311.2297,0.007538866,100,50,15,0.85,2210.8624803400003,0.021073837077251217
0.85,1509.6603,0.014211231,100,50,15,0.85,2210.8624803400003,0.021073837077251217
0.85,2215.7585,0.021670798,100,50,15,0.85,2210.8624803400003,0.021073837077251217
0.85,2002.5237,0.019789116,100,50,15,0.85,2210.8624803400003,0.021073837077251217
0.85,1311.4799,0.008112367,100,50,15,0.85,2210.8624803400003,0.021073837077251217
0.85,1627.854,0.015892003,100,50,15,0.85,2210.8624803400003,0.021073837077251217
0.85,2296.7463,0.02236982,100,50,15,0.85,2210.8624803400003,0.021073837077251217
0.85,1651.9894,0.016191276,100,50,15,0.85,2210.8624803400003,0.021073837077251217
0.85,1560.5312,0.014956082,100,50,15,0.85,2210.8624803400003,0.021073837077251217
0.85,1348.2358,0.010006407,100,50,15,0.85,2210.8624803400003,0.021073837077251217
0.85,1824.2487,0.018176537,100,50,15,0.85,2210.8624803400003,0.021073837077251217
0.85,1728.6082,0.017082434,100,50,15,0.85,2210.8624803400003,0.021073837077251217
0.85,1492.6367,0.013704709,100,50,15,0.85,2210.8624803400003,0.021073837077251217
0.85,1992.8766,0.01970449,100,50,15,0.85,2210.8624803400003,0.021073837077251217
0.85,1741.7482,0.017196951,100,50,15,0.85,2210.8624803400003,0.021073837077251217
0.85,1716.9735,0.016973844,100,50,15,0.85,2210.8624803400003,0.021073837077251217
0.85,2461.051,0.023782935,100,50,15,0.85,2210.8624803400003,0.021073837077251217
0.85,1877.9777,0.018650109,100,50,15,0.85,2210.8624803400003,0.021073837077251217
0.85,2701.9246,0.025557637,100,50,15,0.85,2210.8624803400003,0.021073837077251217
0.85,2060.7166,0.020301698,100,50,15,0.85,2210.8624803400003,0.021073837077251217
0.85,2280.874,0.022226874,100,50,15,0.85,2210.8624803400003,0.021073837077251217
0.85,2781.2803,0.02596251,100,50,15,0.85,2210.8624803400003,0.021073837077251217
0.85,1309.0039,0.0068711042,100,50,15,0.85,2210.8624803400003,0.021073837077251217
0.85,2440.5603,0.023587596,100,50,15,0.85,2210.8624803400003,0.021073837077251217
0.85,1982.7417,0.01820522,100,50,15,0.85,2210.8624803400003,0.021073837077251217
0.85,1916.3971,0.019032037,100,50,15,0.85,2210.8624803400003,0.021073837077251217
0.85,1454.187,0.0131415855,100,50,15,0.85,2210.8624803400003,0.021073837077251217
0.85,1390.0043,0.01180869,100,50,15,0.85,2210.8624803400003,0.021073837077251217
0.85,1532.7926,0.01151121,100,50,15,0.85,2210.8624803400003,0.021073837077251217
0.85,2613.7507,0.025079627,100,50,15,0.85,2210.8624803400003,0.021073837077251217
0.85,2881.6309,0.02647589,100,50,15,0.85,2210.8624803400003,0.021073837077251217
0.85,1663.8574,0.016353734,100,50,15,0.85,2210.8624803400003,0.021073837077251217
0.85,2241.9226,0.021898689,100,50,15,0.85,2210.8624803400003,0.021073837077251217
0.85,2533.713,0.02441913,100,50,15,0.85,2210.8624803400003,0.021073837077251217
0.85,1973.7007,0.019405374,100,50,15,0.85,2210.8624803400003,0.021073837077251217
0.85,1454.4092,0.009931155,100,50,15,0.85,2210.8624803400003,0.021073837077251217
0.85,1510.6516,0.014160622,100,50,15,0.85,2210.8624803400003,0.021073837077251217
0.85,2867.7656,0.026404627,100,50,15,0.85,2210.8624803400003,0.021073837077251217
0.85,1529.458,0.014534435,100,50,15,0.85,2210.8624803400003,0.021073837077251217
0.85,2894.225,0.026518136,100,50,15,0.85,2210.8624803400003,0.021073837077251217
0.85,2444.8203,0.023160234,100,50,15,0.85,2210.8624803400003,0.021073837077251217
0.85,1646.1936,0.013724082,100,50,15,0.85,2210.8624803400003,0.021073837077251217
0.85,2812.5613,0.026121052,100,50,15,0.85,2210.8624803400003,0.021073837077251217
0.85,2152.0508,0.021104513,100,50,15,0.85,2210.8624803400003,0.021073837077251217
0.85,2575.0361,0.024791414,100,50,15,0.85,2210.8624803400003,0.021073837077251217
0.85,2612.5566,0.025071878,100,50,15,0.85,2210.8624803400003,0.021073837077251217
0.85,2263.64,0.022086866,100,50,15,0.85,2210.8624803400003,0.021073837077251217
0.85,1822.8967,0.018162007,100,50,15,0.85,2210.8624803400003,0.021073837077251217
0.85,2341.8264,0.02128735,100,50,15,0.85,2210.8624803400003,0.021073837077251217
0.85,2116.981,0.02079592,100,50,15,0.85,2210.8624803400003,0.021073837077251217
0.85,1640.8623,0.016050978,100,50,15,0.85,2210.8624803400003,0.021073837077251217
0.85,1394.8741,0.011909825,100,50,15,0.85,2210.8624803400003,0.021073837077251217
0.85,1790.4553,0.017761458,100,50,15,0.85,2210.8624803400003,0.021073837077251217
0.85,1912.5748,0.018962178,100,50,15,0.85,2210.8624803400003,0.021073837077251217
0.85,1736.9655,0.017152641,100,50,15,0.85,2210.8624803400003,0.021073837077251217
0.85,1552.7014,0.014905344,100,50,15,0.85,2210.8624803400003,0.021073837077251217
0.85,1857.2621,0.01846579,100,50,15,0.85,2210.8624803400003,0.021073837077251217
0.85,2034.288,0.020068437,100,50,15,0.85,2210.8624803400003,0.021073837077251217
0.85,1811.2739,0.0179638,100,50,15,0.85,2210.8624803400003,0.021073837077251217
0.85,1474.3093,0.013366628,100,50,15,0.85,2210.8624803400003,0.021073837077251217
0.85,1552.1344,0.014824152,100,50,15,0.85,2210.8624803400003,0.021073837077251217
0.85,2870.989,0.02642162,100,50,15,0.85,2210.8624803400003,0.021073837077251217
0.85,1488.1929,0.013847792,100,50,15,0.85,2210.8624803400003,0.021073837077251217
0.85,1631.9797,0.015935654,100,50,15,0.85,2210.8624803400003,0.021073837077251217
0.85,2451.4333,0.023697235,100,50,15,0.85,2210.8624803400003,0.021073837077251217
0.85,2310.1013,0.022491923,100,50,15,0.85,2210.8624803400003,0.021073837077251217
0.85,1373.0146,0.011283268,100,50,15,0.85,2210.8624803400003,0.021073837077251217
0.85,1438.8517,0.012718018,100,50,15,0.85,2210.8624803400003,0.021073837077251217
0.85,2347.703,0.022808174,100,50,15,0.85,2210.8624803400003,0.021073837077251217
0.85,1331.9474,0.009167064,100,50,15,0.85,2210.8624803400003,0.021073837077251217
0.85,1657.5126,0.016268585,100,50,15,0.85,2210.8624803400003,0.021073837077251217
0.85,1353.8239,0.009989537,100,50,15,0.85,2210.8624803400003,0.021073837077251217
0.85,1759.7947,0.017351624,100,50,15,0.85,2210.8624803400003,0.021073837077251217
0.85,1394.8987,0.011910335,100,50,15,0.85,2210.8624803400003,0.021073837077251217
0.85,2503.2275,0.024152968,100,50,15,0.85,2210.8624803400003,0.021073837077251217
0.85,1493.379,0.013945432,100,50,15,0.85,2210.8624803400003,0.021073837077251217
0.85,1293.8048,0.0072015664,100,50,15,0.85,2210.8624803400003,0.021073837077251217
0.85,1437.8103,0.012801489,100,50,15,0.85,2210.8624803400003,0.021073837077251217
0.85,3016.5566,0.027168157,100,50,15,0.85,2210.8624803400003,0.021073837077251217
0.85,2949.941,0.026487248,100,50,15,0.85,2210.8624803400003,0.021073837077251217
0.85,2011.8046,0.01986998,100,50,15,0.85,2210.8624803400003,0.021073837077251217
0.85,2804.761,0.02608304,100,50,15,0.85,2210.8624803400003,0.021073837077251217
0.85,3061.6853,0.024712289,100,50,15,0.85,2210.8624803400003,0.021073837077251217
0.85,2216.1675,0.021670844,100,50,15,0.85,2210.8624803400003,0.021073837077251217
0.85,2136.0312,0.020378511,100,50,15,0.85,2210.8624803400003,0.021073837077251217
0.85,2939.613,0.026778297,100,50,15,0.85,2210.8624803400003,0.021073837077251217
0.85,1662.2074,0.016328827,100,50,15,0.85,2210.8624803400003,0.021073837077251217
0.85,1733.035,0.017124137,100,50,15,0.85,2210.8624803400003,0.021073837077251217
0.85,2466.7783,0.023835285,100,50,15,0.85,2210.8624803400003,0.021073837077251217
0.85,1947.2843,0.01930092,100,50,15,0.85,2210.8624803400003,0.021073837077251217
0.85,1500.5468,0.013899676,100,50,15,0.85,2210.8624803400003,0.021073837077251217
0.85,1960.1205,0.019213803,100,50,15,0.85,2210.8624803400003,0.021073837077251217
0.85,1814.5682,0.018063303,100,50,15,0.85,2210.8624803400003,0.021073837077251217
0.85,1442.9221,0.012815881,100,50,15,0.85,2210.8624803400003,0.021073837077251217
0.85,2139.7324,0.020995907,100,50,15,0.85,2210.8624803400003,0.021073837077251217
0.85,1692.9965,0.016734608,100,50,15,0.85,2210.8624803400003,0.021073837077251217
0.85,1264.2572,0.004479098,100,50,15,0.85,2210.8624803400003,0.021073837077251217
0.85,2827.125,0.026197754,100,50,15,0.85,2210.8624803400003,0.021073837077251217
0.85,2461.6057,0.023790525,100,50,15,0.85,2210.8624803400003,0.021073837077251217
0.85,1337.9279,0.009475235,100,50,15,0.85,2210.8624803400003,0.021073837077251217
0.85,2922.1785,0.026683195,100,50,15,0.85,2210.8624803400003,0.021073837077251217
0.85,2577.1199,0.02480235,100,50,15,0.85,2210.8624803400003,0.021073837077251217
0.85,1647.1633,0.016132222,100,50,15,0.85,2210.8624803400003,0.021073837077251217
0.85,1930.0776,0.019148761,100,50,15,0.85,2210.8624803400003,0.021073837077251217
0.85,1431.6632,0.012670306,100,50,15,0.85,2210.8624803400003,0.021073837077251217
0.85,1690.555,0.01670193,100,50,15,0.85,2210.8624803400003,0.021073837077251217
0.85,1890.786,0.018763265,100,50,15,0.85,2210.8624803400003,0.021073837077251217
0.85,1726.4524,0.017065246,100,50,15,0.85,2210.8624803400003,0.021073837077251217
0.85,1536.198,0.014591658,100,50,15,0.85,2210.8624803400003,0.021073837077251217
0.85,1969.4681,0.019496506,100,50,15,0.85,2210.8624803400003,0.021073837077251217
0.85,1457.981,0.013220377,100,50,15,0.85,2210.8624803400003,0.021073837077251217
0.85,1393.6078,0.011883525,100,50,15,0.85,2210.8624803400003,0.021073837077251217
0.85,2351.0708,0.02284865,100,50,15,0.85,2210.8624803400003,0.021073837077251217
0.85,1459.5028,0.013065758,100,50,15,0.85,2210.8624803400003,0.021073837077251217
0.85,2863.7659,0.02638798,100,50,15,0.85,2210.8624803400003,0.021073837077251217
0.85,1870.8782,0.018585801,100,50,15,0.85,2210.8624803400003,0.021073837077251217
0.85,2417.81,0.023412053,100,50,15,0.85,2210.8624803400003,0.021073837077251217
0.85,2785.596,0.025987267,100,50,15,0.85,2210.8624803400003,0.021073837077251217
0.85,1258.1449,0.0033300628,100,50,15,0.85,2210.8624803400003,0.021073837077251217
0.85,2292.794,0.022341536,100,50,15,0.85,2210.8624803400003,0.021073837077251217
0.85,1870.5199,0.018582737,100,50,15,0.85,2210.8624803400003,0.021073837077251217
0.85,2350.6091,0.022844559,100,50,15,0.85,2210.8624803400003,0.021073837077251217
0.85,1426.0054,0.012556332,100,50,15,0.85,2210.8624803400003,0.021073837077251217
0.85,1943.1274,0.019264169,100,50,15,0.85,2210.8624803400003,0.021073837077251217
0.85,2938.7954,0.026777305,100,50,15,0.85,2210.8624803400003,0.021073837077251217
0.85,2512.6033,0.024235202,100,50,15,0.85,2210.8624803400003,0.021073837077251217
0.85,1474.0575,0.013554241,100,50,15,0.85,2210.8624803400003,0.021073837077251217
0.85,1346.5359,0.00991881,100,50,15,0.85,2210.8624803400003,0.021073837077251217
0.85,1808.7456,0.017988108,100,50,15,0.85,2210.8624803400003,0.021073837077251217
0.85,1759.0254,0.017403174,100,50,15,0.85,2210.8624803400003,0.021073837077251217
0.85,2666.6396,0.025379729,100,50,15,0.85,2210.8624803400003,0.021073837077251217
0.85,1272.4447,0.0060182256,100,50,15,0.85,2210.8624803400003,0.021073837077251217
0.85,1578.8801,0.015221252,100,50,15,0.85,2210.8624803400003,0.021073837077251217
0.85,2209.8677,0.021615414,100,50,15,0.85,2210.8624803400003,0.021073837077251217
0.85,1559.4116,0.014934581,100,50,15,0.85,2210.8624803400003,0.021073837077251217
0.85,1525.0908,0.01446314,100,50,15,0.85,2210.8624803400003,0.021073837077251217
0.85,2926.7893,0.026715195,100,50,15,0.85,2210.8624803400003,0.021073837077251217
0.85,1543.9537,0.014771083,100,50,15,0.85,2210.8624803400003,0.021073837077251217
0.85,2220.3118,0.021701848,100,50,15,0.85,2210.8624803400003,0.021073837077251217
0.85,2514.4126,0.024250904,100,50,15,0.85,2210.8624803400003,0.021073837077251217
0.85,1675.1108,0.01649844,100,50,15,0.85,2210.8624803400003,0.021073837077251217
0.85,2041.6738,0.020133343,100,50,15,0.85,2210.8624803400003,0.021073837077251217
0.85,2438.1785,0.023587707,100,50,15,0.85,2210.8624803400003,0.021073837077251217
0.85,1622.2245,0.015836777,100,50,15,0.85,2210.8624803400003,0.021073837077251217
0.85,1558.499,0.014921498,100,50,15,0.85,2210.8624803400003,0.021073837077251217
0.85,2293.1428,0.022344174,100,50,15,0.85,2210.8624803400003,0.021073837077251217
0.85,1780.2386,0.017689185,100,50,15,0.85,2210.8624803400003,0.021073837077251217
0.85,1439.4108,0.012834726,100,50,15,0.85,2210.8624803400003,0.021073837077251217
0.85,2463.1719,0.023803988,100,50,15,0.85,2210.8624803400003,0.021073837077251217
0.85,1977.8053,0.01956769,100,50,15,0.85,2210.8624803400003,0.021073837077251217
0.85,1880.371,0.018670503,100,50,15,0.85,2210.8624803400003,0.021073837077251217
0.85,1311.6359,0.008120405,100,50,15,0.85,2210.8624803400003,0.021073837077251217
0.85,2142.731,0.021021863,100,50,15,0.85,2210.8624803400003,0.021073837077251217
0.85,2743.4568,0.025628068,100,50,15,0.85,2210.8624803400003,0.021073837077251217
0.85,1661.7002,0.016322156,100,50,15,0.85,2210.8624803400003,0.021073837077251217
0.85,2870.44,0.026423922,100,50,15,0.85,2210.8624803400003,0.021073837077251217
0.85,1415.8541,0.01234552,100,50,15,0.85,2210.8624803400003,0.021073837077251217
0.85,2084.817,0.020513242,100,50,15,0.85,2210.8624803400003,0.021073837077251217
0.85,1517.074,0.014332262,100,50,15,0.85,2210.8624803400003,0.021073837077251217
0.85,2561.2131,0.024661496,100,50,15,0.85,2210.8624803400003,0.021073837077251217
0.85,1862.5961,0.017380575,100,50,15,0.85,2210.8624803400003,0.021073837077251217
0.85,1572.441,0.015000803,100,50,15,0.85,2210.8624803400003,0.021073837077251217
0.85,1626.42,0.015881548,100,50,15,0.85,2210.8624803400003,0.021073837077251217
0.85,2208.7847,0.021480003,100,50,15,0.85,2210.8624803400003,0.021073837077251217
0.85,2076.0928,0.020436836,100,50,15,0.85,2210.8624803400003,0.021073837077251217
0.85,3021.4138,0.027177606,100,50,15,0.85,2210.8624803400003,0.021073837077251217
0.85,1721.533,0.017020354,100,50,15,0.85,2210.8624803400003,0.021073837077251217
0.85,2465.5532,0.023825012,100,50,15,0.85,2210.8624803400003,0.021073837077251217
0.85,2852.3591,0.026329493,100,50,15,0.85,2210.8624803400003,0.021073837077251217
0.85,1401.9442,0.012047375,100,50,15,0.85,2210.8624803400003,0.021073837077251217
0.85,1757.8701,0.017413568,100,50,15,0.85,2210.8624803400003,0.021073837077251217
0.85,1914.1991,0.019010872,100,50,15,0.85,2210.8624803400003,0.021073837077251217
0.85,1779.8899,0.017675547,100,50,15,0.85,2210.8624803400003,0.021073837077251217
0.85,1264.3202,0.004490951,100,50,15,0.85,2210.8624803400003,0.021073837077251217
0.85,1396.6521,0.011945205,100,50,15,0.85,2210.8624803400003,0.021073837077251217
0.85,2453.6611,0.023722108,100,50,15,0.85,2210.8624803400003,0.021073837077251217
0.85,1585.1626,0.015319791,100,50,15,0.85,2210.8624803400003,0.021073837077251217
0.85,2162.1477,0.021192443,100,50,15,0.85,2210.8624803400003,0.021073837077251217
0.85,2050.6602,0.020212388,100,50,15,0.85,2210.8624803400003,0.021073837077251217
0.85,1610.0079,0.015029283,100,50,15,0.85,2210.8624803400003,0.021073837077251217
0.85,1677.4905,0.01652992,100,50,15,0.85,2210.8624803400003,0.021073837077251217
0.85,1317.912,0.008443816,100,50,15,0.85,2210.8624803400003,0.021073837077251217
0.85,2935.1729,0.026759887,100,50,15,0.85,2210.8624803400003,0.021073837077251217
0.85,1521.8419,0.014410099,100,50,15,0.85,2210.8624803400003,0.021073837077251217
0.85,1469.6287,0.013462266,100,50,15,0.85,2210.8624803400003,0.021073837077251217
0.85,2065.6829,0.020235807,100,50,15,0.85,2210.8624803400003,0.021073837077251217
0.85,1508.5504,0.014121029,100,50,15,0.85,2210.8624803400003,0.021073837077251217
0.85,2150.845,0.021093028,100,50,15,0.85,2210.8624803400003,0.021073837077251217
0.85,1441.5118,0.012878359,100,50,15,0.85,2210.8624803400003,0.021073837077251217
0.85,2617.96,0.025110163,100,50,15,0.85,2210.8624803400003,0.021073837077251217
0.85,2270.0344,0.022134634,100,50,15,0.85,2210.8624803400003,0.021073837077251217
0.85,1726.1545,0.017060518,100,50,15,0.85,2210.8624803400003,0.021073837077251217
0.85,1876.2242,0.018469298,100,50,15,0.85,2210.8624803400003,0.021073837077251217
0.85,1892.0568,0.018772682,100,50,15,0.85,2210.8624803400003,0.021073837077251217
0.85,1428.7274,0.012612823,100,50,15,0.85,2210.8624803400003,0.021073837077251217
0.85,2134.396,0.02094839,100,50,15,0.85,2210.8624803400003,0.021073837077251217
0.85,1884.064,0.018742088,100,50,15,0.85,2210.8624803400003,0.021073837077251217
0.85,1381.6741,0.0116356965,100,50,15,0.85,2210.8624803400003,0.021073837077251217
0.85,1305.4187,0.0076536783,100,50,15,0.85,2210.8624803400003,0.021073837077251217
0.85,1447.7838,0.012674867,100,50,15,0.85,2210.8624803400003,0.021073837077251217
0.85,2416.613,0.023377243,100,50,15,0.85,2210.8624803400003,0.021073837077251217
0.85,1592.0054,0.0154223675,100,50,15,0.85,2210.8624803400003,0.021073837077251217
0.85,2310.9326,0.022478169,100,50,15,0.85,2210.8624803400003,0.021073837077251217
0.85,2014.6549,0.019894594,100,50,15,0.85,2210.8624803400003,0.021073837077251217
0.85,1845.7692,0.01836308,100,50,15,0.85,2210.8624803400003,0.021073837077251217
0.85,2646.6453,0.025277901,100,50,15,0.85,2210.8624803400003,0.021073837077251217
0.85,2333.9097,0.022699116,100,50,15,0.85,2210.8624803400003,0.021073837077251217
0.85,1814.0073,0.017993577,100,50,15,0.85,2210.8624803400003,0.021073837077251217
0.85,2003.8499,0.019799178,100,50,15,0.85,2210.8624803400003,0.021073837077251217
0.85,2149.926,0.021084737,100,50,15,0.85,2210.8624803400003,0.021073837077251217
0.85,1604.0276,0.015602906,100,50,15,0.85,2210.8624803400003,0.021073837077251217
0.85,1398.2169,0.011975424,100,50,15,0.85,2210.8624803400003,0.021073837077251217
0.85,1484.62,0.013773594,100,50,15,0.85,2210.8624803400003,0.021073837077251217
0.85,1772.0536,0.017577333,100,50,15,0.85,2210.8624803400003,0.021073837077251217
0.85,1678.095,0.016538763,100,50,15,0.85,2210.8624803400003,0.021073837077251217
0.85,1853.7203,0.018433524,100,50,15,0.85,2210.8624803400003,0.021073837077251217
0.85,1790.8544,0.017761528,100,50,15,0.85,2210.8624803400003,0.021073837077251217
0.85,2225.1284,0.021749886,100,50,15,0.85,2210.8624803400003,0.021073837077251217
0.85,2068.967,0.02037378,100,50,15,0.85,2210.8624803400003,0.021073837077251217
0.85,1420.0997,0.012433689,100,50,15,0.85,2210.8624803400003,0.021073837077251217
0.85,1507.764,0.014180274,100,50,15,0.85,2210.8624803400003,0.021073837077251217
0.85,1344.9171,0.009835398,100,50,15,0.85,2210.8624803400003,0.021073837077251217
0.85,2096.1736,0.020612987,100,50,15,0.85,2210.8624803400003,0.021073837077251217
