growth_rate,cost,growth_cost,is_pareto,n_batch,n_start,n_candidates,init_growth_rate,init_cost
0.33987647,1446.7904,0.00023491756,False,100,50,15,0.8217947382570283,1239.59670934
0.04948786,1305.6538,3.790274e-05,False,100,50,15,0.8217947382570283,1239.59670934
0.123962015,1836.8481,6.748626e-05,False,100,50,15,0.8217947382570283,1239.59670934
0.07264305,914.7872,7.940978e-05,False,100,50,15,0.8217947382570283,1239.59670934
0.3616598,1399.8293,0.0002583599,False,100,50,15,0.8217947382570283,1239.59670934
0.29744983,1281.956,0.0002320281,False,100,50,15,0.8217947382570283,1239.59670934
0.5309463,1171.2246,0.00045332577,False,100,50,15,0.8217947382570283,1239.59670934
0.041089367,615.82526,6.6722445e-05,False,100,50,15,0.8217947382570283,1239.59670934
0.2176661,696.01556,0.00031273166,False,100,50,15,0.8217947382570283,1239.59670934
0.44983742,1226.6963,0.00036670643,False,100,50,15,0.8217947382570283,1239.59670934
0.78671813,547.97345,0.0014356866,False,100,50,15,0.8217947382570283,1239.59670934
0.0670646,734.9334,9.1252616e-05,False,100,50,15,0.8217947382570283,1239.59670934
0.45022342,1292.292,0.0003483914,False,100,50,15,0.8217947382570283,1239.59670934
0.5338152,2060.613,0.0002590565,False,100,50,15,0.8217947382570283,1239.59670934
0.16387181,1648.5686,9.940248e-05,False,100,50,15,0.8217947382570283,1239.59670934
0.28014633,481.1401,0.0005822552,False,100,50,15,0.8217947382570283,1239.59670934
0.37735578,1659.9774,0.00022732586,False,100,50,15,0.8217947382570283,1239.59670934
0.5016527,1740.106,0.0002882886,False,100,50,15,0.8217947382570283,1239.59670934
0.29004332,1131.298,0.00025638103,False,100,50,15,0.8217947382570283,1239.59670934
0.104474135,1088.4249,9.5986536e-05,False,100,50,15,0.8217947382570283,1239.59670934
0.18168014,1083.267,0.00016771503,False,100,50,15,0.8217947382570283,1239.59670934
0.09342635,607.05695,0.00015390046,False,100,50,15,0.8217947382570283,1239.59670934
0.067711264,1567.2999,4.3202494e-05,False,100,50,15,0.8217947382570283,1239.59670934
0.41414556,900.844,0.0004597306,False,100,50,15,0.8217947382570283,1239.59670934
0.5780741,1705.3181,0.00033898314,False,100,50,15,0.8217947382570283,1239.59670934
0.31258392,1406.8373,0.0002221891,False,100,50,15,0.8217947382570283,1239.59670934
0.29076472,377.10522,0.000771044,False,100,50,15,0.8217947382570283,1239.59670934
0.465659,1501.7927,0.00031006875,False,100,50,15,0.8217947382570283,1239.59670934
0.0623155,1264.166,4.9293765e-05,False,100,50,15,0.8217947382570283,1239.59670934
0.1356046,1781.0167,7.613887e-05,False,100,50,15,0.8217947382570283,1239.59670934
0.5069272,1616.0552,0.00031368187,False,100,50,15,0.8217947382570283,1239.59670934
0.5526769,449.70367,0.0012289803,False,100,50,15,0.8217947382570283,1239.59670934
0.4291724,951.59326,0.00045100402,False,100,50,15,0.8217947382570283,1239.59670934
0.13570909,809.7944,0.00016758463,False,100,50,15,0.8217947382570283,1239.59670934
0.11536687,1227.2527,9.400417e-05,False,100,50,15,0.8217947382570283,1239.59670934
0.1505067,959.32184,0.00015688865,False,100,50,15,0.8217947382570283,1239.59670934
0.32251403,870.8791,0.00037033157,False,100,50,15,0.8217947382570283,1239.59670934
0.39405409,1798.6675,0.00021908112,False,100,50,15,0.8217947382570283,1239.59670934
0.03996883,1152.6593,3.467532e-05,False,100,50,15,0.8217947382570283,1239.59670934
0.5147558,845.5577,0.0006087767,False,100,50,15,0.8217947382570283,1239.59670934
0.34633535,1619.4701,0.0002138572,False,100,50,15,0.8217947382570283,1239.59670934
0.70958054,1299.5204,0.0005460326,False,100,50,15,0.8217947382570283,1239.59670934
0.18623054,1627.3348,0.00011443898,False,100,50,15,0.8217947382570283,1239.59670934
0.3552123,1171.4812,0.0003032164,False,100,50,15,0.8217947382570283,1239.59670934
0.33797663,1194.1455,0.00028302803,False,100,50,15,0.8217947382570283,1239.59670934
0.3176395,628.2905,0.0005055615,False,100,50,15,0.8217947382570283,1239.59670934
0.15147105,787.14545,0.00019243083,False,100,50,15,0.8217947382570283,1239.59670934
0.4670393,1435.8235,0.00032527625,False,100,50,15,0.8217947382570283,1239.59670934
0.30169725,899.62305,0.00033535963,False,100,50,15,0.8217947382570283,1239.59670934
0.28594255,1370.645,0.00020861898,False,100,50,15,0.8217947382570283,1239.59670934
0.0,233.6693,0.0,False,100,50,15,0.8217947382570283,1239.59670934
0.6671574,609.2296,0.0010950837,False,100,50,15,0.8217947382570283,1239.59670934
0.0,278.36765,0.0,False,100,50,15,0.8217947382570283,1239.59670934
0.0,827.03076,0.0,False,100,50,15,0.8217947382570283,1239.59670934
0.07781604,409.69025,0.00018993871,False,100,50,15,0.8217947382570283,1239.59670934
0.0,144.76573,0.0,False,100,50,15,0.8217947382570283,1239.59670934
0.0,334.05963,0.0,False,100,50,15,0.8217947382570283,1239.59670934
0.25770128,742.5491,0.0003470495,False,100,50,15,0.8217947382570283,1239.59670934
0.45397654,383.45862,0.0011838997,False,100,50,15,0.8217947382570283,1239.59670934
0.0,281.2521,0.0,False,100,50,15,0.8217947382570283,1239.59670934
0.65751123,701.0518,0.0009378925,False,100,50,15,0.8217947382570283,1239.59670934
0.6285336,1463.256,0.00042954454,False,100,50,15,0.8217947382570283,1239.59670934
0.4169555,1272.264,0.00032772718,False,100,50,15,0.8217947382570283,1239.59670934
0.73997617,1124.6517,0.0006579603,False,100,50,15,0.8217947382570283,1239.59670934
0.37447673,871.1506,0.00042986454,False,100,50,15,0.8217947382570283,1239.59670934
0.0,349.62955,0.0,False,100,50,15,0.8217947382570283,1239.59670934
0.0,221.24524,0.0,False,100,50,15,0.8217947382570283,1239.59670934
0.0,182.78354,0.0,False,100,50,15,0.8217947382570283,1239.59670934
0.46351117,413.07483,0.0011220998,False,100,50,15,0.8217947382570283,1239.59670934
0.0,514.9268,0.0,False,100,50,15,0.8217947382570283,1239.59670934
0.69082826,1190.4806,0.0005802936,False,100,50,15,0.8217947382570283,1239.59670934
0.70247394,569.36346,0.0012337882,False,100,50,15,0.8217947382570283,1239.59670934
0.4623735,1296.8502,0.00035653578,False,100,50,15,0.8217947382570283,1239.59670934
0.6966323,772.508,0.0009017801,False,100,50,15,0.8217947382570283,1239.59670934
0.5296125,611.8525,0.00086558855,False,100,50,15,0.8217947382570283,1239.59670934
0.74292123,895.56256,0.0008295582,False,100,50,15,0.8217947382570283,1239.59670934
0.06480179,273.90002,0.00023658921,False,100,50,15,0.8217947382570283,1239.59670934
0.54674894,431.61478,0.0012667521,False,100,50,15,0.8217947382570283,1239.59670934
0.0,143.04865,0.0,False,100,50,15,0.8217947382570283,1239.59670934
0.75782305,739.80994,0.0010243483,False,100,50,15,0.8217947382570283,1239.59670934
0.0,269.53888,0.0,False,100,50,15,0.8217947382570283,1239.59670934
0.0,661.15,0.0,False,100,50,15,0.8217947382570283,1239.59670934
0.0,22.248158,0.0,False,100,50,15,0.8217947382570283,1239.59670934
0.0,82.9048,0.0,False,100,50,15,0.8217947382570283,1239.59670934
0.0,427.0805,0.0,False,100,50,15,0.8217947382570283,1239.59670934
0.0,655.9793,0.0,False,100,50,15,0.8217947382570283,1239.59670934
0.6899781,1161.2345,0.0005941764,False,100,50,15,0.8217947382570283,1239.59670934
0.41258004,505.06247,0.0008168891,False,100,50,15,0.8217947382570283,1239.59670934
0.0,663.6937,0.0,False,100,50,15,0.8217947382570283,1239.59670934
0.2723782,384.04733,0.00070923084,False,100,50,15,0.8217947382570283,1239.59670934
0.41842097,481.01025,0.0008698795,False,100,50,15,0.8217947382570283,1239.59670934
0.0,190.95992,0.0,False,100,50,15,0.8217947382570283,1239.59670934
0.0,195.42892,0.0,False,100,50,15,0.8217947382570283,1239.59670934
0.0,286.1831,0.0,False,100,50,15,0.8217947382570283,1239.59670934
0.0,61.89853,0.0,False,100,50,15,0.8217947382570283,1239.59670934
0.0,240.85872,0.0,False,100,50,15,0.8217947382570283,1239.59670934
0.60875934,461.1211,0.0013201725,False,100,50,15,0.8217947382570283,1239.59670934
0.68291074,773.1063,0.00088333356,False,100,50,15,0.8217947382570283,1239.59670934
0.0,385.29535,0.0,False,100,50,15,0.8217947382570283,1239.59670934
0.0,173.67188,0.0,False,100,50,15,0.8217947382570283,1239.59670934
0.6594356,556.9973,0.0011839116,False,100,50,15,0.8217947382570283,1239.59670934
0.0,452.14685,0.0,False,100,50,15,0.8217947382570283,1239.59670934
0.0,252.53941,0.0,False,100,50,15,0.8217947382570283,1239.59670934
0.7211822,957.4856,0.0007532043,False,100,50,15,0.8217947382570283,1239.59670934
0.6340482,621.6551,0.0010199357,False,100,50,15,0.8217947382570283,1239.59670934
0.35115162,292.61172,0.00120006,False,100,50,15,0.8217947382570283,1239.59670934
0.0,547.1693,0.0,False,100,50,15,0.8217947382570283,1239.59670934
0.0,118.74537,0.0,False,100,50,15,0.8217947382570283,1239.59670934
0.0,163.50337,0.0,False,100,50,15,0.8217947382570283,1239.59670934
0.0,126.38561,0.0,False,100,50,15,0.8217947382570283,1239.59670934
0.69086206,840.8447,0.0008216286,False,100,50,15,0.8217947382570283,1239.59670934
0.0,394.16864,0.0,False,100,50,15,0.8217947382570283,1239.59670934
0.0,441.15958,0.0,False,100,50,15,0.8217947382570283,1239.59670934
0.0,214.16653,0.0,False,100,50,15,0.8217947382570283,1239.59670934
0.0,297.07733,0.0,False,100,50,15,0.8217947382570283,1239.59670934
0.0,73.4053,0.0,False,100,50,15,0.8217947382570283,1239.59670934
0.0,521.7111,0.0,False,100,50,15,0.8217947382570283,1239.59670934
0.0,475.20267,0.0,False,100,50,15,0.8217947382570283,1239.59670934
0.0,334.926,0.0,False,100,50,15,0.8217947382570283,1239.59670934
0.125934,308.7143,0.00040793058,False,100,50,15,0.8217947382570283,1239.59670934
0.0,254.3354,0.0,False,100,50,15,0.8217947382570283,1239.59670934
0.0,582.796,0.0,False,100,50,15,0.8217947382570283,1239.59670934
0.0,779.65906,0.0,False,100,50,15,0.8217947382570283,1239.59670934
0.0,186.61342,0.0,False,100,50,15,0.8217947382570283,1239.59670934
0.15620996,378.6191,0.0004125781,False,100,50,15,0.8217947382570283,1239.59670934
0.0,162.00922,0.0,False,100,50,15,0.8217947382570283,1239.59670934
0.39102373,408.06113,0.0009582479,False,100,50,15,0.8217947382570283,1239.59670934
0.700759,570.4394,0.0012284548,False,100,50,15,0.8217947382570283,1239.59670934
0.61731255,434.78064,0.0014198252,False,100,50,15,0.8217947382570283,1239.59670934
0.58465415,849.61255,0.0006881421,False,100,50,15,0.8217947382570283,1239.59670934
0.75428295,1044.6493,0.0007220442,False,100,50,15,0.8217947382570283,1239.59670934
0.0,220.23772,0.0,False,100,50,15,0.8217947382570283,1239.59670934
0.0,105.82621,0.0,False,100,50,15,0.8217947382570283,1239.59670934
0.0,316.8242,0.0,False,100,50,15,0.8217947382570283,1239.59670934
0.20042904,314.9246,0.000636435,False,100,50,15,0.8217947382570283,1239.59670934
0.7225841,524.54156,0.0013775536,False,100,50,15,0.8217947382570283,1239.59670934
0.72928655,1245.7727,0.000585409,False,100,50,15,0.8217947382570283,1239.59670934
0.0,271.72977,0.0,False,100,50,15,0.8217947382570283,1239.59670934
0.46540868,457.58514,0.0010170975,False,100,50,15,0.8217947382570283,1239.59670934
0.0,360.31726,0.0,False,100,50,15,0.8217947382570283,1239.59670934
0.7486743,829.4007,0.000902669,False,100,50,15,0.8217947382570283,1239.59670934
0.73777974,569.1576,0.0012962662,False,100,50,15,0.8217947382570283,1239.59670934
0.73517066,596.1907,0.0012331133,False,100,50,15,0.8217947382570283,1239.59670934
0.71788585,1018.27594,0.0007050013,False,100,50,15,0.8217947382570283,1239.59670934
0.7647255,525.25775,0.0014559053,False,100,50,15,0.8217947382570283,1239.59670934
0.8215403,493.31165,0.0016653576,False,100,50,15,0.8217947382570283,1239.59670934
0.0,348.20404,0.0,False,100,50,15,0.8217947382570283,1239.59670934
0.72709715,610.2166,0.0011915395,False,100,50,15,0.8217947382570283,1239.59670934
0.0,269.22043,0.0,False,100,50,15,0.8217947382570283,1239.59670934
0.0,221.75471,0.0,False,100,50,15,0.8217947382570283,1239.59670934
0.27436006,436.5323,0.0006284989,False,100,50,15,0.8217947382570283,1239.59670934
0.42921516,1168.7394,0.00036724625,False,100,50,15,0.8217947382570283,1239.59670934
0.5545147,1029.4911,0.00053862995,False,100,50,15,0.8217947382570283,1239.59670934
0.7480283,1294.3682,0.00057791,False,100,50,15,0.8217947382570283,1239.59670934
0.7178593,465.8863,0.0015408467,False,100,50,15,0.8217947382570283,1239.59670934
0.80386853,558.6116,0.0014390474,False,100,50,15,0.8217947382570283,1239.59670934
0.82179475,500.7919,0.0016409905,False,100,50,15,0.8217947382570283,1239.59670934
0.8215164,451.46445,0.0018196702,False,100,50,15,0.8217947382570283,1239.59670934
0.81712824,528.4061,0.0015464019,False,100,50,15,0.8217947382570283,1239.59670934
0.7444047,555.01044,0.0013412444,False,100,50,15,0.8217947382570283,1239.59670934
0.8216038,506.25455,0.0016229064,False,100,50,15,0.8217947382570283,1239.59670934
0.0,180.91678,0.0,False,100,50,15,0.8217947382570283,1239.59670934
0.51809233,846.5102,0.0006120332,False,100,50,15,0.8217947382570283,1239.59670934
0.0,348.63086,0.0,False,100,50,15,0.8217947382570283,1239.59670934
0.77825916,387.47147,0.0020085587,False,100,50,15,0.8217947382570283,1239.59670934
0.33449072,613.38,0.0005453238,False,100,50,15,0.8217947382570283,1239.59670934
0.0,344.2923,0.0,False,100,50,15,0.8217947382570283,1239.59670934
0.80482,663.41394,0.001213149,False,100,50,15,0.8217947382570283,1239.59670934
0.80209726,829.0178,0.00096752716,False,100,50,15,0.8217947382570283,1239.59670934
0.0,274.44754,0.0,False,100,50,15,0.8217947382570283,1239.59670934
0.82179475,821.00366,0.0010009636,False,100,50,15,0.8217947382570283,1239.59670934
0.82179475,588.12866,0.0013973044,False,100,50,15,0.8217947382570283,1239.59670934
0.0,7.764724,0.0,False,100,50,15,0.8217947382570283,1239.59670934
0.82179475,668.4212,0.0012294564,False,100,50,15,0.8217947382570283,1239.59670934
0.82179475,413.73193,0.0019862975,False,100,50,15,0.8217947382570283,1239.59670934
0.627195,1286.1171,0.00048766556,False,100,50,15,0.8217947382570283,1239.59670934
0.82179475,951.8626,0.00086335436,False,100,50,15,0.8217947382570283,1239.59670934
0.2038037,302.14597,0.0006745207,False,100,50,15,0.8217947382570283,1239.59670934
0.82179475,480.17944,0.0017114326,False,100,50,15,0.8217947382570283,1239.59670934
0.0,276.33655,0.0,False,100,50,15,0.8217947382570283,1239.59670934
0.0,118.807884,0.0,False,100,50,15,0.8217947382570283,1239.59670934
0.38340518,328.0381,0.0011687825,False,100,50,15,0.8217947382570283,1239.59670934
0.8167123,1131.4086,0.00072185445,False,100,50,15,0.8217947382570283,1239.59670934
0.1568335,1097.3175,0.00014292444,False,100,50,15,0.8217947382570283,1239.59670934
0.51392335,785.78674,0.00065402396,False,100,50,15,0.8217947382570283,1239.59670934
0.82179475,551.1308,0.0014911066,False,100,50,15,0.8217947382570283,1239.59670934
0.82179475,604.46265,0.001359546,False,100,50,15,0.8217947382570283,1239.59670934
0.0,117.001396,0.0,False,100,50,15,0.8217947382570283,1239.59670934
0.2672256,330.94772,0.0008074556,False,100,50,15,0.8217947382570283,1239.59670934
0.0,162.03828,0.0,False,100,50,15,0.8217947382570283,1239.59670934
0.4522367,344.73453,0.0013118405,False,100,50,15,0.8217947382570283,1239.59670934
0.3663846,815.4794,0.00044928738,False,100,50,15,0.8217947382570283,1239.59670934
0.82179475,399.58914,0.0020565994,False,100,50,15,0.8217947382570283,1239.59670934
0.0,259.21964,0.0,False,100,50,15,0.8217947382570283,1239.59670934
0.5491455,873.1334,0.00062893657,False,100,50,15,0.8217947382570283,1239.59670934
0.82179475,431.68106,0.0019037081,False,100,50,15,0.8217947382570283,1239.59670934
0.82179475,1004.28735,0.00081828644,False,100,50,15,0.8217947382570283,1239.59670934
0.26699024,931.9487,0.00028648597,False,100,50,15,0.8217947382570283,1239.59670934
0.0,203.63448,0.0,False,100,50,15,0.8217947382570283,1239.59670934
0.17706338,725.73895,0.00024397667,False,100,50,15,0.8217947382570283,1239.59670934
0.82179475,776.71936,0.0010580331,False,100,50,15,0.8217947382570283,1239.59670934
0.16336408,473.95633,0.00034468173,False,100,50,15,0.8217947382570283,1239.59670934
0.82179475,1172.7571,0.0007007374,False,100,50,15,0.8217947382570283,1239.59670934
0.0,7.764724,0.0,False,100,50,15,0.8217947382570283,1239.59670934
0.20633987,506.31662,0.0004075313,False,100,50,15,0.8217947382570283,1239.59670934
0.0,74.90153,0.0,False,100,50,15,0.8217947382570283,1239.59670934
0.82179475,548.194,0.0014990949,False,100,50,15,0.8217947382570283,1239.59670934
0.25876907,769.96686,0.0003360782,False,100,50,15,0.8217947382570283,1239.59670934
0.0,325.9579,0.0,False,100,50,15,0.8217947382570283,1239.59670934
0.55740947,751.50714,0.0007417221,False,100,50,15,0.8217947382570283,1239.59670934
0.82179475,894.0779,0.00091915345,False,100,50,15,0.8217947382570283,1239.59670934
0.46391058,1461.574,0.0003174048,False,100,50,15,0.8217947382570283,1239.59670934
0.82179475,462.66583,0.0017762167,False,100,50,15,0.8217947382570283,1239.59670934
0.42903152,908.586,0.00047219693,False,100,50,15,0.8217947382570283,1239.59670934
0.82179475,677.9114,0.0012122451,False,100,50,15,0.8217947382570283,1239.59670934
0.82179475,578.5643,0.0014204036,False,100,50,15,0.8217947382570283,1239.59670934
0.82179475,485.0602,0.0016942119,False,100,50,15,0.8217947382570283,1239.59670934
0.81680566,425.21008,0.0019209462,False,100,50,15,0.8217947382570283,1239.59670934
0.63229084,881.0502,0.0007176559,False,100,50,15,0.8217947382570283,1239.59670934
0.0,7.764724,0.0,False,100,50,15,0.8217947382570283,1239.59670934
0.0,456.2574,0.0,False,100,50,15,0.8217947382570283,1239.59670934
0.5621966,722.1617,0.0007784913,False,100,50,15,0.8217947382570283,1239.59670934
0.3395409,797.5475,0.00042573127,False,100,50,15,0.8217947382570283,1239.59670934
0.0,458.66086,0.0,False,100,50,15,0.8217947382570283,1239.59670934
0.5588341,907.995,0.0006154594,False,100,50,15,0.8217947382570283,1239.59670934
0.049840663,306.9252,0.000162387,False,100,50,15,0.8217947382570283,1239.59670934
0.5205588,389.84442,0.0013352988,False,100,50,15,0.8217947382570283,1239.59670934
0.5330816,1485.402,0.00035888035,False,100,50,15,0.8217947382570283,1239.59670934
0.026574558,261.1928,0.00010174307,False,100,50,15,0.8217947382570283,1239.59670934
0.82089275,456.68024,0.001797522,False,100,50,15,0.8217947382570283,1239.59670934
0.82179475,455.23462,0.0018052114,False,100,50,15,0.8217947382570283,1239.59670934
0.82179475,589.8234,0.0013932894,False,100,50,15,0.8217947382570283,1239.59670934
0.0,104.05943,0.0,False,100,50,15,0.8217947382570283,1239.59670934
0.06882204,560.2404,0.00012284376,False,100,50,15,0.8217947382570283,1239.59670934
0.8157414,406.82996,0.0020051163,False,100,50,15,0.8217947382570283,1239.59670934
0.06136271,368.24728,0.00016663452,False,100,50,15,0.8217947382570283,1239.59670934
0.0,320.59866,0.0,False,100,50,15,0.8217947382570283,1239.59670934
0.21404727,1072.1448,0.000199644,False,100,50,15,0.8217947382570283,1239.59670934
0.2955296,965.47107,0.00030609887,False,100,50,15,0.8217947382570283,1239.59670934
0.28636447,307.20236,0.00093216886,False,100,50,15,0.8217947382570283,1239.59670934
0.00064430886,618.66254,1.0414544e-06,False,100,50,15,0.8217947382570283,1239.59670934
0.5247141,808.5691,0.0006489416,False,100,50,15,0.8217947382570283,1239.59670934
0.82179475,1190.628,0.0006902195,False,100,50,15,0.8217947382570283,1239.59670934
0.11522751,964.92413,0.00011941614,False,100,50,15,0.8217947382570283,1239.59670934
0.28030488,700.87354,0.00039993646,False,100,50,15,0.8217947382570283,1239.59670934
0.56834173,348.01166,0.0016331112,False,100,50,15,0.8217947382570283,1239.59670934
0.0,266.5906,0.0,False,100,50,15,0.8217947382570283,1239.59670934
0.0,95.38871,0.0,False,100,50,15,0.8217947382570283,1239.59670934
0.82179475,487.67908,0.0016851138,False,100,50,15,0.8217947382570283,1239.59670934
0.0,210.69055,0.0,False,100,50,15,0.8217947382570283,1239.59670934
0.82179475,589.62915,0.0013937486,False,100,50,15,0.8217947382570283,1239.59670934
0.21066931,284.83853,0.0007396096,False,100,50,15,0.8217947382570283,1239.59670934
0.42348573,348.6944,0.0012144896,False,100,50,15,0.8217947382570283,1239.59670934
0.06424256,251.99725,0.00025493355,False,100,50,15,0.8217947382570283,1239.59670934
0.0,256.64673,0.0,False,100,50,15,0.8217947382570283,1239.59670934
0.0,303.86075,0.0,False,100,50,15,0.8217947382570283,1239.59670934
0.15940274,558.1807,0.00028557552,False,100,50,15,0.8217947382570283,1239.59670934
0.47121784,394.95956,0.0011930787,False,100,50,15,0.8217947382570283,1239.59670934
0.14190248,493.36746,0.00028762026,False,100,50,15,0.8217947382570283,1239.59670934
0.15553188,424.81625,0.00036611565,False,100,50,15,0.8217947382570283,1239.59670934
0.0,7.764724,0.0,False,100,50,15,0.8217947382570283,1239.59670934
0.82179475,512.5252,0.001603423,True,100,50,15,0.8217947382570283,1239.59670934
0.80114174,408.1415,0.0019629018,False,100,50,15,0.8217947382570283,1239.59670934
0.71891165,806.8848,0.0008909718,False,100,50,15,0.8217947382570283,1239.59670934
0.0,168.57227,0.0,False,100,50,15,0.8217947382570283,1239.59670934
0.5877427,893.3277,0.0006579251,False,100,50,15,0.8217947382570283,1239.59670934
0.36744586,998.9996,0.00036781383,False,100,50,15,0.8217947382570283,1239.59670934
0.7849846,1302.1201,0.00060285116,False,100,50,15,0.8217947382570283,1239.59670934
0.0,139.70908,0.0,False,100,50,15,0.8217947382570283,1239.59670934
0.64647293,987.4786,0.00065467035,False,100,50,15,0.8217947382570283,1239.59670934
0.1734997,370.80643,0.00046789832,False,100,50,15,0.8217947382570283,1239.59670934
0.43228143,998.75507,0.00043282026,False,100,50,15,0.8217947382570283,1239.59670934
0.57626635,504.0012,0.0011433829,False,100,50,15,0.8217947382570283,1239.59670934
0.4753746,587.6837,0.00080889533,False,100,50,15,0.8217947382570283,1239.59670934
0.0,212.11876,0.0,False,100,50,15,0.8217947382570283,1239.59670934
0.82179475,567.7247,0.0014475234,False,100,50,15,0.8217947382570283,1239.59670934
0.73290807,775.3583,0.00094525085,False,100,50,15,0.8217947382570283,1239.59670934
0.0,260.63083,0.0,False,100,50,15,0.8217947382570283,1239.59670934
0.82179475,505.10013,0.0016269938,False,100,50,15,0.8217947382570283,1239.59670934
0.82179475,661.5569,0.0012422133,False,100,50,15,0.8217947382570283,1239.59670934
0.6093967,854.9097,0.0007128199,False,100,50,15,0.8217947382570283,1239.59670934
0.6817751,1032.5603,0.0006602763,False,100,50,15,0.8217947382570283,1239.59670934
0.59333366,790.545,0.0007505375,False,100,50,15,0.8217947382570283,1239.59670934
0.82179475,721.2373,0.0011394236,False,100,50,15,0.8217947382570283,1239.59670934
0.0,154.39972,0.0,False,100,50,15,0.8217947382570283,1239.59670934
0.0,289.6431,0.0,False,100,50,15,0.8217947382570283,1239.59670934
0.7575436,642.23956,0.0011795344,False,100,50,15,0.8217947382570283,1239.59670934
0.44765943,606.4667,0.0007381435,False,100,50,15,0.8217947382570283,1239.59670934
0.0,19.821766,0.0,False,100,50,15,0.8217947382570283,1239.59670934
0.6328501,351.3878,0.001801002,False,100,50,15,0.8217947382570283,1239.59670934
0.82179475,516.7828,0.0015902132,False,100,50,15,0.8217947382570283,1239.59670934
0.39698857,959.6858,0.00041366514,False,100,50,15,0.8217947382570283,1239.59670934
0.0,243.56046,0.0,False,100,50,15,0.8217947382570283,1239.59670934
0.61689144,1046.4591,0.0005895036,False,100,50,15,0.8217947382570283,1239.59670934
0.13765061,376.54153,0.00036556553,False,100,50,15,0.8217947382570283,1239.59670934
0.5801047,935.96735,0.0006197916,False,100,50,15,0.8217947382570283,1239.59670934
0.0,361.98114,0.0,False,100,50,15,0.8217947382570283,1239.59670934
0.82179475,428.76324,0.0019166633,False,100,50,15,0.8217947382570283,1239.59670934
0.82179475,638.69135,0.0012866852,False,100,50,15,0.8217947382570283,1239.59670934
0.0,358.72345,0.0,False,100,50,15,0.8217947382570283,1239.59670934
0.55199397,652.8649,0.0008454949,False,100,50,15,0.8217947382570283,1239.59670934
0.0,345.76202,0.0,False,100,50,15,0.8217947382570283,1239.59670934
0.0,307.17053,0.0,False,100,50,15,0.8217947382570283,1239.59670934
0.7424677,1143.9354,0.00064904685,False,100,50,15,0.8217947382570283,1239.59670934
0.82179475,566.94476,0.0014495146,False,100,50,15,0.8217947382570283,1239.59670934
0.78817004,405.02325,0.0019459871,False,100,50,15,0.8217947382570283,1239.59670934
0.82179475,571.9494,0.0014368312,False,100,50,15,0.8217947382570283,1239.59670934
0.8001182,468.31464,0.0017085057,False,100,50,15,0.8217947382570283,1239.59670934
0.0,308.21558,0.0,False,100,50,15,0.8217947382570283,1239.59670934
0.0,153.87132,0.0,False,100,50,15,0.8217947382570283,1239.59670934
0.804993,510.21503,0.0015777524,False,100,50,15,0.8217947382570283,1239.59670934
0.0,379.44708,0.0,False,100,50,15,0.8217947382570283,1239.59670934
0.027606638,482.41968,5.7225356e-05,False,100,50,15,0.8217947382570283,1239.59670934
0.35800207,824.1073,0.00043441195,False,100,50,15,0.8217947382570283,1239.59670934
0.06603522,667.23706,9.896815e-05,False,100,50,15,0.8217947382570283,1239.59670934
0.13069078,592.77496,0.00022047285,False,100,50,15,0.8217947382570283,1239.59670934
0.0,248.91013,0.0,False,100,50,15,0.8217947382570283,1239.59670934
0.49593157,560.70685,0.00088447565,False,100,50,15,0.8217947382570283,1239.59670934
0.00094738445,380.72067,2.4883977e-06,False,100,50,15,0.8217947382570283,1239.59670934
0.0,1144.262,0.0,False,100,50,15,0.8217947382570283,1239.59670934
0.82179475,543.0518,0.0015132898,False,100,50,15,0.8217947382570283,1239.59670934
0.0,234.88937,0.0,False,100,50,15,0.8217947382570283,1239.59670934
0.82179475,396.4067,0.00207311,False,100,50,15,0.8217947382570283,1239.59670934
0.1710619,727.6446,0.00023508992,False,100,50,15,0.8217947382570283,1239.59670934
0.0,425.93225,0.0,False,100,50,15,0.8217947382570283,1239.59670934
0.0,276.91693,0.0,False,100,50,15,0.8217947382570283,1239.59670934
0.82179475,448.6226,0.0018318176,False,100,50,15,0.8217947382570283,1239.59670934
0.6174078,507.73508,0.0012160038,False,100,50,15,0.8217947382570283,1239.59670934
0.65522873,1148.4388,0.0005705386,False,100,50,15,0.8217947382570283,1239.59670934
0.0,144.04042,0.0,False,100,50,15,0.8217947382570283,1239.59670934
0.16231303,333.27173,0.0004870291,False,100,50,15,0.8217947382570283,1239.59670934
0.0,357.64453,0.0,False,100,50,15,0.8217947382570283,1239.59670934
0.68635863,1017.8184,0.0006743429,False,100,50,15,0.8217947382570283,1239.59670934
0.82179475,354.39175,0.002318888,False,100,50,15,0.8217947382570283,1239.59670934
0.12316025,880.0275,0.00013995045,False,100,50,15,0.8217947382570283,1239.59670934
0.0,202.38504,0.0,False,100,50,15,0.8217947382570283,1239.59670934
0.0,115.83192,0.0,False,100,50,15,0.8217947382570283,1239.59670934
0.0,78.1169,0.0,False,100,50,15,0.8217947382570283,1239.59670934
0.0,81.91277,0.0,False,100,50,15,0.8217947382570283,1239.59670934
0.0,183.01004,0.0,False,100,50,15,0.8217947382570283,1239.59670934
0.0,130.93542,0.0,False,100,50,15,0.8217947382570283,1239.59670934
0.5039841,753.94226,0.0006684651,False,100,50,15,0.8217947382570283,1239.59670934
0.0,309.9124,0.0,False,100,50,15,0.8217947382570283,1239.59670934
0.0,134.98473,0.0,False,100,50,15,0.8217947382570283,1239.59670934
0.096719585,264.32593,0.00036591032,False,100,50,15,0.8217947382570283,1239.59670934
0.0,219.68939,0.0,False,100,50,15,0.8217947382570283,1239.59670934
0.5052849,1343.223,0.0003761735,False,100,50,15,0.8217947382570283,1239.59670934
0.0,432.7657,0.0,False,100,50,15,0.8217947382570283,1239.59670934
0.6937892,531.8935,0.0013043762,False,100,50,15,0.8217947382570283,1239.59670934
0.0,95.772194,0.0,False,100,50,15,0.8217947382570283,1239.59670934
0.82179475,525.8458,0.0015628055,False,100,50,15,0.8217947382570283,1239.59670934
0.6551107,1125.6473,0.00058198575,False,100,50,15,0.8217947382570283,1239.59670934
0.82179475,398.4275,0.0020625954,False,100,50,15,0.8217947382570283,1239.59670934
0.31806466,742.8885,0.0004281459,False,100,50,15,0.8217947382570283,1239.59670934
0.55694693,1253.235,0.00044440743,False,100,50,15,0.8217947382570283,1239.59670934
0.7547922,849.4118,0.0008886058,False,100,50,15,0.8217947382570283,1239.59670934
0.26683453,359.76712,0.0007416868,False,100,50,15,0.8217947382570283,1239.59670934
0.4971954,870.2625,0.0005713166,False,100,50,15,0.8217947382570283,1239.59670934
0.82179475,545.14716,0.0015074733,False,100,50,15,0.8217947382570283,1239.59670934
0.82179475,434.91153,0.0018895676,False,100,50,15,0.8217947382570283,1239.59670934
0.6378847,1341.6714,0.00047544032,False,100,50,15,0.8217947382570283,1239.59670934
0.82179475,405.71304,0.0020255568,False,100,50,15,0.8217947382570283,1239.59670934
0.0,169.72964,0.0,False,100,50,15,0.8217947382570283,1239.59670934
0.5500524,1134.8517,0.000484691,False,100,50,15,0.8217947382570283,1239.59670934
0.4316893,744.8492,0.00057956605,False,100,50,15,0.8217947382570283,1239.59670934
0.0,355.2632,0.0,False,100,50,15,0.8217947382570283,1239.59670934
0.18444659,367.60464,0.0005017526,False,100,50,15,0.8217947382570283,1239.59670934
0.82179475,463.6598,0.001772409,False,100,50,15,0.8217947382570283,1239.59670934
0.82179475,547.4677,0.0015010835,False,100,50,15,0.8217947382570283,1239.59670934
0.6110523,1108.1775,0.0005514029,False,100,50,15,0.8217947382570283,1239.59670934
0.6343111,1111.6819,0.0005705869,False,100,50,15,0.8217947382570283,1239.59670934
0.82179475,450.24448,0.0018252189,False,100,50,15,0.8217947382570283,1239.59670934
0.82179475,583.04504,0.0014094876,False,100,50,15,0.8217947382570283,1239.59670934
0.0,7.764724,0.0,False,100,50,15,0.8217947382570283,1239.59670934
0.35883892,472.7379,0.0007590652,False,100,50,15,0.8217947382570283,1239.59670934
0.0,259.14035,0.0,False,100,50,15,0.8217947382570283,1239.59670934
0.82179475,415.78287,0.0019764998,False,100,50,15,0.8217947382570283,1239.59670934
0.7088066,1144.9263,0.0006190849,False,100,50,15,0.8217947382570283,1239.59670934
0.53363365,884.9899,0.00060298276,False,100,50,15,0.8217947382570283,1239.59670934
0.78791666,404.64975,0.0019471572,False,100,50,15,0.8217947382570283,1239.59670934
0.82179475,431.10446,0.0019062543,False,100,50,15,0.8217947382570283,1239.59670934
0.82179475,533.80273,0.0015395102,False,100,50,15,0.8217947382570283,1239.59670934
0.6665342,887.79614,0.00075077394,False,100,50,15,0.8217947382570283,1239.59670934
0.82179475,1508.282,0.00054485485,False,100,50,15,0.8217947382570283,1239.59670934
0.7937082,1278.6047,0.0006207612,False,100,50,15,0.8217947382570283,1239.59670934
0.7307378,759.62,0.0009619781,False,100,50,15,0.8217947382570283,1239.59670934
0.6058541,705.8739,0.00085830357,False,100,50,15,0.8217947382570283,1239.59670934
0.34047207,378.1215,0.0009004304,False,100,50,15,0.8217947382570283,1239.59670934
0.6230712,821.97986,0.0007580127,False,100,50,15,0.8217947382570283,1239.59670934
0.3162725,399.03937,0.0007925847,False,100,50,15,0.8217947382570283,1239.59670934
0.6993923,818.4179,0.0008545662,False,100,50,15,0.8217947382570283,1239.59670934
0.61749035,733.0623,0.0008423436,False,100,50,15,0.8217947382570283,1239.59670934
0.82179475,1005.886,0.00081698596,False,100,50,15,0.8217947382570283,1239.59670934
0.0,303.08426,0.0,False,100,50,15,0.8217947382570283,1239.59670934
0.82179475,1106.5754,0.0007426468,False,100,50,15,0.8217947382570283,1239.59670934
0.82179475,731.6779,0.0011231647,False,100,50,15,0.8217947382570283,1239.59670934
0.82179475,458.57956,0.001792044,False,100,50,15,0.8217947382570283,1239.59670934
0.82179475,1362.7887,0.0006030243,False,100,50,15,0.8217947382570283,1239.59670934
0.82179475,433.1314,0.0018973335,False,100,50,15,0.8217947382570283,1239.59670934
0.0,114.53972,0.0,False,100,50,15,0.8217947382570283,1239.59670934
0.76471335,1344.0607,0.0005689575,False,100,50,15,0.8217947382570283,1239.59670934
0.82179475,418.84048,0.001962071,False,100,50,15,0.8217947382570283,1239.59670934
0.3590178,809.3252,0.0004436014,False,100,50,15,0.8217947382570283,1239.59670934
0.0,246.76097,0.0,False,100,50,15,0.8217947382570283,1239.59670934
0.5868752,673.44653,0.00087145035,False,100,50,15,0.8217947382570283,1239.59670934
0.0,153.33386,0.0,False,100,50,15,0.8217947382570283,1239.59670934
0.62652624,642.0396,0.00097583735,False,100,50,15,0.8217947382570283,1239.59670934
0.69906586,1200.0151,0.00058254757,False,100,50,15,0.8217947382570283,1239.59670934
0.82179475,539.79584,0.0015224178,False,100,50,15,0.8217947382570283,1239.59670934
0.55386525,707.056,0.00078333996,False,100,50,15,0.8217947382570283,1239.59670934
0.82179475,760.28326,0.001080906,False,100,50,15,0.8217947382570283,1239.59670934
0.7475652,396.60056,0.0018849323,False,100,50,15,0.8217947382570283,1239.59670934
0.7100486,1182.6964,0.00060036423,False,100,50,15,0.8217947382570283,1239.59670934
0.0,198.74612,0.0,False,100,50,15,0.8217947382570283,1239.59670934
0.82179475,453.50833,0.0018120831,False,100,50,15,0.8217947382570283,1239.59670934
0.74889684,1444.5176,0.0005184408,False,100,50,15,0.8217947382570283,1239.59670934
0.70752645,928.9654,0.00076162844,False,100,50,15,0.8217947382570283,1239.59670934
0.82179475,432.2473,0.0019012142,False,100,50,15,0.8217947382570283,1239.59670934
0.82179475,529.363,0.0015524221,False,100,50,15,0.8217947382570283,1239.59670934
0.82179475,1626.9363,0.000505118,False,100,50,15,0.8217947382570283,1239.59670934
0.82179475,1440.6001,0.00057045306,False,100,50,15,0.8217947382570283,1239.59670934
0.5944225,909.7597,0.0006533841,False,100,50,15,0.8217947382570283,1239.59670934
0.74261314,811.5231,0.00091508566,False,100,50,15,0.8217947382570283,1239.59670934
0.0,307.5556,0.0,False,100,50,15,0.8217947382570283,1239.59670934
0.35682455,378.35504,0.0009430945,False,100,50,15,0.8217947382570283,1239.59670934
0.82179475,533.31146,0.0015409284,False,100,50,15,0.8217947382570283,1239.59670934
0.0,323.45947,0.0,False,100,50,15,0.8217947382570283,1239.59670934
0.55774426,371.19327,0.001502571,False,100,50,15,0.8217947382570283,1239.59670934
0.82179475,394.12042,0.0020851362,False,100,50,15,0.8217947382570283,1239.59670934
0.0,215.38388,0.0,False,100,50,15,0.8217947382570283,1239.59670934
0.0,288.22418,0.0,False,100,50,15,0.8217947382570283,1239.59670934
0.0,296.47775,0.0,False,100,50,15,0.8217947382570283,1239.59670934
0.0,356.4813,0.0,False,100,50,15,0.8217947382570283,1239.59670934
0.45632806,698.5483,0.000653252,False,100,50,15,0.8217947382570283,1239.59670934
0.48746568,808.12854,0.00060320314,False,100,50,15,0.8217947382570283,1239.59670934
0.23652716,1151.5519,0.00020539861,False,100,50,15,0.8217947382570283,1239.59670934
0.0,7.764724,0.0,True,100,50,15,0.8217947382570283,1239.59670934
0.09708691,536.6357,0.00018091772,False,100,50,15,0.8217947382570283,1239.59670934
0.82179475,499.72586,0.0016444911,False,100,50,15,0.8217947382570283,1239.59670934
0.82179475,578.74554,0.0014199587,False,100,50,15,0.8217947382570283,1239.59670934
0.7763564,840.9261,0.000923216,False,100,50,15,0.8217947382570283,1239.59670934
0.77262986,388.95065,0.001986447,False,100,50,15,0.8217947382570283,1239.59670934
0.0,334.27652,0.0,False,100,50,15,0.8217947382570283,1239.59670934
0.0,265.52753,0.0,False,100,50,15,0.8217947382570283,1239.59670934
0.4613823,583.0104,0.00079137925,False,100,50,15,0.8217947382570283,1239.59670934
0.0,273.73856,0.0,False,100,50,15,0.8217947382570283,1239.59670934
0.82179475,423.36893,0.0019410843,True,100,50,15,0.8217947382570283,1239.59670934
0.0,728.59204,0.0,False,100,50,15,0.8217947382570283,1239.59670934
0.3872406,765.7961,0.0005056706,False,100,50,15,0.8217947382570283,1239.59670934
0.35965934,842.867,0.00042670948,False,100,50,15,0.8217947382570283,1239.59670934
0.0,63.322594,0.0,False,100,50,15,0.8217947382570283,1239.59670934
0.36413038,503.32977,0.00072344294,False,100,50,15,0.8217947382570283,1239.59670934
0.0,203.4377,0.0,False,100,50,15,0.8217947382570283,1239.59670934
0.19306202,563.583,0.00034256183,False,100,50,15,0.8217947382570283,1239.59670934
0.0,272.33887,0.0,False,100,50,15,0.8217947382570283,1239.59670934
0.0,307.77402,0.0,False,100,50,15,0.8217947382570283,1239.59670934
0.0,220.3876,0.0,False,100,50,15,0.8217947382570283,1239.59670934
0.0,28.029974,0.0,False,100,50,15,0.8217947382570283,1239.59670934
0.82179475,439.80167,0.0018685577,False,100,50,15,0.8217947382570283,1239.59670934
0.8054046,356.48785,0.0022592763,False,100,50,15,0.8217947382570283,1239.59670934
0.061586305,262.9045,0.00023425352,False,100,50,15,0.8217947382570283,1239.59670934
0.82179475,399.1531,0.002058846,False,100,50,15,0.8217947382570283,1239.59670934
0.0,441.47296,0.0,False,100,50,15,0.8217947382570283,1239.59670934
0.0,287.30673,0.0,False,100,50,15,0.8217947382570283,1239.59670934
0.0,218.35503,0.0,False,100,50,15,0.8217947382570283,1239.59670934
0.17132676,723.356,0.00023684984,False,100,50,15,0.8217947382570283,1239.59670934
0.32361963,589.3889,0.00054907653,False,100,50,15,0.8217947382570283,1239.59670934
0.0,397.68076,0.0,False,100,50,15,0.8217947382570283,1239.59670934
0.1427667,472.48712,0.00030215998,False,100,50,15,0.8217947382570283,1239.59670934
0.0,191.18466,0.0,False,100,50,15,0.8217947382570283,1239.59670934
0.82179475,350.7018,0.0023432863,True,100,50,15,0.8217947382570283,1239.59670934
0.82179475,397.24152,0.0020687534,False,100,50,15,0.8217947382570283,1239.59670934
0.82179475,419.09274,0.00196089,False,100,50,15,0.8217947382570283,1239.59670934
0.49793732,1017.67816,0.0004892876,False,100,50,15,0.8217947382570283,1239.59670934
0.0,72.854225,0.0,False,100,50,15,0.8217947382570283,1239.59670934
0.82179475,520.91797,0.0015775895,False,100,50,15,0.8217947382570283,1239.59670934
0.62116915,1053.6069,0.0005895644,False,100,50,15,0.8217947382570283,1239.59670934
0.5826984,530.5682,0.0010982536,False,100,50,15,0.8217947382570283,1239.59670934
0.5389355,1234.4901,0.00043656526,False,100,50,15,0.8217947382570283,1239.59670934
0.5880066,856.2395,0.0006867315,False,100,50,15,0.8217947382570283,1239.59670934
0.5907396,324.66956,0.0018195104,False,100,50,15,0.8217947382570283,1239.59670934
0.20565528,296.0773,0.00069459993,False,100,50,15,0.8217947382570283,1239.59670934
0.0,195.29984,0.0,False,100,50,15,0.8217947382570283,1239.59670934
0.6019318,907.1381,0.00066355034,False,100,50,15,0.8217947382570283,1239.59670934
0.2986568,226.63614,0.0013177809,False,100,50,15,0.8217947382570283,1239.59670934
0.82179475,345.6964,0.002377215,True,100,50,15,0.8217947382570283,1239.59670934
0.82179475,385.43283,0.0021321347,False,100,50,15,0.8217947382570283,1239.59670934
0.21727635,580.87305,0.00037405136,False,100,50,15,0.8217947382570283,1239.59670934
0.82179475,1006.49646,0.00081649044,False,100,50,15,0.8217947382570283,1239.59670934
0.31166452,395.98938,0.00078705273,False,100,50,15,0.8217947382570283,1239.59670934
0.517677,617.6274,0.0008381704,False,100,50,15,0.8217947382570283,1239.59670934
0.0,173.66122,0.0,False,100,50,15,0.8217947382570283,1239.59670934
0.09764571,351.9966,0.00027740526,False,100,50,15,0.8217947382570283,1239.59670934
0.82179475,405.44983,0.0020268715,False,100,50,15,0.8217947382570283,1239.59670934
0.0,282.41895,0.0,False,100,50,15,0.8217947382570283,1239.59670934
0.0,825.17053,0.0,False,100,50,15,0.8217947382570283,1239.59670934
0.0,179.42987,0.0,False,100,50,15,0.8217947382570283,1239.59670934
0.82179475,477.08124,0.0017225468,True,100,50,15,0.8217947382570283,1239.59670934
0.0,275.25876,0.0,False,100,50,15,0.8217947382570283,1239.59670934
0.0,194.03581,0.0,False,100,50,15,0.8217947382570283,1239.59670934
0.82179475,373.92017,0.0021977813,False,100,50,15,0.8217947382570283,1239.59670934
0.82179475,462.97723,0.0017750219,False,100,50,15,0.8217947382570283,1239.59670934
0.70732915,639.33746,0.0011063471,False,100,50,15,0.8217947382570283,1239.59670934
0.28455132,630.6812,0.0004511809,False,100,50,15,0.8217947382570283,1239.59670934
0.35811704,449.64685,0.0007964407,False,100,50,15,0.8217947382570283,1239.59670934
0.82179475,476.86752,0.0017233187,False,100,50,15,0.8217947382570283,1239.59670934
0.6566367,845.20416,0.0007768972,False,100,50,15,0.8217947382570283,1239.59670934
0.0820999,328.9931,0.000249549,False,100,50,15,0.8217947382570283,1239.59670934
0.0,294.21194,0.0,False,100,50,15,0.8217947382570283,1239.59670934
0.5188271,726.9405,0.0007137133,False,100,50,15,0.8217947382570283,1239.59670934
0.6966285,1064.5663,0.00065437774,False,100,50,15,0.8217947382570283,1239.59670934
0.6837318,878.1677,0.00077858905,False,100,50,15,0.8217947382570283,1239.59670934
0.30719337,530.537,0.0005790235,False,100,50,15,0.8217947382570283,1239.59670934
0.5063151,762.1319,0.0006643405,False,100,50,15,0.8217947382570283,1239.59670934
0.0,650.28784,0.0,False,100,50,15,0.8217947382570283,1239.59670934
0.0,39.398174,0.0,False,100,50,15,0.8217947382570283,1239.59670934
0.82179475,484.90063,0.0016947694,False,100,50,15,0.8217947382570283,1239.59670934
0.6054193,714.28064,0.000847593,False,100,50,15,0.8217947382570283,1239.59670934
0.82179475,1048.4236,0.0007838385,False,100,50,15,0.8217947382570283,1239.59670934
0.7159476,1124.8834,0.00063646387,False,100,50,15,0.8217947382570283,1239.59670934
0.07482365,319.07504,0.00023450173,False,100,50,15,0.8217947382570283,1239.59670934
0.77526754,1478.7274,0.00052428024,False,100,50,15,0.8217947382570283,1239.59670934
0.39632612,279.56094,0.0014176734,False,100,50,15,0.8217947382570283,1239.59670934
0.57551205,863.54565,0.0006664524,False,100,50,15,0.8217947382570283,1239.59670934
0.82179475,364.39307,0.0022552426,False,100,50,15,0.8217947382570283,1239.59670934
0.0,227.1787,0.0,False,100,50,15,0.8217947382570283,1239.59670934
0.5682302,1091.76,0.0005204717,False,100,50,15,0.8217947382570283,1239.59670934
0.57589525,829.8584,0.0006939681,False,100,50,15,0.8217947382570283,1239.59670934
0.13542265,870.078,0.00015564426,False,100,50,15,0.8217947382570283,1239.59670934
0.61605614,678.6183,0.00090780953,False,100,50,15,0.8217947382570283,1239.59670934
0.82179475,413.0973,0.0019893493,False,100,50,15,0.8217947382570283,1239.59670934
0.19913787,320.44614,0.0006214394,False,100,50,15,0.8217947382570283,1239.59670934
0.82179475,1034.6305,0.0007942882,False,100,50,15,0.8217947382570283,1239.59670934
0.40442893,332.25494,0.0012172248,False,100,50,15,0.8217947382570283,1239.59670934
0.82179475,1175.5376,0.00069907994,False,100,50,15,0.8217947382570283,1239.59670934
0.3442848,649.14557,0.0005303661,False,100,50,15,0.8217947382570283,1239.59670934
0.82179475,838.54865,0.0009800204,False,100,50,15,0.8217947382570283,1239.59670934
0.0063239643,308.35846,2.0508483e-05,False,100,50,15,0.8217947382570283,1239.59670934
0.0,155.17154,0.0,False,100,50,15,0.8217947382570283,1239.59670934
0.71694404,626.0071,0.0011452651,False,100,50,15,0.8217947382570283,1239.59670934
0.6336788,871.6099,0.0007270211,False,100,50,15,0.8217947382570283,1239.59670934
0.123840794,450.395,0.00027496042,False,100,50,15,0.8217947382570283,1239.59670934
0.82179475,544.376,0.0015096088,False,100,50,15,0.8217947382570283,1239.59670934
0.43054616,779.42316,0.00055239076,False,100,50,15,0.8217947382570283,1239.59670934
0.20294364,483.76486,0.00041950884,False,100,50,15,0.8217947382570283,1239.59670934
0.82179475,430.65775,0.0019082316,False,100,50,15,0.8217947382570283,1239.59670934
0.82179475,386.02908,0.0021288416,False,100,50,15,0.8217947382570283,1239.59670934
0.68630975,538.5714,0.0012743153,False,100,50,15,0.8217947382570283,1239.59670934
0.47905424,331.4378,0.001445382,False,100,50,15,0.8217947382570283,1239.59670934
0.671808,866.987,0.0007748767,False,100,50,15,0.8217947382570283,1239.59670934
0.0,12.83071,0.0,False,100,50,15,0.8217947382570283,1239.59670934
0.818663,953.4694,0.00085861486,False,100,50,15,0.8217947382570283,1239.59670934
0.0482541,277.06522,0.00017416151,False,100,50,15,0.8217947382570283,1239.59670934
0.82179475,499.735,0.0016444611,False,100,50,15,0.8217947382570283,1239.59670934
0.7101536,901.64984,0.0007876157,False,100,50,15,0.8217947382570283,1239.59670934
0.75158787,856.46436,0.0008775472,False,100,50,15,0.8217947382570283,1239.59670934
0.54336333,809.9644,0.0006708484,False,100,50,15,0.8217947382570283,1239.59670934
0.6627727,733.782,0.0009032284,False,100,50,15,0.8217947382570283,1239.59670934
0.8134559,340.78662,0.0023869947,True,100,50,15,0.8217947382570283,1239.59670934
0.0,235.7608,0.0,False,100,50,15,0.8217947382570283,1239.59670934
0.82179475,427.15845,0.001923864,False,100,50,15,0.8217947382570283,1239.59670934
0.31311277,255.40465,0.0012259478,False,100,50,15,0.8217947382570283,1239.59670934
0.47641867,654.4949,0.0007279181,False,100,50,15,0.8217947382570283,1239.59670934
0.26436457,235.96347,0.0011203623,False,100,50,15,0.8217947382570283,1239.59670934
0.55355924,878.40497,0.0006301868,False,100,50,15,0.8217947382570283,1239.59670934
0.82179475,992.2874,0.00082818215,False,100,50,15,0.8217947382570283,1239.59670934
0.82179475,588.2351,0.0013970515,False,100,50,15,0.8217947382570283,1239.59670934
0.007889599,305.3471,2.5838131e-05,False,100,50,15,0.8217947382570283,1239.59670934
0.630458,898.9129,0.00070135604,False,100,50,15,0.8217947382570283,1239.59670934
0.6120798,740.31195,0.00082678633,False,100,50,15,0.8217947382570283,1239.59670934
0.6783086,828.72974,0.0008184919,False,100,50,15,0.8217947382570283,1239.59670934
0.0,268.65765,0.0,False,100,50,15,0.8217947382570283,1239.59670934
0.66225195,907.40656,0.00072982936,False,100,50,15,0.8217947382570283,1239.59670934
0.5047074,997.9668,0.00050573563,False,100,50,15,0.8217947382570283,1239.59670934
0.7345133,799.04504,0.0009192389,False,100,50,15,0.8217947382570283,1239.59670934
0.82179475,439.86374,0.001868294,False,100,50,15,0.8217947382570283,1239.59670934
0.65475005,946.5883,0.0006916946,False,100,50,15,0.8217947382570283,1239.59670934
0.34957784,227.30798,0.0015379039,False,100,50,15,0.8217947382570283,1239.59670934
0.7037805,1051.5695,0.00066926674,False,100,50,15,0.8217947382570283,1239.59670934
0.82179475,350.09143,0.0023473718,True,100,50,15,0.8217947382570283,1239.59670934
0.0,260.20868,0.0,False,100,50,15,0.8217947382570283,1239.59670934
0.6659915,607.1937,0.0010968352,False,100,50,15,0.8217947382570283,1239.59670934
0.49489152,617.99603,0.0008008005,False,100,50,15,0.8217947382570283,1239.59670934
0.0,195.75456,0.0,False,100,50,15,0.8217947382570283,1239.59670934
0.0,306.117,0.0,False,100,50,15,0.8217947382570283,1239.59670934
0.56195164,671.5073,0.0008368511,False,100,50,15,0.8217947382570283,1239.59670934
0.14707494,380.04938,0.00038698904,False,100,50,15,0.8217947382570283,1239.59670934
0.82179475,481.81326,0.0017056292,False,100,50,15,0.8217947382570283,1239.59670934
0.0,93.5282,0.0,False,100,50,15,0.8217947382570283,1239.59670934
0.78987867,1030.9489,0.00076616666,False,100,50,15,0.8217947382570283,1239.59670934
0.82179475,419.18585,0.0019604545,False,100,50,15,0.8217947382570283,1239.59670934
0.0,70.247734,0.0,False,100,50,15,0.8217947382570283,1239.59670934
0.48679838,661.89105,0.000735466,False,100,50,15,0.8217947382570283,1239.59670934
0.49070746,941.8626,0.00052099687,False,100,50,15,0.8217947382570283,1239.59670934
0.298839,228.63501,0.0013070571,False,100,50,15,0.8217947382570283,1239.59670934
0.585621,669.9183,0.00087416783,False,100,50,15,0.8217947382570283,1239.59670934
0.58648676,706.76385,0.00082981994,False,100,50,15,0.8217947382570283,1239.59670934
0.3242615,257.76596,0.0012579686,False,100,50,15,0.8217947382570283,1239.59670934
0.82179475,497.85742,0.0016506629,False,100,50,15,0.8217947382570283,1239.59670934
0.6174457,328.3632,0.0018803743,False,100,50,15,0.8217947382570283,1239.59670934
0.6628437,824.9973,0.00080344954,False,100,50,15,0.8217947382570283,1239.59670934
0.76547396,1234.2196,0.00062020886,False,100,50,15,0.8217947382570283,1239.59670934
0.47331598,1098.0667,0.00043104487,False,100,50,15,0.8217947382570283,1239.59670934
0.82179475,370.44412,0.002218404,False,100,50,15,0.8217947382570283,1239.59670934
0.6618345,331.64093,0.0019956357,False,100,50,15,0.8217947382570283,1239.59670934
0.39122435,318.46573,0.0012284662,False,100,50,15,0.8217947382570283,1239.59670934
0.8212972,362.19363,0.002267564,False,100,50,15,0.8217947382570283,1239.59670934
0.0,135.80841,0.0,False,100,50,15,0.8217947382570283,1239.59670934
0.82179475,420.19824,0.001955731,False,100,50,15,0.8217947382570283,1239.59670934
0.24297048,156.71585,0.0015503886,True,100,50,15,0.8217947382570283,1239.59670934
0.82179475,486.14026,0.0016904478,False,100,50,15,0.8217947382570283,1239.59670934
0.82179475,1312.2573,0.0006262451,False,100,50,15,0.8217947382570283,1239.59670934
0.60749316,811.835,0.0007482963,False,100,50,15,0.8217947382570283,1239.59670934
0.54003024,662.0655,0.00081567495,False,100,50,15,0.8217947382570283,1239.59670934
0.5611696,517.8864,0.0010835767,False,100,50,15,0.8217947382570283,1239.59670934
0.82179475,1482.4121,0.00055436324,False,100,50,15,0.8217947382570283,1239.59670934
0.015827958,300.27274,5.2711937e-05,False,100,50,15,0.8217947382570283,1239.59670934
0.82179475,591.53094,0.0013892675,False,100,50,15,0.8217947382570283,1239.59670934
0.67599595,747.57367,0.0009042533,False,100,50,15,0.8217947382570283,1239.59670934
0.61964697,1105.0623,0.0005607349,False,100,50,15,0.8217947382570283,1239.59670934
0.82179475,378.20743,0.0021728678,False,100,50,15,0.8217947382570283,1239.59670934
0.0,302.58182,0.0,False,100,50,15,0.8217947382570283,1239.59670934
0.3308179,506.35806,0.000653328,False,100,50,15,0.8217947382570283,1239.59670934
0.82179475,445.87482,0.0018431065,False,100,50,15,0.8217947382570283,1239.59670934
0.0,296.1025,0.0,False,100,50,15,0.8217947382570283,1239.59670934
0.4496505,535.0275,0.00084042497,False,100,50,15,0.8217947382570283,1239.59670934
0.561023,864.82214,0.0006487149,False,100,50,15,0.8217947382570283,1239.59670934
0.82179475,863.2891,0.00095193455,False,100,50,15,0.8217947382570283,1239.59670934
0.47577566,662.5454,0.00071810273,False,100,50,15,0.8217947382570283,1239.59670934
0.63804275,504.05804,0.0012658121,False,100,50,15,0.8217947382570283,1239.59670934
0.47097608,592.34045,0.0007951105,False,100,50,15,0.8217947382570283,1239.59670934
0.55873126,901.2522,0.00061994995,False,100,50,15,0.8217947382570283,1239.59670934
0.4467727,538.9968,0.0008288967,False,100,50,15,0.8217947382570283,1239.59670934
0.0,7.7647266,0.0,False,100,50,15,0.8217947382570283,1239.59670934
0.0,287.4396,0.0,False,100,50,15,0.8217947382570283,1239.59670934
0.82179475,414.0977,0.0019845432,False,100,50,15,0.8217947382570283,1239.59670934
0.50586134,337.38272,0.0014993694,False,100,50,15,0.8217947382570283,1239.59670934
0.82179475,463.35217,0.0017735856,False,100,50,15,0.8217947382570283,1239.59670934
0.66219074,941.554,0.0007032955,False,100,50,15,0.8217947382570283,1239.59670934
0.43241912,624.4755,0.00069245166,False,100,50,15,0.8217947382570283,1239.59670934
0.4484553,492.28235,0.0009109717,False,100,50,15,0.8217947382570283,1239.59670934
0.53956777,574.6109,0.00093901413,False,100,50,15,0.8217947382570283,1239.59670934
0.82179475,1316.8453,0.00062406325,False,100,50,15,0.8217947382570283,1239.59670934
0.0,117.82251,0.0,False,100,50,15,0.8217947382570283,1239.59670934
0.0,287.41263,0.0,False,100,50,15,0.8217947382570283,1239.59670934
0.7438363,987.73975,0.0007530691,False,100,50,15,0.8217947382570283,1239.59670934
0.5818936,660.2117,0.00088137435,False,100,50,15,0.8217947382570283,1239.59670934
0.7814246,864.3591,0.0009040509,False,100,50,15,0.8217947382570283,1239.59670934
0.6060337,359.5044,0.0016857476,False,100,50,15,0.8217947382570283,1239.59670934
0.53430015,666.95764,0.00080110057,False,100,50,15,0.8217947382570283,1239.59670934
0.3858852,256.5538,0.0015041103,False,100,50,15,0.8217947382570283,1239.59670934
0.0,7.764724,0.0,False,100,50,15,0.8217947382570283,1239.59670934
0.36305222,226.74026,0.0016011811,False,100,50,15,0.8217947382570283,1239.59670934
0.0,323.1729,0.0,False,100,50,15,0.8217947382570283,1239.59670934
0.82179475,1053.117,0.0007803452,False,100,50,15,0.8217947382570283,1239.59670934
0.82179475,362.67514,0.0022659253,False,100,50,15,0.8217947382570283,1239.59670934
0.82179475,423.04654,0.0019425635,False,100,50,15,0.8217947382570283,1239.59670934
0.82179475,456.97446,0.0017983385,False,100,50,15,0.8217947382570283,1239.59670934
0.45516792,729.4372,0.00062399876,False,100,50,15,0.8217947382570283,1239.59670934
0.7339679,945.225,0.00077650073,False,100,50,15,0.8217947382570283,1239.59670934
0.6683949,848.07605,0.00078813086,False,100,50,15,0.8217947382570283,1239.59670934
0.6616364,847.1539,0.0007810109,False,100,50,15,0.8217947382570283,1239.59670934
0.7041138,849.06903,0.00082927744,False,100,50,15,0.8217947382570283,1239.59670934
0.0,306.43832,0.0,False,100,50,15,0.8217947382570283,1239.59670934
0.82179475,1180.2441,0.00069629215,False,100,50,15,0.8217947382570283,1239.59670934
0.3467315,245.23874,0.0014138529,False,100,50,15,0.8217947382570283,1239.59670934
0.4530899,309.69946,0.0014629987,False,100,50,15,0.8217947382570283,1239.59670934
0.82179475,419.38803,0.0019595092,False,100,50,15,0.8217947382570283,1239.59670934
0.0,93.32304,0.0,False,100,50,15,0.8217947382570283,1239.59670934
0.55999297,568.2894,0.000985401,False,100,50,15,0.8217947382570283,1239.59670934
0.5982886,532.06067,0.0011244743,False,100,50,15,0.8217947382570283,1239.59670934
0.42316586,298.08035,0.0014196369,False,100,50,15,0.8217947382570283,1239.59670934
0.6907151,633.8769,0.0010896676,False,100,50,15,0.8217947382570283,1239.59670934
0.82179475,1307.4332,0.00062855583,False,100,50,15,0.8217947382570283,1239.59670934
0.5868829,279.82764,0.0020973014,True,100,50,15,0.8217947382570283,1239.59670934
0.82179475,358.96658,0.002289335,False,100,50,15,0.8217947382570283,1239.59670934
0.102181524,340.56195,0.000300038,False,100,50,15,0.8217947382570283,1239.59670934
0.22538516,337.70505,0.0006674024,False,100,50,15,0.8217947382570283,1239.59670934
0.48591477,604.16724,0.00080427196,False,100,50,15,0.8217947382570283,1239.59670934
0.82179475,464.69257,0.0017684698,False,100,50,15,0.8217947382570283,1239.59670934
0.8113235,357.67746,0.0022683104,False,100,50,15,0.8217947382570283,1239.59670934
0.5075039,299.47247,0.0016946597,False,100,50,15,0.8217947382570283,1239.59670934
0.82179475,1317.0055,0.00062398735,False,100,50,15,0.8217947382570283,1239.59670934
0.82179475,521.056,0.0015771715,False,100,50,15,0.8217947382570283,1239.59670934
0.7262931,1370.7048,0.00052986835,False,100,50,15,0.8217947382570283,1239.59670934
0.0,307.6035,0.0,False,100,50,15,0.8217947382570283,1239.59670934
0.4795287,705.2261,0.0006799645,False,100,50,15,0.8217947382570283,1239.59670934
0.66438055,1024.2179,0.0006486711,False,100,50,15,0.8217947382570283,1239.59670934
0.13660222,498.4759,0.00027403978,False,100,50,15,0.8217947382570283,1239.59670934
0.48202482,288.26465,0.0016721607,False,100,50,15,0.8217947382570283,1239.59670934
0.6161599,1012.3609,0.0006086366,False,100,50,15,0.8217947382570283,1239.59670934
0.39837357,481.54715,0.0008272784,False,100,50,15,0.8217947382570283,1239.59670934
0.39484084,1806.4445,0.00021857348,False,100,50,15,0.8217947382570283,1239.59670934
0.82179475,1594.9663,0.0005152427,False,100,50,15,0.8217947382570283,1239.59670934
0.22126403,767.5823,0.000288261,False,100,50,15,0.8217947382570283,1239.59670934
0.82179475,462.52063,0.0017767743,False,100,50,15,0.8217947382570283,1239.59670934
0.7110963,741.6997,0.0009587388,False,100,50,15,0.8217947382570283,1239.59670934
0.82179475,380.35184,0.0021606174,False,100,50,15,0.8217947382570283,1239.59670934
0.5594134,322.29904,0.0017356967,False,100,50,15,0.8217947382570283,1239.59670934
0.82179475,1471.406,0.00055850984,False,100,50,15,0.8217947382570283,1239.59670934
0.0,112.414856,0.0,False,100,50,15,0.8217947382570283,1239.59670934
0.44821417,265.3595,0.0016890828,False,100,50,15,0.8217947382570283,1239.59670934
0.74365366,1087.5679,0.0006837768,False,100,50,15,0.8217947382570283,1239.59670934
0.78858924,1124.9342,0.00070100924,False,100,50,15,0.8217947382570283,1239.59670934
0.82179475,1079.3796,0.0007613584,False,100,50,15,0.8217947382570283,1239.59670934
0.5834355,923.56885,0.00063171843,False,100,50,15,0.8217947382570283,1239.59670934
0.6080466,608.4339,0.0009993635,False,100,50,15,0.8217947382570283,1239.59670934
0.058172096,352.43707,0.00016505668,False,100,50,15,0.8217947382570283,1239.59670934
0.82179475,906.6913,0.0009063667,False,100,50,15,0.8217947382570283,1239.59670934
0.37390217,596.7462,0.00062656816,False,100,50,15,0.8217947382570283,1239.59670934
0.82179475,559.1566,0.0014697041,False,100,50,15,0.8217947382570283,1239.59670934
0.0,119.60263,0.0,False,100,50,15,0.8217947382570283,1239.59670934
0.8183756,362.9172,0.0022549925,False,100,50,15,0.8217947382570283,1239.59670934
0.63537174,1072.3866,0.00059248385,False,100,50,15,0.8217947382570283,1239.59670934
0.4245669,236.62318,0.0017942743,False,100,50,15,0.8217947382570283,1239.59670934
0.70008004,905.25305,0.00077335286,False,100,50,15,0.8217947382570283,1239.59670934
0.65660405,1548.7241,0.0004239645,False,100,50,15,0.8217947382570283,1239.59670934
0.6974002,1269.6611,0.0005492806,False,100,50,15,0.8217947382570283,1239.59670934
0.5032241,1225.1509,0.00041074457,False,100,50,15,0.8217947382570283,1239.59670934
0.43309653,244.43991,0.0017717914,False,100,50,15,0.8217947382570283,1239.59670934
0.59690094,677.86475,0.00088056055,False,100,50,15,0.8217947382570283,1239.59670934
0.61889917,1274.5613,0.0004855782,False,100,50,15,0.8217947382570283,1239.59670934
0.82179475,423.94608,0.0019384417,False,100,50,15,0.8217947382570283,1239.59670934
0.0,175.41338,0.0,False,100,50,15,0.8217947382570283,1239.59670934
0.42104104,549.9442,0.0007656068,False,100,50,15,0.8217947382570283,1239.59670934
0.82179475,509.67957,0.0016123753,False,100,50,15,0.8217947382570283,1239.59670934
0.813993,344.2702,0.0023644015,True,100,50,15,0.8217947382570283,1239.59670934
0.65996075,1651.843,0.00039952993,False,100,50,15,0.8217947382570283,1239.59670934
0.5217157,775.4715,0.00067277224,False,100,50,15,0.8217947382570283,1239.59670934
0.6859371,792.8706,0.0008651312,False,100,50,15,0.8217947382570283,1239.59670934
0.5175514,704.8736,0.00073424715,False,100,50,15,0.8217947382570283,1239.59670934
0.51878506,313.23666,0.001656208,False,100,50,15,0.8217947382570283,1239.59670934
0.8204397,368.68402,0.0022253194,False,100,50,15,0.8217947382570283,1239.59670934
0.78471005,1148.5862,0.0006831965,False,100,50,15,0.8217947382570283,1239.59670934
0.33932814,510.36758,0.0006648701,False,100,50,15,0.8217947382570283,1239.59670934
0.82179475,529.9554,0.0015506867,False,100,50,15,0.8217947382570283,1239.59670934
0.25819996,1111.1022,0.00023238183,False,100,50,15,0.8217947382570283,1239.59670934
0.18016839,543.06067,0.00033176475,False,100,50,15,0.8217947382570283,1239.59670934
0.19252284,396.1064,0.0004860382,False,100,50,15,0.8217947382570283,1239.59670934
0.7593105,1151.136,0.0006596184,False,100,50,15,0.8217947382570283,1239.59670934
0.0,169.52705,0.0,False,100,50,15,0.8217947382570283,1239.59670934
0.82179475,439.2835,0.0018707616,False,100,50,15,0.8217947382570283,1239.59670934
0.5729868,345.97433,0.001656154,False,100,50,15,0.8217947382570283,1239.59670934
0.82179475,1193.0983,0.0006887905,False,100,50,15,0.8217947382570283,1239.59670934
0.44013107,246.81943,0.0017832108,False,100,50,15,0.8217947382570283,1239.59670934
0.0,7.764724,0.0,False,100,50,15,0.8217947382570283,1239.59670934
0.3127683,317.44174,0.0009852778,False,100,50,15,0.8217947382570283,1239.59670934
0.82179475,473.5024,0.0017355662,False,100,50,15,0.8217947382570283,1239.59670934
0.53523934,719.3415,0.0007440685,False,100,50,15,0.8217947382570283,1239.59670934
0.5472315,1036.8655,0.0005277748,False,100,50,15,0.8217947382570283,1239.59670934
0.5236702,313.63153,0.0016696989,False,100,50,15,0.8217947382570283,1239.59670934
0.6449995,1182.1987,0.00054559315,False,100,50,15,0.8217947382570283,1239.59670934
0.82179475,646.94366,0.0012702725,False,100,50,15,0.8217947382570283,1239.59670934
0.559211,976.4704,0.0005726861,False,100,50,15,0.8217947382570283,1239.59670934
0.1105018,423.13495,0.00026115027,False,100,50,15,0.8217947382570283,1239.59670934
0.81713265,351.94962,0.002321732,False,100,50,15,0.8217947382570283,1239.59670934
0.48447567,287.5501,0.0016848391,False,100,50,15,0.8217947382570283,1239.59670934
0.82179475,462.06128,0.0017785406,False,100,50,15,0.8217947382570283,1239.59670934
0.67736524,901.2842,0.00075155566,False,100,50,15,0.8217947382570283,1239.59670934
0.0,7.764724,0.0,False,100,50,15,0.8217947382570283,1239.59670934
0.43407133,580.8861,0.0007472572,False,100,50,15,0.8217947382570283,1239.59670934
0.82179475,387.5532,0.0021204695,False,100,50,15,0.8217947382570283,1239.59670934
0.33439997,509.05417,0.0006569045,False,100,50,15,0.8217947382570283,1239.59670934
0.6960255,916.74396,0.0007592365,False,100,50,15,0.8217947382570283,1239.59670934
0.6887311,1000.50256,0.0006883851,False,100,50,15,0.8217947382570283,1239.59670934
0.121870466,343.08337,0.00035522113,False,100,50,15,0.8217947382570283,1239.59670934
0.66620797,855.66907,0.00077858137,False,100,50,15,0.8217947382570283,1239.59670934
0.2773505,542.6485,0.00051110523,False,100,50,15,0.8217947382570283,1239.59670934
0.68675876,1273.9579,0.00053907494,False,100,50,15,0.8217947382570283,1239.59670934
0.82179475,534.65436,0.001537058,False,100,50,15,0.8217947382570283,1239.59670934
0.82179475,404.92474,0.0020295,False,100,50,15,0.8217947382570283,1239.59670934
0.6417079,707.23035,0.0009073535,False,100,50,15,0.8217947382570283,1239.59670934
0.82179475,889.1683,0.0009242286,False,100,50,15,0.8217947382570283,1239.59670934
0.82179475,959.67596,0.00085632526,False,100,50,15,0.8217947382570283,1239.59670934
0.4594363,265.43356,0.00173089,False,100,50,15,0.8217947382570283,1239.59670934
0.82036066,345.59293,0.0023737773,True,100,50,15,0.8217947382570283,1239.59670934
0.10135359,330.4726,0.00030669288,False,100,50,15,0.8217947382570283,1239.59670934
0.0,168.6182,0.0,False,100,50,15,0.8217947382570283,1239.59670934
0.7399271,766.039,0.0009659131,False,100,50,15,0.8217947382570283,1239.59670934
0.49911454,306.13828,0.0016303565,False,100,50,15,0.8217947382570283,1239.59670934
0.82179475,437.45477,0.0018785822,False,100,50,15,0.8217947382570283,1239.59670934
0.39361018,625.9237,0.0006288469,False,100,50,15,0.8217947382570283,1239.59670934
0.82179475,1340.5824,0.0006130132,False,100,50,15,0.8217947382570283,1239.59670934
0.82179475,1232.325,0.0006668653,False,100,50,15,0.8217947382570283,1239.59670934
0.5573084,352.4796,0.0015811081,False,100,50,15,0.8217947382570283,1239.59670934
0.82179475,354.14297,0.0023205169,False,100,50,15,0.8217947382570283,1239.59670934
0.5050594,314.1434,0.0016077353,False,100,50,15,0.8217947382570283,1239.59670934
0.82179475,439.68283,0.0018690627,False,100,50,15,0.8217947382570283,1239.59670934
0.82179475,351.03833,0.00234104,False,100,50,15,0.8217947382570283,1239.59670934
0.0,7.764724,0.0,False,100,50,15,0.8217947382570283,1239.59670934
0.82179475,923.43994,0.0008899277,False,100,50,15,0.8217947382570283,1239.59670934
0.4489717,255.41615,0.0017578047,False,100,50,15,0.8217947382570283,1239.59670934
0.48741373,296.72305,0.0016426555,False,100,50,15,0.8217947382570283,1239.59670934
0.6692479,1309.7252,0.00051098346,False,100,50,15,0.8217947382570283,1239.59670934
0.6634215,845.3522,0.0007847871,False,100,50,15,0.8217947382570283,1239.59670934
0.4267742,228.92737,0.0018642341,False,100,50,15,0.8217947382570283,1239.59670934
0.82179475,400.44437,0.002052207,False,100,50,15,0.8217947382570283,1239.59670934
0.82179475,724.86774,0.0011337168,False,100,50,15,0.8217947382570283,1239.59670934
0.82179475,1408.9958,0.0005832485,False,100,50,15,0.8217947382570283,1239.59670934
0.12356174,359.29883,0.00034389686,False,100,50,15,0.8217947382570283,1239.59670934
0.82179475,441.74832,0.0018603234,False,100,50,15,0.8217947382570283,1239.59670934
0.57557464,871.99646,0.0006600653,False,100,50,15,0.8217947382570283,1239.59670934
0.0,119.65054,0.0,False,100,50,15,0.8217947382570283,1239.59670934
0.68589,892.6224,0.00076839887,False,100,50,15,0.8217947382570283,1239.59670934
0.5721266,1054.1882,0.0005427177,False,100,50,15,0.8217947382570283,1239.59670934
0.45264506,261.856,0.001728603,False,100,50,15,0.8217947382570283,1239.59670934
0.5205978,335.60162,0.0015512374,False,100,50,15,0.8217947382570283,1239.59670934
0.47380877,286.81693,0.0016519554,False,100,50,15,0.8217947382570283,1239.59670934
0.23061082,651.41077,0.0003540175,False,100,50,15,0.8217947382570283,1239.59670934
0.75054854,715.61566,0.0010488151,False,100,50,15,0.8217947382570283,1239.59670934
0.0,316.07513,0.0,False,100,50,15,0.8217947382570283,1239.59670934
0.35800788,598.6418,0.00059803354,False,100,50,15,0.8217947382570283,1239.59670934
0.5177935,332.5718,0.0015569373,False,100,50,15,0.8217947382570283,1239.59670934
0.6463587,644.8732,0.0010023036,False,100,50,15,0.8217947382570283,1239.59670934
0.6077437,786.4725,0.0007727463,False,100,50,15,0.8217947382570283,1239.59670934
0.82179475,446.18423,0.0018418283,False,100,50,15,0.8217947382570283,1239.59670934
0.0,7.764724,0.0,False,100,50,15,0.8217947382570283,1239.59670934
0.70520085,833.1224,0.0008464553,False,100,50,15,0.8217947382570283,1239.59670934
0.506563,612.801,0.0008266354,False,100,50,15,0.8217947382570283,1239.59670934
0.0,174.88094,0.0,False,100,50,15,0.8217947382570283,1239.59670934
0.58811367,333.44946,0.0017637266,False,100,50,15,0.8217947382570283,1239.59670934
0.5559887,367.59695,0.0015124955,False,100,50,15,0.8217947382570283,1239.59670934
0.43130133,236.03691,0.0018272622,False,100,50,15,0.8217947382570283,1239.59670934
0.82179475,479.32333,0.0017144893,False,100,50,15,0.8217947382570283,1239.59670934
0.82179475,359.46957,0.0022861315,False,100,50,15,0.8217947382570283,1239.59670934
0.43810588,243.71735,0.0017975983,False,100,50,15,0.8217947382570283,1239.59670934
0.79940045,1056.9949,0.00075629546,False,100,50,15,0.8217947382570283,1239.59670934
0.76303285,863.01337,0.0008841495,False,100,50,15,0.8217947382570283,1239.59670934
0.66394144,1310.6053,0.00050659146,False,100,50,15,0.8217947382570283,1239.59670934
0.70480865,1091.2722,0.00064585963,False,100,50,15,0.8217947382570283,1239.59670934
0.0,7.764724,0.0,False,100,50,15,0.8217947382570283,1239.59670934
0.5072779,325.74615,0.0015572798,False,100,50,15,0.8217947382570283,1239.59670934
0.82179475,348.63693,0.0023571649,False,100,50,15,0.8217947382570283,1239.59670934
0.82179475,1070.2407,0.00076785975,False,100,50,15,0.8217947382570283,1239.59670934
0.1638032,235.35481,0.0006959841,False,100,50,15,0.8217947382570283,1239.59670934
0.46831048,281.91544,0.0016611735,False,100,50,15,0.8217947382570283,1239.59670934
0.0,490.5052,0.0,False,100,50,15,0.8217947382570283,1239.59670934
0.82179475,370.98343,0.0022151791,False,100,50,15,0.8217947382570283,1239.59670934
0.06311207,373.78275,0.00016884693,False,100,50,15,0.8217947382570283,1239.59670934
0.0,241.7233,0.0,False,100,50,15,0.8217947382570283,1239.59670934
0.82179475,844.73145,0.00097284734,False,100,50,15,0.8217947382570283,1239.59670934
0.2751629,373.03366,0.0007376356,False,100,50,15,0.8217947382570283,1239.59670934
0.46524635,277.18777,0.0016784519,False,100,50,15,0.8217947382570283,1239.59670934
0.22028175,389.31494,0.0005658189,False,100,50,15,0.8217947382570283,1239.59670934
0.82179475,432.75354,0.0018989902,False,100,50,15,0.8217947382570283,1239.59670934
0.82179475,374.63138,0.002193609,False,100,50,15,0.8217947382570283,1239.59670934
0.44548604,250.76463,0.0017765106,False,100,50,15,0.8217947382570283,1239.59670934
0.5421408,646.38196,0.0008387313,False,100,50,15,0.8217947382570283,1239.59670934
0.82179475,1257.2671,0.00065363577,False,100,50,15,0.8217947382570283,1239.59670934
0.56975144,579.1106,0.0009838387,False,100,50,15,0.8217947382570283,1239.59670934
0.5046781,624.71674,0.000807851,False,100,50,15,0.8217947382570283,1239.59670934
0.82179475,420.21225,0.0019556659,False,100,50,15,0.8217947382570283,1239.59670934
0.82179475,1269.7179,0.00064722623,False,100,50,15,0.8217947382570283,1239.59670934
0.49167594,307.4583,0.0015991629,False,100,50,15,0.8217947382570283,1239.59670934
0.82179475,946.50885,0.0008682378,False,100,50,15,0.8217947382570283,1239.59670934
0.25982302,546.0515,0.00047582146,False,100,50,15,0.8217947382570283,1239.59670934
0.62880284,802.12524,0.000783921,False,100,50,15,0.8217947382570283,1239.59670934
0.49832836,314.34222,0.0015853052,False,100,50,15,0.8217947382570283,1239.59670934
0.82179475,397.07294,0.0020696318,False,100,50,15,0.8217947382570283,1239.59670934
0.41442978,208.76306,0.001985168,False,100,50,15,0.8217947382570283,1239.59670934
0.48453042,300.79657,0.0016108243,False,100,50,15,0.8217947382570283,1239.59670934
0.82179475,425.8026,0.0019299899,False,100,50,15,0.8217947382570283,1239.59670934
0.48994297,306.7094,0.0015974174,False,100,50,15,0.8217947382570283,1239.59670934
0.82179475,370.40738,0.002218624,False,100,50,15,0.8217947382570283,1239.59670934
0.8048469,1230.5907,0.000654033,False,100,50,15,0.8217947382570283,1239.59670934
0.34687573,488.95557,0.00070942176,False,100,50,15,0.8217947382570283,1239.59670934
0.65454406,714.8968,0.0009155784,False,100,50,15,0.8217947382570283,1239.59670934
0.6201328,574.7811,0.0010789025,False,100,50,15,0.8217947382570283,1239.59670934
0.45933354,268.47815,0.0017108787,False,100,50,15,0.8217947382570283,1239.59670934
0.82179475,453.29367,0.0018129412,False,100,50,15,0.8217947382570283,1239.59670934
0.48375836,541.9985,0.0008925456,False,100,50,15,0.8217947382570283,1239.59670934
0.24947815,412.27844,0.0006051205,False,100,50,15,0.8217947382570283,1239.59670934
0.0,7.764724,0.0,False,100,50,15,0.8217947382570283,1239.59670934
0.66648805,580.5991,0.0011479316,False,100,50,15,0.8217947382570283,1239.59670934
0.51181555,513.1532,0.0009973933,False,100,50,15,0.8217947382570283,1239.59670934
0.4844965,300.7272,0.001611083,False,100,50,15,0.8217947382570283,1239.59670934
0.82179475,362.04614,0.002269862,False,100,50,15,0.8217947382570283,1239.59670934
0.47628877,512.75037,0.00092889013,False,100,50,15,0.8217947382570283,1239.59670934
0.82179475,486.2437,0.0016900882,False,100,50,15,0.8217947382570283,1239.59670934
0.5889408,932.4362,0.0006316151,False,100,50,15,0.8217947382570283,1239.59670934
0.0,1114.5187,0.0,False,100,50,15,0.8217947382570283,1239.59670934
0.82179475,579.97577,0.0014169466,False,100,50,15,0.8217947382570283,1239.59670934
0.5160767,337.3782,0.0015296681,False,100,50,15,0.8217947382570283,1239.59670934
0.0,87.322624,0.0,False,100,50,15,0.8217947382570283,1239.59670934
0.7081114,1260.0264,0.0005619814,False,100,50,15,0.8217947382570283,1239.59670934
0.73432434,1312.4537,0.00055950496,False,100,50,15,0.8217947382570283,1239.59670934
0.5621689,1325.3412,0.00042416918,False,100,50,15,0.8217947382570283,1239.59670934
0.7154837,857.6965,0.0008341922,False,100,50,15,0.8217947382570283,1239.59670934
0.64558125,930.26044,0.00069397903,False,100,50,15,0.8217947382570283,1239.59670934
0.086742155,575.13776,0.00015081979,False,100,50,15,0.8217947382570283,1239.59670934
0.82179475,409.9851,0.0020044502,False,100,50,15,0.8217947382570283,1239.59670934
0.0,332.88513,0.0,False,100,50,15,0.8217947382570283,1239.59670934
0.6837598,725.98395,0.0009418387,False,100,50,15,0.8217947382570283,1239.59670934
0.82179475,1107.8396,0.0007417994,False,100,50,15,0.8217947382570283,1239.59670934
0.8217947,365.03302,0.0022512886,False,100,50,15,0.8217947382570283,1239.59670934
0.6442156,619.4613,0.001039961,False,100,50,15,0.8217947382570283,1239.59670934
0.82179475,672.0751,0.0012227723,False,100,50,15,0.8217947382570283,1239.59670934
0.82179475,1485.5222,0.0005532026,False,100,50,15,0.8217947382570283,1239.59670934
0.82179475,818.93054,0.0010034975,False,100,50,15,0.8217947382570283,1239.59670934
0.0,121.811615,0.0,False,100,50,15,0.8217947382570283,1239.59670934
0.25334534,832.38025,0.0003043625,False,100,50,15,0.8217947382570283,1239.59670934
0.51576906,337.6914,0.0015273384,False,100,50,15,0.8217947382570283,1239.59670934
0.8217947,367.22156,0.0022378715,False,100,50,15,0.8217947382570283,1239.59670934
0.0,105.29032,0.0,False,100,50,15,0.8217947382570283,1239.59670934
0.5735458,706.75867,0.0008115158,False,100,50,15,0.8217947382570283,1239.59670934
0.81556785,371.4409,0.0021956868,False,100,50,15,0.8217947382570283,1239.59670934
0.5715329,802.91077,0.0007118262,False,100,50,15,0.8217947382570283,1239.59670934
0.4534455,276.559,0.0016395977,False,100,50,15,0.8217947382570283,1239.59670934
0.0,365.79742,0.0,False,100,50,15,0.8217947382570283,1239.59670934
0.6489551,522.2683,0.0012425703,False,100,50,15,0.8217947382570283,1239.59670934
0.42800277,250.1729,0.0017108279,False,100,50,15,0.8217947382570283,1239.59670934
0.82179475,1004.9713,0.00081772957,False,100,50,15,0.8217947382570283,1239.59670934
0.28435555,1041.1277,0.00027312266,False,100,50,15,0.8217947382570283,1239.59670934
0.6654235,697.5081,0.0009540011,False,100,50,15,0.8217947382570283,1239.59670934
0.0065285116,411.2683,1.5874093e-05,False,100,50,15,0.8217947382570283,1239.59670934
0.0,223.98181,0.0,False,100,50,15,0.8217947382570283,1239.59670934
0.3343203,970.03656,0.00034464712,False,100,50,15,0.8217947382570283,1239.59670934
0.82179475,1072.9838,0.0007658967,False,100,50,15,0.8217947382570283,1239.59670934
0.0,194.13712,0.0,False,100,50,15,0.8217947382570283,1239.59670934
0.1855531,814.93134,0.00022769171,False,100,50,15,0.8217947382570283,1239.59670934
0.82179475,413.49353,0.0019874428,False,100,50,15,0.8217947382570283,1239.59670934
0.0,280.86642,0.0,False,100,50,15,0.8217947382570283,1239.59670934
0.7168777,707.84064,0.0010127671,False,100,50,15,0.8217947382570283,1239.59670934
0.42426214,241.7873,0.0017546916,False,100,50,15,0.8217947382570283,1239.59670934
0.43554866,533.45306,0.0008164705,False,100,50,15,0.8217947382570283,1239.59670934
0.7683125,324.47128,0.0023678907,True,100,50,15,0.8217947382570283,1239.59670934
0.7334347,1150.3047,0.0006376004,False,100,50,15,0.8217947382570283,1239.59670934
0.61489224,628.34485,0.0009785905,False,100,50,15,0.8217947382570283,1239.59670934
0.80320615,1181.7548,0.00067967246,False,100,50,15,0.8217947382570283,1239.59670934
0.82179475,482.8916,0.0017018203,False,100,50,15,0.8217947382570283,1239.59670934
0.0,295.4418,0.0,False,100,50,15,0.8217947382570283,1239.59670934
0.3854169,480.33868,0.00080238574,False,100,50,15,0.8217947382570283,1239.59670934
0.0,413.96027,0.0,False,100,50,15,0.8217947382570283,1239.59670934
0.58884335,843.10986,0.0006984183,False,100,50,15,0.8217947382570283,1239.59670934
0.796273,335.65295,0.0023723105,True,100,50,15,0.8217947382570283,1239.59670934
0.0,7.764724,0.0,False,100,50,15,0.8217947382570283,1239.59670934
0.4191105,237.55049,0.0017643007,False,100,50,15,0.8217947382570283,1239.59670934
0.79935384,355.01688,0.0022515939,False,100,50,15,0.8217947382570283,1239.59670934
0.8174574,377.12793,0.0021675865,False,100,50,15,0.8217947382570283,1239.59670934
0.4358209,258.9459,0.0016830579,False,100,50,15,0.8217947382570283,1239.59670934
0.56990415,616.95306,0.00092373986,False,100,50,15,0.8217947382570283,1239.59670934
0.7328012,631.8986,0.0011596816,False,100,50,15,0.8217947382570283,1239.59670934
0.47535443,323.25476,0.0014705257,False,100,50,15,0.8217947382570283,1239.59670934
0.6935349,324.95325,0.0021342605,False,100,50,15,0.8217947382570283,1239.59670934
0.6521554,911.54724,0.00071543787,False,100,50,15,0.8217947382570283,1239.59670934
0.305053,604.02924,0.00050503016,False,100,50,15,0.8217947382570283,1239.59670934
0.62952435,563.8553,0.0011164644,False,100,50,15,0.8217947382570283,1239.59670934
0.24268837,404.0793,0.0006005959,False,100,50,15,0.8217947382570283,1239.59670934
0.77454525,577.8055,0.0013404948,False,100,50,15,0.8217947382570283,1239.59670934
0.0,7.764724,0.0,False,100,50,15,0.8217947382570283,1239.59670934
0.7981379,363.45117,0.0021959976,False,100,50,15,0.8217947382570283,1239.59670934
0.45582256,292.18503,0.0015600476,False,100,50,15,0.8217947382570283,1239.59670934
0.53990036,642.1716,0.0008407416,False,100,50,15,0.8217947382570283,1239.59670934
0.39268312,544.1878,0.00072159484,False,100,50,15,0.8217947382570283,1239.59670934
0.0,150.775,0.0,False,100,50,15,0.8217947382570283,1239.59670934
0.79984564,1131.1509,0.0007071078,False,100,50,15,0.8217947382570283,1239.59670934
0.4084229,599.32025,0.00068147684,False,100,50,15,0.8217947382570283,1239.59670934
0.0,161.59904,0.0,False,100,50,15,0.8217947382570283,1239.59670934
0.82179475,1738.462,0.00047271367,False,100,50,15,0.8217947382570283,1239.59670934
0.0,512.4147,0.0,False,100,50,15,0.8217947382570283,1239.59670934
0.82179475,410.30536,0.0020028858,False,100,50,15,0.8217947382570283,1239.59670934
0.57475704,571.617,0.0010054932,False,100,50,15,0.8217947382570283,1239.59670934
0.70607847,1025.8619,0.00068827823,False,100,50,15,0.8217947382570283,1239.59670934
0.7339057,767.1714,0.0009566385,False,100,50,15,0.8217947382570283,1239.59670934
0.5729262,1199.9703,0.00047745032,False,100,50,15,0.8217947382570283,1239.59670934
0.8166576,385.0571,0.0021208741,False,100,50,15,0.8217947382570283,1239.59670934
0.5273777,621.2216,0.00084893656,False,100,50,15,0.8217947382570283,1239.59670934
0.82179475,438.68567,0.0018733111,False,100,50,15,0.8217947382570283,1239.59670934
0.0,307.13196,0.0,False,100,50,15,0.8217947382570283,1239.59670934
0.71498626,761.39264,0.0009390507,False,100,50,15,0.8217947382570283,1239.59670934
0.7529434,929.19366,0.00081031915,False,100,50,15,0.8217947382570283,1239.59670934
0.74803966,1032.2551,0.0007246655,False,100,50,15,0.8217947382570283,1239.59670934
0.7238687,800.81476,0.0009039153,False,100,50,15,0.8217947382570283,1239.59670934
0.0,7.764724,0.0,False,100,50,15,0.8217947382570283,1239.59670934
0.72055477,1336.8201,0.00053900655,False,100,50,15,0.8217947382570283,1239.59670934
0.82179475,1376.2617,0.00059712096,False,100,50,15,0.8217947382570283,1239.59670934
0.4673148,308.73376,0.0015136498,False,100,50,15,0.8217947382570283,1239.59670934
0.6589205,1146.6993,0.00057462364,False,100,50,15,0.8217947382570283,1239.59670934
0.62363684,866.975,0.0007193251,False,100,50,15,0.8217947382570283,1239.59670934
0.0,90.77917,0.0,False,100,50,15,0.8217947382570283,1239.59670934
0.82179475,499.01062,0.0016468482,False,100,50,15,0.8217947382570283,1239.59670934
0.80414,373.4348,0.002153361,False,100,50,15,0.8217947382570283,1239.59670934
0.7119501,710.6586,0.0010018173,False,100,50,15,0.8217947382570283,1239.59670934
0.72196925,938.74365,0.0007690803,False,100,50,15,0.8217947382570283,1239.59670934
0.75296026,342.64734,0.002197479,False,100,50,15,0.8217947382570283,1239.59670934
0.44355446,274.90646,0.0016134741,False,100,50,15,0.8217947382570283,1239.59670934
0.20717467,492.5343,0.00042062995,False,100,50,15,0.8217947382570283,1239.59670934
0.82025564,396.05164,0.0020710826,False,100,50,15,0.8217947382570283,1239.59670934
0.0,175.94916,0.0,False,100,50,15,0.8217947382570283,1239.59670934
0.82179475,638.29816,0.0012874779,False,100,50,15,0.8217947382570283,1239.59670934
0.3129749,528.98425,0.0005916526,False,100,50,15,0.8217947382570283,1239.59670934
0.71603566,649.90674,0.0011017515,False,100,50,15,0.8217947382570283,1239.59670934
0.0,7.764724,0.0,False,100,50,15,0.8217947382570283,1239.59670934
0.47244427,305.0891,0.0015485452,False,100,50,15,0.8217947382570283,1239.59670934
0.7327314,745.95135,0.0009822777,False,100,50,15,0.8217947382570283,1239.59670934
0.48153302,308.78265,0.0015594562,False,100,50,15,0.8217947382570283,1239.59670934
0.82179475,423.83478,0.0019389507,False,100,50,15,0.8217947382570283,1239.59670934
0.4369693,745.6533,0.0005860221,False,100,50,15,0.8217947382570283,1239.59670934
0.6725016,755.6603,0.00088995235,False,100,50,15,0.8217947382570283,1239.59670934
0.32039437,725.93134,0.0004413563,False,100,50,15,0.8217947382570283,1239.59670934
0.54962647,740.2589,0.0007424787,False,100,50,15,0.8217947382570283,1239.59670934
0.8034099,1157.6837,0.00069398043,False,100,50,15,0.8217947382570283,1239.59670934
0.58900714,829.21893,0.0007103156,False,100,50,15,0.8217947382570283,1239.59670934
0.4344791,261.29587,0.0016627859,False,100,50,15,0.8217947382570283,1239.59670934
0.82179475,868.3707,0.00094636396,False,100,50,15,0.8217947382570283,1239.59670934
0.6239322,921.14325,0.00067734544,False,100,50,15,0.8217947382570283,1239.59670934
0.61952126,1282.9757,0.00048287841,False,100,50,15,0.8217947382570283,1239.59670934
0.51587987,689.5144,0.0007481785,False,100,50,15,0.8217947382570283,1239.59670934
0.0,8.652347,0.0,False,100,50,15,0.8217947382570283,1239.59670934
0.70584744,812.8711,0.00086833874,False,100,50,15,0.8217947382570283,1239.59670934
0.44851953,277.19745,0.0016180507,False,100,50,15,0.8217947382570283,1239.59670934
0.82179475,513.9311,0.0015990369,False,100,50,15,0.8217947382570283,1239.59670934
0.038700882,206.67494,0.00018725483,False,100,50,15,0.8217947382570283,1239.59670934
0.023375072,400.9117,5.8304788e-05,False,100,50,15,0.8217947382570283,1239.59670934
0.82179475,956.68884,0.000858999,False,100,50,15,0.8217947382570283,1239.59670934
0.82179475,1214.8011,0.000676485,False,100,50,15,0.8217947382570283,1239.59670934
0.61564785,1116.8549,0.00055123353,False,100,50,15,0.8217947382570283,1239.59670934
0.0,87.88279,0.0,False,100,50,15,0.8217947382570283,1239.59670934
0.68935347,872.73145,0.0007898804,False,100,50,15,0.8217947382570283,1239.59670934
0.46029478,272.80188,0.001687286,False,100,50,15,0.8217947382570283,1239.59670934
0.69805425,1057.9359,0.0006598266,False,100,50,15,0.8217947382570283,1239.59670934
0.82179475,416.903,0.0019711892,False,100,50,15,0.8217947382570283,1239.59670934
0.69921225,1159.2551,0.0006031565,False,100,50,15,0.8217947382570283,1239.59670934
0.6480019,1126.1593,0.00057540875,False,100,50,15,0.8217947382570283,1239.59670934
0.46405134,292.12042,0.0015885618,False,100,50,15,0.8217947382570283,1239.59670934
0.78372145,353.07776,0.0022196851,False,100,50,15,0.8217947382570283,1239.59670934
0.0,61.45737,0.0,False,100,50,15,0.8217947382570283,1239.59670934
0.82179475,583.47363,0.0014084523,False,100,50,15,0.8217947382570283,1239.59670934
0.4817842,424.09103,0.0011360396,False,100,50,15,0.8217947382570283,1239.59670934
0.81482273,392.13895,0.002077893,False,100,50,15,0.8217947382570283,1239.59670934
0.7416455,339.81754,0.0021824816,False,100,50,15,0.8217947382570283,1239.59670934
0.0,129.97072,0.0,False,100,50,15,0.8217947382570283,1239.59670934
0.78473985,722.1834,0.0010866213,False,100,50,15,0.8217947382570283,1239.59670934
0.5687911,372.4092,0.0015273282,False,100,50,15,0.8217947382570283,1239.59670934
0.5094533,913.9935,0.00055739266,False,100,50,15,0.8217947382570283,1239.59670934
0.6466553,794.7775,0.0008136306,False,100,50,15,0.8217947382570283,1239.59670934
0.7792192,526.3379,0.0014804543,False,100,50,15,0.8217947382570283,1239.59670934
0.58836174,793.74225,0.00074125035,False,100,50,15,0.8217947382570283,1239.59670934
0.48336285,591.5578,0.0008171016,False,100,50,15,0.8217947382570283,1239.59670934
0.60507065,604.20233,0.0010014371,False,100,50,15,0.8217947382570283,1239.59670934
0.82179475,411.41385,0.0019974892,False,100,50,15,0.8217947382570283,1239.59670934
0.770219,1170.2504,0.000658166,False,100,50,15,0.8217947382570283,1239.59670934
0.47104365,278.76407,0.0016897573,False,100,50,15,0.8217947382570283,1239.59670934
0.67540103,1188.121,0.0005684615,False,100,50,15,0.8217947382570283,1239.59670934
0.76476926,861.2901,0.0008879346,False,100,50,15,0.8217947382570283,1239.59670934
0.3977481,563.50055,0.00070585223,False,100,50,15,0.8217947382570283,1239.59670934
0.0,354.74777,0.0,False,100,50,15,0.8217947382570283,1239.59670934
0.2800519,363.05682,0.00077137206,False,100,50,15,0.8217947382570283,1239.59670934
0.586082,526.3545,0.0011134739,False,100,50,15,0.8217947382570283,1239.59670934
0.79126245,369.3645,0.0021422266,False,100,50,15,0.8217947382570283,1239.59670934
0.7572173,1120.0273,0.00067607034,False,100,50,15,0.8217947382570283,1239.59670934
0.5041475,308.19507,0.0016358066,False,100,50,15,0.8217947382570283,1239.59670934
0.82179475,1503.2233,0.0005466884,False,100,50,15,0.8217947382570283,1239.59670934
0.0,7.764724,0.0,False,100,50,15,0.8217947382570283,1239.59670934
0.6238945,316.5213,0.0019710981,False,100,50,15,0.8217947382570283,1239.59670934
0.80978435,398.3963,0.0020326101,False,100,50,15,0.8217947382570283,1239.59670934
0.82179475,990.1398,0.00082997855,False,100,50,15,0.8217947382570283,1239.59670934
0.577655,702.55475,0.00082222064,False,100,50,15,0.8217947382570283,1239.59670934
0.5099528,313.73724,0.0016254137,False,100,50,15,0.8217947382570283,1239.59670934
0.5547416,345.9271,0.0016036374,False,100,50,15,0.8217947382570283,1239.59670934
0.47253233,856.1091,0.00055195345,False,100,50,15,0.8217947382570283,1239.59670934
0.6171139,1007.6548,0.0006124259,False,100,50,15,0.8217947382570283,1239.59670934
0.82179475,725.0512,0.0011334299,False,100,50,15,0.8217947382570283,1239.59670934
0.82179475,740.46893,0.0011098301,False,100,50,15,0.8217947382570283,1239.59670934
0.71000695,341.323,0.0020801616,False,100,50,15,0.8217947382570283,1239.59670934
0.0,514.74243,0.0,False,100,50,15,0.8217947382570283,1239.59670934
0.0,7.764724,0.0,False,100,50,15,0.8217947382570283,1239.59670934
0.35989913,573.7186,0.0006273095,False,100,50,15,0.8217947382570283,1239.59670934
0.6333187,765.7177,0.00082709163,False,100,50,15,0.8217947382570283,1239.59670934
0.7151899,1004.3266,0.00071210886,False,100,50,15,0.8217947382570283,1239.59670934
0.65350306,320.66736,0.0020379468,False,100,50,15,0.8217947382570283,1239.59670934
0.81210834,400.0207,0.0020301659,False,100,50,15,0.8217947382570283,1239.59670934
0.5371107,1238.7002,0.0004336083,False,100,50,15,0.8217947382570283,1239.59670934
0.73291534,1008.3476,0.0007268479,False,100,50,15,0.8217947382570283,1239.59670934
0.31636465,202.13718,0.0015650988,False,100,50,15,0.8217947382570283,1239.59670934
0.7091764,752.69965,0.0009421772,False,100,50,15,0.8217947382570283,1239.59670934
0.82179475,764.4859,0.001074964,False,100,50,15,0.8217947382570283,1239.59670934
0.59945804,1155.4252,0.0005188203,False,100,50,15,0.8217947382570283,1239.59670934
0.82070285,437.22983,0.0018770514,False,100,50,15,0.8217947382570283,1239.59670934
0.0,119.077995,0.0,False,100,50,15,0.8217947382570283,1239.59670934
0.42060298,225.58694,0.0018644828,False,100,50,15,0.8217947382570283,1239.59670934
0.21468598,349.7343,0.0006138545,False,100,50,15,0.8217947382570283,1239.59670934
0.82179475,1260.7935,0.0006518076,False,100,50,15,0.8217947382570283,1239.59670934
0.7658709,1397.7633,0.00054792606,False,100,50,15,0.8217947382570283,1239.59670934
0.3165849,555.0846,0.0005703363,False,100,50,15,0.8217947382570283,1239.59670934
0.70589846,342.48022,0.0020611365,False,100,50,15,0.8217947382570283,1239.59670934
0.52106863,589.96063,0.0008832261,False,100,50,15,0.8217947382570283,1239.59670934
0.0,171.74718,0.0,False,100,50,15,0.8217947382570283,1239.59670934
0.7098161,643.17896,0.001103606,False,100,50,15,0.8217947382570283,1239.59670934
0.11271406,377.16638,0.0002988444,False,100,50,15,0.8217947382570283,1239.59670934
0.77906525,374.88773,0.0020781294,False,100,50,15,0.8217947382570283,1239.59670934
0.0,7.764724,0.0,False,100,50,15,0.8217947382570283,1239.59670934
0.5817102,660.7514,0.00088037684,False,100,50,15,0.8217947382570283,1239.59670934
0.41031793,443.3504,0.00092549354,False,100,50,15,0.8217947382570283,1239.59670934
0.41968238,232.1977,0.0018074356,False,100,50,15,0.8217947382570283,1239.59670934
0.82179475,1441.0769,0.00057026435,False,100,50,15,0.8217947382570283,1239.59670934
0.82179475,1199.3535,0.0006851981,False,100,50,15,0.8217947382570283,1239.59670934
0.0,561.7286,0.0,False,100,50,15,0.8217947382570283,1239.59670934
0.8217939,771.81647,0.001064753,False,100,50,15,0.8217947382570283,1239.59670934
0.4630009,829.8065,0.00055796246,False,100,50,15,0.8217947382570283,1239.59670934
0.7724849,360.78857,0.0021411013,False,100,50,15,0.8217947382570283,1239.59670934
0.0,7.764724,0.0,False,100,50,15,0.8217947382570283,1239.59670934
0.82179475,1072.1106,0.0007665205,False,100,50,15,0.8217947382570283,1239.59670934
0.0,323.09482,0.0,False,100,50,15,0.8217947382570283,1239.59670934
0.82179475,663.9942,0.0012376535,False,100,50,15,0.8217947382570283,1239.59670934
0.82179475,679.78546,0.0012089032,False,100,50,15,0.8217947382570283,1239.59670934
0.0,173.67894,0.0,False,100,50,15,0.8217947382570283,1239.59670934
0.82179475,676.9484,0.0012139695,False,100,50,15,0.8217947382570283,1239.59670934
0.6715896,314.10532,0.0021381034,True,100,50,15,0.8217947382570283,1239.59670934
0.82179475,976.7392,0.0008413656,False,100,50,15,0.8217947382570283,1239.59670934
0.16581795,1393.0685,0.00011903072,False,100,50,15,0.8217947382570283,1239.59670934
0.7894846,372.3147,0.0021204767,False,100,50,15,0.8217947382570283,1239.59670934
0.69899666,320.0147,0.0021842641,True,100,50,15,0.8217947382570283,1239.59670934
0.82179475,967.8399,0.0008491019,False,100,50,15,0.8217947382570283,1239.59670934
0.5721344,479.00745,0.0011944164,False,100,50,15,0.8217947382570283,1239.59670934
0.79622304,397.29,0.0020041356,False,100,50,15,0.8217947382570283,1239.59670934
0.7464343,1041.567,0.00071664545,False,100,50,15,0.8217947382570283,1239.59670934
0.82179475,1020.761,0.00080508046,False,100,50,15,0.8217947382570283,1239.59670934
0.55139756,1033.0477,0.0005337581,False,100,50,15,0.8217947382570283,1239.59670934
0.5963172,668.7807,0.0008916483,False,100,50,15,0.8217947382570283,1239.59670934
0.75693846,375.37918,0.0020164635,False,100,50,15,0.8217947382570283,1239.59670934
0.8110289,428.31015,0.0018935552,False,100,50,15,0.8217947382570283,1239.59670934
0.7507662,787.3255,0.00095356524,False,100,50,15,0.8217947382570283,1239.59670934
0.57383806,743.5893,0.00077171373,False,100,50,15,0.8217947382570283,1239.59670934
0.4162915,919.6314,0.00045267213,False,100,50,15,0.8217947382570283,1239.59670934
0.65638953,814.8775,0.000805507,False,100,50,15,0.8217947382570283,1239.59670934
0.48638442,785.9682,0.00061883475,False,100,50,15,0.8217947382570283,1239.59670934
0.11379725,439.30814,0.00025903742,False,100,50,15,0.8217947382570283,1239.59670934
0.601228,320.6877,0.0018748083,False,100,50,15,0.8217947382570283,1239.59670934
0.6376885,658.27014,0.00096873374,False,100,50,15,0.8217947382570283,1239.59670934
0.7324941,361.1366,0.002028302,False,100,50,15,0.8217947382570283,1239.59670934
0.67386925,601.2279,0.0011208217,False,100,50,15,0.8217947382570283,1239.59670934
0.8157922,425.5603,0.0019169837,False,100,50,15,0.8217947382570283,1239.59670934
0.7740215,1356.1431,0.0005707521,False,100,50,15,0.8217947382570283,1239.59670934
0.47515824,290.48315,0.0016357515,False,100,50,15,0.8217947382570283,1239.59670934
0.44939545,265.13156,0.0016949904,False,100,50,15,0.8217947382570283,1239.59670934
0.24756898,389.29388,0.00063594367,False,100,50,15,0.8217947382570283,1239.59670934
0.7576753,754.39764,0.0010043447,False,100,50,15,0.8217947382570283,1239.59670934
0.5876999,565.0632,0.0010400605,False,100,50,15,0.8217947382570283,1239.59670934
0.7068836,1023.8874,0.0006903919,False,100,50,15,0.8217947382570283,1239.59670934
0.6044717,828.6839,0.00072943576,False,100,50,15,0.8217947382570283,1239.59670934
0.794607,973.95135,0.000815859,False,100,50,15,0.8217947382570283,1239.59670934
0.0,113.63533,0.0,False,100,50,15,0.8217947382570283,1239.59670934
0.82179475,953.3314,0.0008620242,False,100,50,15,0.8217947382570283,1239.59670934
0.0,132.85892,0.0,False,100,50,15,0.8217947382570283,1239.59670934
0.7722597,378.85233,0.0020384188,False,100,50,15,0.8217947382570283,1239.59670934
0.8084239,976.03766,0.0008282712,False,100,50,15,0.8217947382570283,1239.59670934
0.7066166,963.3971,0.0007334635,False,100,50,15,0.8217947382570283,1239.59670934
0.26867202,252.982,0.0010620203,False,100,50,15,0.8217947382570283,1239.59670934
0.41218367,569.1395,0.0007242225,False,100,50,15,0.8217947382570283,1239.59670934
0.32179302,211.17401,0.0015238287,False,100,50,15,0.8217947382570283,1239.59670934
0.0,9.419997,0.0,False,100,50,15,0.8217947382570283,1239.59670934
0.6715825,631.8453,0.0010628907,False,100,50,15,0.8217947382570283,1239.59670934
0.48573294,300.3137,0.0016174186,False,100,50,15,0.8217947382570283,1239.59670934
0.6975133,1044.3186,0.00066791236,False,100,50,15,0.8217947382570283,1239.59670934
0.6642379,863.86145,0.0007689172,False,100,50,15,0.8217947382570283,1239.59670934
0.64798945,1063.6937,0.000609188,False,100,50,15,0.8217947382570283,1239.59670934
0.5929937,1040.4526,0.00056993816,False,100,50,15,0.8217947382570283,1239.59670934
0.18612413,335.4798,0.0005547998,False,100,50,15,0.8217947382570283,1239.59670934
0.43925163,252.46977,0.0017398187,False,100,50,15,0.8217947382570283,1239.59670934
0.41825718,228.47536,0.0018306446,False,100,50,15,0.8217947382570283,1239.59670934
0.820917,466.52182,0.001759654,False,100,50,15,0.8217947382570283,1239.59670934
0.72380835,811.4327,0.0008920128,False,100,50,15,0.8217947382570283,1239.59670934
0.6974891,941.17065,0.0007410867,False,100,50,15,0.8217947382570283,1239.59670934
0.64922124,1088.1504,0.00059662823,False,100,50,15,0.8217947382570283,1239.59670934
0.73413026,1004.06946,0.00073115487,False,100,50,15,0.8217947382570283,1239.59670934
0.58052254,892.06903,0.00065075967,False,100,50,15,0.8217947382570283,1239.59670934
0.7329203,358.68967,0.002043327,False,100,50,15,0.8217947382570283,1239.59670934
0.36184478,587.9319,0.0006154536,False,100,50,15,0.8217947382570283,1239.59670934
0.61517054,326.11844,0.0018863409,False,100,50,15,0.8217947382570283,1239.59670934
0.6789049,1449.1876,0.00046847275,False,100,50,15,0.8217947382570283,1239.59670934
0.56020105,1188.1108,0.00047150571,False,100,50,15,0.8217947382570283,1239.59670934
0.65105313,1003.60425,0.000648715,False,100,50,15,0.8217947382570283,1239.59670934
0.612216,1388.5642,0.00044089858,False,100,50,15,0.8217947382570283,1239.59670934
0.56331813,1111.5935,0.0005067663,False,100,50,15,0.8217947382570283,1239.59670934
0.7994572,398.39215,0.002006709,False,100,50,15,0.8217947382570283,1239.59670934
0.82179475,1426.3804,0.00057613995,False,100,50,15,0.8217947382570283,1239.59670934
0.57052326,665.9652,0.00085668627,False,100,50,15,0.8217947382570283,1239.59670934
0.62441146,774.6561,0.00080604985,False,100,50,15,0.8217947382570283,1239.59670934
0.53871095,740.2785,0.00072771386,False,100,50,15,0.8217947382570283,1239.59670934
0.6226061,782.2421,0.00079592504,False,100,50,15,0.8217947382570283,1239.59670934
0.0,55.16361,0.0,False,100,50,15,0.8217947382570283,1239.59670934
0.6705665,696.15204,0.0009632472,False,100,50,15,0.8217947382570283,1239.59670934
0.39027885,474.81247,0.0008219642,False,100,50,15,0.8217947382570283,1239.59670934
0.55783486,618.033,0.0009025972,False,100,50,15,0.8217947382570283,1239.59670934
0.4828972,449.07156,0.0010753234,False,100,50,15,0.8217947382570283,1239.59670934
0.82179475,684.6941,0.0012002364,False,100,50,15,0.8217947382570283,1239.59670934
0.7224744,1083.3555,0.0006668858,False,100,50,15,0.8217947382570283,1239.59670934
0.4625823,277.82993,0.0016649837,False,100,50,15,0.8217947382570283,1239.59670934
0.82089275,436.17172,0.0018820403,False,100,50,15,0.8217947382570283,1239.59670934
0.4946935,306.3969,0.0016145512,False,100,50,15,0.8217947382570283,1239.59670934
0.69984484,350.21463,0.0019983312,False,100,50,15,0.8217947382570283,1239.59670934
0.0,68.54232,0.0,False,100,50,15,0.8217947382570283,1239.59670934
0.78242713,389.66318,0.0020079575,False,100,50,15,0.8217947382570283,1239.59670934
0.4884826,300.45776,0.0016257946,False,100,50,15,0.8217947382570283,1239.59670934
0.8054869,405.7931,0.0019849695,False,100,50,15,0.8217947382570283,1239.59670934
0.63256747,1334.8053,0.00047390242,False,100,50,15,0.8217947382570283,1239.59670934
0.68450874,696.8469,0.0009822943,False,100,50,15,0.8217947382570283,1239.59670934
0.0,169.55664,0.0,False,100,50,15,0.8217947382570283,1239.59670934
0.0,195.69232,0.0,False,100,50,15,0.8217947382570283,1239.59670934
0.37737483,498.11276,0.00075760926,False,100,50,15,0.8217947382570283,1239.59670934
0.8213343,432.9014,0.001897278,False,100,50,15,0.8217947382570283,1239.59670934
0.27335167,425.58255,0.0006423,False,100,50,15,0.8217947382570283,1239.59670934
0.6268713,827.17804,0.00075784326,False,100,50,15,0.8217947382570283,1239.59670934
0.7402848,1052.618,0.0007032796,False,100,50,15,0.8217947382570283,1239.59670934
0.41103297,231.50822,0.0017754573,False,100,50,15,0.8217947382570283,1239.59670934
0.52059466,330.7199,0.0015741255,False,100,50,15,0.8217947382570283,1239.59670934
0.7378372,347.43634,0.0021236616,False,100,50,15,0.8217947382570283,1239.59670934
0.82179475,1173.8186,0.0007001037,False,100,50,15,0.8217947382570283,1239.59670934
0.82179475,414.61316,0.0019820759,False,100,50,15,0.8217947382570283,1239.59670934
0.78500265,374.09958,0.002098379,False,100,50,15,0.8217947382570283,1239.59670934
0.4043065,226.91412,0.00178176,False,100,50,15,0.8217947382570283,1239.59670934
0.18734017,433.1509,0.00043250553,False,100,50,15,0.8217947382570283,1239.59670934
0.091244526,372.1665,0.00024517125,False,100,50,15,0.8217947382570283,1239.59670934
0.71952647,1087.6406,0.000661548,False,100,50,15,0.8217947382570283,1239.59670934
0.724387,1036.5381,0.0006988523,False,100,50,15,0.8217947382570283,1239.59670934
0.6423839,1296.8047,0.000495359,False,100,50,15,0.8217947382570283,1239.59670934
0.71092546,1061.5482,0.00066970626,False,100,50,15,0.8217947382570283,1239.59670934
0.022400806,371.27686,6.0334507e-05,False,100,50,15,0.8217947382570283,1239.59670934
0.57470894,543.73865,0.001056958,False,100,50,15,0.8217947382570283,1239.59670934
0.0,176.376,0.0,False,100,50,15,0.8217947382570283,1239.59670934
0.79104906,392.6532,0.0020146254,False,100,50,15,0.8217947382570283,1239.59670934
0.5063013,602.7524,0.00083998224,False,100,50,15,0.8217947382570283,1239.59670934
0.6872597,847.72406,0.0008107115,False,100,50,15,0.8217947382570283,1239.59670934
0.65163326,334.55612,0.0019477548,False,100,50,15,0.8217947382570283,1239.59670934
0.48410586,300.45312,0.0016112525,False,100,50,15,0.8217947382570283,1239.59670934
0.5381385,641.64197,0.0008386897,False,100,50,15,0.8217947382570283,1239.59670934
0.50801,1108.672,0.0004582149,False,100,50,15,0.8217947382570283,1239.59670934
0.4469672,263.97726,0.0016932035,False,100,50,15,0.8217947382570283,1239.59670934
0.0,368.52115,0.0,False,100,50,15,0.8217947382570283,1239.59670934
0.0,7.764724,0.0,False,100,50,15,0.8217947382570283,1239.59670934
0.82179475,1191.597,0.0006896583,False,100,50,15,0.8217947382570283,1239.59670934
0.15341276,232.49387,0.00065985724,False,100,50,15,0.8217947382570283,1239.59670934
0.5576638,681.2393,0.00081860187,False,100,50,15,0.8217947382570283,1239.59670934
0.6599394,1241.0037,0.0005317788,False,100,50,15,0.8217947382570283,1239.59670934
0.8179993,413.1752,0.001979788,False,100,50,15,0.8217947382570283,1239.59670934
0.58733815,833.98706,0.0007042533,False,100,50,15,0.8217947382570283,1239.59670934
0.73131424,807.1063,0.00090609404,False,100,50,15,0.8217947382570283,1239.59670934
0.67566895,925.6547,0.0007299363,False,100,50,15,0.8217947382570283,1239.59670934
0.70786905,338.24014,0.0020928003,False,100,50,15,0.8217947382570283,1239.59670934
0.7225522,1795.7014,0.0004023788,False,100,50,15,0.8217947382570283,1239.59670934
0.82179475,1285.3273,0.00063936616,False,100,50,15,0.8217947382570283,1239.59670934
0.67945427,795.5831,0.00085403305,False,100,50,15,0.8217947382570283,1239.59670934
0.6364728,650.76074,0.0009780442,False,100,50,15,0.8217947382570283,1239.59670934
0.0,7.764724,0.0,False,100,50,15,0.8217947382570283,1239.59670934
0.71868986,1430.1499,0.00050252763,False,100,50,15,0.8217947382570283,1239.59670934
0.6970867,336.23477,0.0020732142,False,100,50,15,0.8217947382570283,1239.59670934
0.52548206,740.3858,0.00070974085,False,100,50,15,0.8217947382570283,1239.59670934
0.44808173,250.71713,0.0017872003,False,100,50,15,0.8217947382570283,1239.59670934
0.46341118,645.5863,0.00071781443,False,100,50,15,0.8217947382570283,1239.59670934
0.27581343,209.63985,0.0013156537,False,100,50,15,0.8217947382570283,1239.59670934
0.82179475,1142.7719,0.0007191241,False,100,50,15,0.8217947382570283,1239.59670934
0.6668762,341.91962,0.0019503888,False,100,50,15,0.8217947382570283,1239.59670934
0.8107812,420.8842,0.001926376,False,100,50,15,0.8217947382570283,1239.59670934
0.762763,904.39795,0.00084339315,False,100,50,15,0.8217947382570283,1239.59670934
0.5220149,519.4895,0.0010048613,False,100,50,15,0.8217947382570283,1239.59670934
0.74718964,898.223,0.00083185313,False,100,50,15,0.8217947382570283,1239.59670934
0.0,138.89563,0.0,False,100,50,15,0.8217947382570283,1239.59670934
0.71876866,1525.2062,0.00047126,False,100,50,15,0.8217947382570283,1239.59670934
0.0,191.31401,0.0,False,100,50,15,0.8217947382570283,1239.59670934
0.08333863,398.7128,0.00020901921,False,100,50,15,0.8217947382570283,1239.59670934
0.51346815,525.67163,0.000976785,False,100,50,15,0.8217947382570283,1239.59670934
0.70480514,719.0211,0.0009802287,False,100,50,15,0.8217947382570283,1239.59670934
0.0,7.764724,0.0,False,100,50,15,0.8217947382570283,1239.59670934
0.3122631,277.9683,0.0011233767,False,100,50,15,0.8217947382570283,1239.59670934
0.8178694,415.13913,0.0019701093,False,100,50,15,0.8217947382570283,1239.59670934
0.49551052,670.8003,0.0007386856,False,100,50,15,0.8217947382570283,1239.59670934
0.7198619,1062.5034,0.00067751494,False,100,50,15,0.8217947382570283,1239.59670934
0.5954839,995.82776,0.0005979788,False,100,50,15,0.8217947382570283,1239.59670934
0.37243772,540.99835,0.0006884267,False,100,50,15,0.8217947382570283,1239.59670934
0.62375194,680.2085,0.0009170011,False,100,50,15,0.8217947382570283,1239.59670934
0.6789125,762.7794,0.0008900509,False,100,50,15,0.8217947382570283,1239.59670934
0.6663274,824.45654,0.00080820196,False,100,50,15,0.8217947382570283,1239.59670934
0.70041114,1147.8542,0.0006101917,False,100,50,15,0.8217947382570283,1239.59670934
0.65953267,314.49817,0.0020970954,False,100,50,15,0.8217947382570283,1239.59670934
0.5506512,332.46695,0.0016562585,False,100,50,15,0.8217947382570283,1239.59670934
0.0,135.54659,0.0,False,100,50,15,0.8217947382570283,1239.59670934
0.71352124,857.74164,0.00083186035,False,100,50,15,0.8217947382570283,1239.59670934
0.6669801,701.25793,0.00095111947,False,100,50,15,0.8217947382570283,1239.59670934
0.7413202,349.54843,0.002120794,False,100,50,15,0.8217947382570283,1239.59670934
0.7140665,354.20236,0.0020159846,False,100,50,15,0.8217947382570283,1239.59670934
0.7965722,400.13474,0.00199076,False,100,50,15,0.8217947382570283,1239.59670934
0.45226339,265.8551,0.001701165,False,100,50,15,0.8217947382570283,1239.59670934
0.82179475,707.8404,0.0011609888,False,100,50,15,0.8217947382570283,1239.59670934
0.0,147.71292,0.0,False,100,50,15,0.8217947382570283,1239.59670934
0.7106297,1140.3595,0.0006231629,False,100,50,15,0.8217947382570283,1239.59670934
0.569242,435.99094,0.0013056281,False,100,50,15,0.8217947382570283,1239.59670934
0.39552853,574.842,0.0006880648,False,100,50,15,0.8217947382570283,1239.59670934
0.67241603,870.9701,0.00077203114,False,100,50,15,0.8217947382570283,1239.59670934
0.6625129,962.9162,0.0006880276,False,100,50,15,0.8217947382570283,1239.59670934
0.38030875,903.1486,0.0004210921,False,100,50,15,0.8217947382570283,1239.59670934
0.43720755,251.51291,0.0017383106,False,100,50,15,0.8217947382570283,1239.59670934
0.56654483,1032.2311,0.00054885464,False,100,50,15,0.8217947382570283,1239.59670934
0.6387685,639.4456,0.0009989411,False,100,50,15,0.8217947382570283,1239.59670934
0.82179475,482.88635,0.0017018388,False,100,50,15,0.8217947382570283,1239.59670934
0.8183163,414.89868,0.001972328,False,100,50,15,0.8217947382570283,1239.59670934
0.82179475,430.38504,0.0019094407,False,100,50,15,0.8217947382570283,1239.59670934
0.62235343,602.3364,0.0010332323,False,100,50,15,0.8217947382570283,1239.59670934
0.7285815,1287.559,0.00056586263,False,100,50,15,0.8217947382570283,1239.59670934
0.40853626,219.4296,0.0018618102,False,100,50,15,0.8217947382570283,1239.59670934
0.3568732,652.0793,0.000547285,False,100,50,15,0.8217947382570283,1239.59670934
0.0,121.699135,0.0,False,100,50,15,0.8217947382570283,1239.59670934
0.60371286,525.10364,0.0011497024,False,100,50,15,0.8217947382570283,1239.59670934
0.32472256,217.07532,0.0014958981,False,100,50,15,0.8217947382570283,1239.59670934
0.6667167,894.81903,0.00074508553,False,100,50,15,0.8217947382570283,1239.59670934
0.56361717,363.3719,0.0015510754,False,100,50,15,0.8217947382570283,1239.59670934
0.30542618,580.0391,0.00052656134,False,100,50,15,0.8217947382570283,1239.59670934
0.49707544,309.33377,0.0016069226,False,100,50,15,0.8217947382570283,1239.59670934
0.62252253,846.6307,0.0007352941,False,100,50,15,0.8217947382570283,1239.59670934
0.7662489,372.213,0.00205863,False,100,50,15,0.8217947382570283,1239.59670934
0.0,210.7955,0.0,False,100,50,15,0.8217947382570283,1239.59670934
0.0,74.837524,0.0,False,100,50,15,0.8217947382570283,1239.59670934
0.7829461,362.55606,0.0021595173,False,100,50,15,0.8217947382570283,1239.59670934
0.0,204.32103,0.0,False,100,50,15,0.8217947382570283,1239.59670934
0.44596392,272.36453,0.0016373788,False,100,50,15,0.8217947382570283,1239.59670934
0.82179475,1523.8308,0.00053929526,False,100,50,15,0.8217947382570283,1239.59670934
0.0,165.68718,0.0,False,100,50,15,0.8217947382570283,1239.59670934
0.698888,331.25528,0.002109817,False,100,50,15,0.8217947382570283,1239.59670934
0.61405355,655.4039,0.00093690865,False,100,50,15,0.8217947382570283,1239.59670934
0.1980636,223.02179,0.0008880908,False,100,50,15,0.8217947382570283,1239.59670934
0.10876828,332.81375,0.00032681425,False,100,50,15,0.8217947382570283,1239.59670934
0.7532529,410.08563,0.0018368186,False,100,50,15,0.8217947382570283,1239.59670934
0.6522251,851.6526,0.00076583464,False,100,50,15,0.8217947382570283,1239.59670934
0.435211,634.7677,0.00068562245,False,100,50,15,0.8217947382570283,1239.59670934
0.63731503,627.97974,0.0010148656,False,100,50,15,0.8217947382570283,1239.59670934
0.5153816,292.35123,0.0017628849,False,100,50,15,0.8217947382570283,1239.59670934
0.46110415,242.28482,0.0019031492,False,100,50,15,0.8217947382570283,1239.59670934
0.7601983,366.88586,0.0020720293,False,100,50,15,0.8217947382570283,1239.59670934
0.7797563,381.555,0.0020436277,False,100,50,15,0.8217947382570283,1239.59670934
0.82179475,462.92084,0.0017752382,False,100,50,15,0.8217947382570283,1239.59670934
0.0,143.77795,0.0,False,100,50,15,0.8217947382570283,1239.59670934
0.7880216,1051.0197,0.0007497687,False,100,50,15,0.8217947382570283,1239.59670934
0.48482695,636.611,0.0007615749,False,100,50,15,0.8217947382570283,1239.59670934
0.801136,1614.3213,0.00049626804,False,100,50,15,0.8217947382570283,1239.59670934
0.71635425,999.7942,0.00071650173,False,100,50,15,0.8217947382570283,1239.59670934
0.21285196,386.02542,0.0005513936,False,100,50,15,0.8217947382570283,1239.59670934
0.6093836,1039.9607,0.0005859679,False,100,50,15,0.8217947382570283,1239.59670934
0.07355273,189.79927,0.00038752903,False,100,50,15,0.8217947382570283,1239.59670934
0.7399773,903.6936,0.0008188365,False,100,50,15,0.8217947382570283,1239.59670934
0.7183481,678.42633,0.0010588446,False,100,50,15,0.8217947382570283,1239.59670934
0.0,159.07056,0.0,False,100,50,15,0.8217947382570283,1239.59670934
0.7838934,391.06134,0.002004528,False,100,50,15,0.8217947382570283,1239.59670934
0.5959374,726.18494,0.00082064135,False,100,50,15,0.8217947382570283,1239.59670934
0.7102625,726.74274,0.0009773232,False,100,50,15,0.8217947382570283,1239.59670934
0.70222974,794.16064,0.0008842414,False,100,50,15,0.8217947382570283,1239.59670934
0.0,7.764724,0.0,False,100,50,15,0.8217947382570283,1239.59670934
0.6847021,905.4763,0.0007561789,False,100,50,15,0.8217947382570283,1239.59670934
0.42509252,224.61401,0.0018925468,False,100,50,15,0.8217947382570283,1239.59670934
0.64115226,365.29672,0.0017551547,False,100,50,15,0.8217947382570283,1239.59670934
0.61199266,857.09106,0.0007140346,False,100,50,15,0.8217947382570283,1239.59670934
0.64942807,323.42084,0.002007997,False,100,50,15,0.8217947382570283,1239.59670934
0.69592136,1051.8557,0.00066161295,False,100,50,15,0.8217947382570283,1239.59670934
0.6769553,552.5777,0.0012250862,False,100,50,15,0.8217947382570283,1239.59670934
0.58767426,1027.3633,0.0005720219,False,100,50,15,0.8217947382570283,1239.59670934
0.6545321,698.09766,0.00093759387,False,100,50,15,0.8217947382570283,1239.59670934
0.82179475,1507.5608,0.0005451155,False,100,50,15,0.8217947382570283,1239.59670934
0.4481015,243.57187,0.0018397096,False,100,50,15,0.8217947382570283,1239.59670934
0.6212882,326.0727,0.0019053671,False,100,50,15,0.8217947382570283,1239.59670934
0.7889591,395.36935,0.0019954988,False,100,50,15,0.8217947382570283,1239.59670934
0.44509825,240.27863,0.0018524255,False,100,50,15,0.8217947382570283,1239.59670934
0.38213453,566.5238,0.0006745251,False,100,50,15,0.8217947382570283,1239.59670934
0.5342079,825.054,0.0006474823,False,100,50,15,0.8217947382570283,1239.59670934
0.46128637,258.19818,0.0017865594,False,100,50,15,0.8217947382570283,1239.59670934
0.82179475,773.102,0.0010629836,False,100,50,15,0.8217947382570283,1239.59670934
0.7442506,369.39334,0.0020147916,False,100,50,15,0.8217947382570283,1239.59670934
0.5771234,541.2019,0.0010663735,False,100,50,15,0.8217947382570283,1239.59670934
0.8159027,418.37787,0.0019501575,False,100,50,15,0.8217947382570283,1239.59670934
0.13543673,458.38745,0.00029546343,False,100,50,15,0.8217947382570283,1239.59670934
0.82179475,1774.746,0.00046304922,False,100,50,15,0.8217947382570283,1239.59670934
0.66274446,853.08246,0.00077688205,False,100,50,15,0.8217947382570283,1239.59670934
0.7856634,391.87805,0.0020048672,False,100,50,15,0.8217947382570283,1239.59670934
0.6298182,824.7227,0.0007636727,False,100,50,15,0.8217947382570283,1239.59670934
0.0,12.012757,0.0,False,100,50,15,0.8217947382570283,1239.59670934
0.47334194,268.0937,0.0017655841,False,100,50,15,0.8217947382570283,1239.59670934
0.51070786,303.46393,0.0016829277,False,100,50,15,0.8217947382570283,1239.59670934
0.6889104,346.74677,0.0019867825,False,100,50,15,0.8217947382570283,1239.59670934
0.4683888,532.37146,0.0008798158,False,100,50,15,0.8217947382570283,1239.59670934
0.8200511,425.02045,0.0019294391,False,100,50,15,0.8217947382570283,1239.59670934
0.0,1085.6381,0.0,False,100,50,15,0.8217947382570283,1239.59670934
0.38385206,513.6137,0.0007473556,False,100,50,15,0.8217947382570283,1239.59670934
0.56284225,339.66937,0.0016570297,False,100,50,15,0.8217947382570283,1239.59670934
0.82179475,1065.1036,0.00077156315,False,100,50,15,0.8217947382570283,1239.59670934
0.5045608,296.22733,0.0017032893,False,100,50,15,0.8217947382570283,1239.59670934
0.82179475,1026.8562,0.00080030167,False,100,50,15,0.8217947382570283,1239.59670934
0.3365383,483.37003,0.0006962333,False,100,50,15,0.8217947382570283,1239.59670934
0.80921996,389.80554,0.002075958,False,100,50,15,0.8217947382570283,1239.59670934
0.82179475,628.6814,0.001307172,False,100,50,15,0.8217947382570283,1239.59670934
0.66881776,354.95007,0.0018842587,False,100,50,15,0.8217947382570283,1239.59670934
0.82179475,1420.8016,0.0005784022,False,100,50,15,0.8217947382570283,1239.59670934
0.5936569,518.2872,0.0011454208,False,100,50,15,0.8217947382570283,1239.59670934
0.65426874,334.69788,0.001954804,False,100,50,15,0.8217947382570283,1239.59670934
0.82179475,411.7474,0.001995871,False,100,50,15,0.8217947382570283,1239.59670934
0.5188207,284.74167,0.0018220751,False,100,50,15,0.8217947382570283,1239.59670934
0.0,188.59802,0.0,False,100,50,15,0.8217947382570283,1239.59670934
0.5027469,399.01828,0.0012599595,False,100,50,15,0.8217947382570283,1239.59670934
0.0,133.48132,0.0,False,100,50,15,0.8217947382570283,1239.59670934
0.75399786,1234.413,0.00061081495,False,100,50,15,0.8217947382570283,1239.59670934
0.67231256,750.85077,0.00089540106,False,100,50,15,0.8217947382570283,1239.59670934
0.6160005,735.5649,0.00083745224,False,100,50,15,0.8217947382570283,1239.59670934
0.33057645,406.56415,0.00081309787,False,100,50,15,0.8217947382570283,1239.59670934
0.7778865,361.00272,0.002154794,False,100,50,15,0.8217947382570283,1239.59670934
0.46365505,246.3349,0.0018822142,False,100,50,15,0.8217947382570283,1239.59670934
0.0,164.71275,0.0,False,100,50,15,0.8217947382570283,1239.59670934
0.0,112.2334,0.0,False,100,50,15,0.8217947382570283,1239.59670934
0.0,207.31111,0.0,False,100,50,15,0.8217947382570283,1239.59670934
0.4403466,226.60535,0.0019432313,False,100,50,15,0.8217947382570283,1239.59670934
0.519339,278.79382,0.0018628067,False,100,50,15,0.8217947382570283,1239.59670934
0.12857696,311.76154,0.00041242086,False,100,50,15,0.8217947382570283,1239.59670934
0.54604506,264.30942,0.0020659312,False,100,50,15,0.8217947382570283,1239.59670934
0.53882724,731.9043,0.000736199,False,100,50,15,0.8217947382570283,1239.59670934
0.69505364,348.5192,0.0019943053,False,100,50,15,0.8217947382570283,1239.59670934
0.5113827,739.1573,0.00069184555,False,100,50,15,0.8217947382570283,1239.59670934
0.0,7.764724,0.0,False,100,50,15,0.8217947382570283,1239.59670934
0.57142806,545.396,0.0010477306,False,100,50,15,0.8217947382570283,1239.59670934
0.65120876,598.12524,0.0010887499,False,100,50,15,0.8217947382570283,1239.59670934
0.49057838,227.99211,0.002151734,False,100,50,15,0.8217947382570283,1239.59670934
0.5727661,286.50732,0.0019991326,False,100,50,15,0.8217947382570283,1239.59670934
0.73181605,339.99664,0.0021524215,False,100,50,15,0.8217947382570283,1239.59670934
0.7873018,364.20908,0.0021616754,False,100,50,15,0.8217947382570283,1239.59670934
0.0,20.90841,0.0,False,100,50,15,0.8217947382570283,1239.59670934
0.70023996,571.882,0.0012244483,False,100,50,15,0.8217947382570283,1239.59670934
0.49008402,235.13373,0.0020842778,False,100,50,15,0.8217947382570283,1239.59670934
0.82179475,472.5595,0.0017390291,False,100,50,15,0.8217947382570283,1239.59670934
0.46970567,202.66953,0.002317594,False,100,50,15,0.8217947382570283,1239.59670934
0.68727857,950.90674,0.00072276127,False,100,50,15,0.8217947382570283,1239.59670934
0.0,184.97359,0.0,False,100,50,15,0.8217947382570283,1239.59670934
0.55815935,739.2699,0.0007550143,False,100,50,15,0.8217947382570283,1239.59670934
0.07497023,288.41788,0.00025993615,False,100,50,15,0.8217947382570283,1239.59670934
0.53802043,261.11707,0.002060457,False,100,50,15,0.8217947382570283,1239.59670934
0.82179475,1194.2756,0.00068811147,False,100,50,15,0.8217947382570283,1239.59670934
0.82179475,505.01147,0.0016272793,False,100,50,15,0.8217947382570283,1239.59670934
0.63513184,867.12946,0.0007324533,False,100,50,15,0.8217947382570283,1239.59670934
0.6451102,317.08313,0.0020345144,False,100,50,15,0.8217947382570283,1239.59670934
0.82179475,983.9637,0.0008351881,False,100,50,15,0.8217947382570283,1239.59670934
0.82179475,1188.2429,0.000691605,False,100,50,15,0.8217947382570283,1239.59670934
0.4506259,555.1714,0.0008116879,False,100,50,15,0.8217947382570283,1239.59670934
0.0,14.873603,0.0,False,100,50,15,0.8217947382570283,1239.59670934
0.5134219,231.92053,0.0022137838,False,100,50,15,0.8217947382570283,1239.59670934
0.7326679,850.87286,0.00086107804,False,100,50,15,0.8217947382570283,1239.59670934
0.82179475,422.98712,0.0019428363,False,100,50,15,0.8217947382570283,1239.59670934
0.12185854,340.96198,0.00035739626,False,100,50,15,0.8217947382570283,1239.59670934
0.775257,359.19424,0.0021583224,False,100,50,15,0.8217947382570283,1239.59670934
0.7737712,1518.6179,0.0005095233,False,100,50,15,0.8217947382570283,1239.59670934
0.18418536,329.03174,0.00055977993,False,100,50,15,0.8217947382570283,1239.59670934
0.5264493,1186.0897,0.00044385286,False,100,50,15,0.8217947382570283,1239.59670934
0.73468435,353.65616,0.0020773972,False,100,50,15,0.8217947382570283,1239.59670934
0.34790528,288.06464,0.0012077334,False,100,50,15,0.8217947382570283,1239.59670934
0.81474304,394.96643,0.002062816,False,100,50,15,0.8217947382570283,1239.59670934
0.0,29.118504,0.0,False,100,50,15,0.8217947382570283,1239.59670934
0.52108806,566.6046,0.0009196679,False,100,50,15,0.8217947382570283,1239.59670934
0.5695525,274.68076,0.002073507,False,100,50,15,0.8217947382570283,1239.59670934
0.53955084,602.83276,0.00089502573,False,100,50,15,0.8217947382570283,1239.59670934
0.23556475,443.99377,0.0005305587,False,100,50,15,0.8217947382570283,1239.59670934
0.0,192.94803,0.0,False,100,50,15,0.8217947382570283,1239.59670934
0.107443646,451.90613,0.00023775655,False,100,50,15,0.8217947382570283,1239.59670934
0.5142781,439.1501,0.001171076,False,100,50,15,0.8217947382570283,1239.59670934
0.48839286,569.2022,0.0008580305,False,100,50,15,0.8217947382570283,1239.59670934
0.40978926,487.12564,0.00084123935,False,100,50,15,0.8217947382570283,1239.59670934
0.5410812,581.40485,0.00093064446,False,100,50,15,0.8217947382570283,1239.59670934
0.4158359,791.8713,0.00052513066,False,100,50,15,0.8217947382570283,1239.59670934
0.80137956,383.4422,0.002089962,False,100,50,15,0.8217947382570283,1239.59670934
0.5432776,656.21844,0.0008278914,False,100,50,15,0.8217947382570283,1239.59670934
0.20106803,700.8618,0.00028688685,False,100,50,15,0.8217947382570283,1239.59670934
0.82179475,634.63776,0.0012949037,False,100,50,15,0.8217947382570283,1239.59670934
0.5166433,655.36066,0.0007883343,False,100,50,15,0.8217947382570283,1239.59670934
0.52643615,214.4845,0.0024544252,False,100,50,15,0.8217947382570283,1239.59670934
0.82179475,1218.8851,0.00067421835,False,100,50,15,0.8217947382570283,1239.59670934
0.7744858,833.7204,0.00092895154,False,100,50,15,0.8217947382570283,1239.59670934
0.82179475,884.89124,0.0009286958,False,100,50,15,0.8217947382570283,1239.59670934
0.5688174,278.70163,0.0020409545,False,100,50,15,0.8217947382570283,1239.59670934
0.618529,844.95996,0.0007320217,False,100,50,15,0.8217947382570283,1239.59670934
0.5905065,737.5131,0.0008006725,False,100,50,15,0.8217947382570283,1239.59670934
0.39736432,471.8452,0.0008421497,False,100,50,15,0.8217947382570283,1239.59670934
0.6875413,977.1785,0.00070359843,False,100,50,15,0.8217947382570283,1239.59670934
0.60333514,577.1501,0.0010453695,False,100,50,15,0.8217947382570283,1239.59670934
0.69326144,343.89548,0.0020159073,False,100,50,15,0.8217947382570283,1239.59670934
0.7972966,381.249,0.0020912753,False,100,50,15,0.8217947382570283,1239.59670934
0.82143885,407.89856,0.0020138312,False,100,50,15,0.8217947382570283,1239.59670934
0.7603457,1387.9386,0.0005478237,False,100,50,15,0.8217947382570283,1239.59670934
0.70141435,969.02386,0.000723836,False,100,50,15,0.8217947382570283,1239.59670934
0.7833731,1093.0034,0.00071671605,False,100,50,15,0.8217947382570283,1239.59670934
0.7297402,354.42075,0.0020589659,False,100,50,15,0.8217947382570283,1239.59670934
0.61522216,331.93692,0.0018534309,False,100,50,15,0.8217947382570283,1239.59670934
0.5929758,958.5754,0.0006186011,False,100,50,15,0.8217947382570283,1239.59670934
0.693711,549.37366,0.0012627307,False,100,50,15,0.8217947382570283,1239.59670934
0.0,13.148072,0.0,False,100,50,15,0.8217947382570283,1239.59670934
0.5031451,508.8896,0.0009887117,False,100,50,15,0.8217947382570283,1239.59670934
0.729777,1088.6012,0.0006703805,False,100,50,15,0.8217947382570283,1239.59670934
0.1723065,336.84952,0.0005115236,False,100,50,15,0.8217947382570283,1239.59670934
0.82179475,809.4242,0.0010152832,False,100,50,15,0.8217947382570283,1239.59670934
0.5751671,280.53616,0.0020502424,False,100,50,15,0.8217947382570283,1239.59670934
0.7160798,349.5695,0.002048462,False,100,50,15,0.8217947382570283,1239.59670934
0.7805415,372.88324,0.0020932597,False,100,50,15,0.8217947382570283,1239.59670934
0.4765109,177.89618,0.00267859,True,100,50,15,0.8217947382570283,1239.59670934
0.82179475,1038.5879,0.0007912616,False,100,50,15,0.8217947382570283,1239.59670934
0.82179475,843.19977,0.0009746145,False,100,50,15,0.8217947382570283,1239.59670934
0.5839571,566.09546,0.0010315523,False,100,50,15,0.8217947382570283,1239.59670934
0.0,7.764724,0.0,False,100,50,15,0.8217947382570283,1239.59670934
0.82179475,1138.1699,0.0007220317,False,100,50,15,0.8217947382570283,1239.59670934
0.82179475,1260.3232,0.0006520508,False,100,50,15,0.8217947382570283,1239.59670934
0.6224274,820.1794,0.0007588918,False,100,50,15,0.8217947382570283,1239.59670934
0.0,66.520355,0.0,False,100,50,15,0.8217947382570283,1239.59670934
0.557651,611.11487,0.00091251417,False,100,50,15,0.8217947382570283,1239.59670934
0.47707307,505.6124,0.0009435549,False,100,50,15,0.8217947382570283,1239.59670934
0.5822144,290.79422,0.0020021526,False,100,50,15,0.8217947382570283,1239.59670934
0.0,7.764724,0.0,False,100,50,15,0.8217947382570283,1239.59670934
0.80502623,387.85834,0.0020755676,False,100,50,15,0.8217947382570283,1239.59670934
0.82179475,1220.5145,0.0006733183,False,100,50,15,0.8217947382570283,1239.59670934
0.6260347,836.83655,0.00074809673,False,100,50,15,0.8217947382570283,1239.59670934
0.5779054,733.21277,0.0007881824,False,100,50,15,0.8217947382570283,1239.59670934
0.55777395,671.2314,0.00083097117,False,100,50,15,0.8217947382570283,1239.59670934
0.82179475,712.5988,0.0011532361,False,100,50,15,0.8217947382570283,1239.59670934
0.6441059,330.5798,0.0019484127,False,100,50,15,0.8217947382570283,1239.59670934
0.15558518,366.6433,0.00042435026,False,100,50,15,0.8217947382570283,1239.59670934
0.74670786,1200.4043,0.000622047,False,100,50,15,0.8217947382570283,1239.59670934
0.5948263,869.9186,0.0006837724,False,100,50,15,0.8217947382570283,1239.59670934
0.53974175,795.5539,0.0006784478,False,100,50,15,0.8217947382570283,1239.59670934
0.70847625,696.1305,0.0010177349,False,100,50,15,0.8217947382570283,1239.59670934
0.54467916,698.3648,0.000779935,False,100,50,15,0.8217947382570283,1239.59670934
0.82179475,1133.9596,0.00072471256,False,100,50,15,0.8217947382570283,1239.59670934
0.82179475,770.4659,0.0010666206,False,100,50,15,0.8217947382570283,1239.59670934
0.54871213,183.42245,0.002991521,True,100,50,15,0.8217947382570283,1239.59670934
0.82179475,450.58145,0.0018238539,False,100,50,15,0.8217947382570283,1239.59670934
0.65020066,724.95557,0.0008968835,False,100,50,15,0.8217947382570283,1239.59670934
0.7385661,1125.2183,0.00065637584,False,100,50,15,0.8217947382570283,1239.59670934
0.7125318,688.4658,0.001034956,False,100,50,15,0.8217947382570283,1239.59670934
0.62542814,1142.2109,0.00054755923,False,100,50,15,0.8217947382570283,1239.59670934
0.6784966,980.4095,0.0006920543,False,100,50,15,0.8217947382570283,1239.59670934
0.55674815,225.36641,0.0024704132,True,100,50,15,0.8217947382570283,1239.59670934
0.65843785,723.8376,0.0009096486,False,100,50,15,0.8217947382570283,1239.59670934
0.7505556,663.6274,0.0011309895,False,100,50,15,0.8217947382570283,1239.59670934
0.5709387,259.05637,0.002203917,True,100,50,15,0.8217947382570283,1239.59670934
0.6183858,330.44675,0.0018713629,False,100,50,15,0.8217947382570283,1239.59670934
0.7679594,1126.6565,0.00068162696,False,100,50,15,0.8217947382570283,1239.59670934
0.69904506,703.6631,0.0009934371,False,100,50,15,0.8217947382570283,1239.59670934
0.7443544,357.88864,0.0020798494,False,100,50,15,0.8217947382570283,1239.59670934
0.8003011,382.79013,0.0020907046,False,100,50,15,0.8217947382570283,1239.59670934
0.82179475,446.25278,0.0018415455,False,100,50,15,0.8217947382570283,1239.59670934
0.0,30.0616,0.0,False,100,50,15,0.8217947382570283,1239.59670934
0.1431856,336.0396,0.0004260974,False,100,50,15,0.8217947382570283,1239.59670934
0.82179475,650.61005,0.0012631142,False,100,50,15,0.8217947382570283,1239.59670934
0.82179475,1210.7388,0.0006787548,False,100,50,15,0.8217947382570283,1239.59670934
0.19860318,305.83475,0.00064938073,False,100,50,15,0.8217947382570283,1239.59670934
0.5350573,601.1846,0.00089000503,False,100,50,15,0.8217947382570283,1239.59670934
0.59525675,1139.9161,0.00052219344,False,100,50,15,0.8217947382570283,1239.59670934
0.601908,781.2454,0.0007704468,False,100,50,15,0.8217947382570283,1239.59670934
0.51215863,722.1546,0.0007092091,False,100,50,15,0.8217947382570283,1239.59670934
0.82179475,865.2471,0.00094978046,False,100,50,15,0.8217947382570283,1239.59670934
0.55263627,336.945,0.0016401379,False,100,50,15,0.8217947382570283,1239.59670934
0.025908986,368.9692,7.021992e-05,False,100,50,15,0.8217947382570283,1239.59670934
